2026-05-16 16:25:23,074 - INFO - Request Started | Method=GET Path=/docs
2026-05-16 16:25:23,076 - INFO - Request Completed | Method=GET Path=/docs Status=200 Time=0.0022s
2026-05-16 16:25:23,756 - INFO - Request Started | Method=GET Path=/openapi.json
2026-05-16 16:25:23,787 - INFO - Request Completed | Method=GET Path=/openapi.json Status=200 Time=0.0311s
2026-05-19 17:47:16,529 - INFO - Request Started | Method=GET Path=/docs
2026-05-19 17:47:16,531 - INFO - Request Completed | Method=GET Path=/docs Status=200 Time=0.0014s
2026-05-19 17:47:17,140 - INFO - Request Started | Method=GET Path=/openapi.json
2026-05-19 17:47:17,162 - INFO - Request Completed | Method=GET Path=/openapi.json Status=200 Time=0.0227s
2026-05-19 17:50:19,942 - INFO - Request Started | Method=POST Path=/ai/chat
2026-05-19 17:50:22,732 - INFO - Request Completed | Method=POST Path=/ai/chat Status=200 Time=2.7916s
2026-05-19 17:54:28,621 - INFO - Request Started | Method=GET Path=/docs
2026-05-19 17:54:28,622 - INFO - Request Completed | Method=GET Path=/docs Status=200 Time=0.0014s
2026-05-19 17:54:28,830 - INFO - Request Started | Method=GET Path=/openapi.json
2026-05-19 17:54:28,849 - INFO - Request Completed | Method=GET Path=/openapi.json Status=200 Time=0.0185s
2026-05-19 17:55:27,125 - INFO - Request Started | Method=POST Path=/ai/chat
2026-05-19 17:55:27,200 - ERROR - Request Failed | Method=POST Path=/ai/chat Time=0.0743s Error=(sqlite3.OperationalError) no such column: students.version
[SQL: SELECT students.student_id AS students_student_id, students.name AS students_name, students.total_marks AS students_total_marks, students.percentage AS students_percentage, students.grade AS students_grade, students.version AS students_version 
FROM students]
(Background on this error at: https://sqlalche.me/e/20/e3q8)
Traceback (most recent call last):
  File "C:\Users\Lenovo\OneDrive\Desktop\managment system\venv\Lib\site-packages\sqlalchemy\engine\base.py", line 1967, in _exec_single_context
    self.dialect.do_execute(
    ~~~~~~~~~~~~~~~~~~~~~~~^
        cursor, str_statement, effective_parameters, context
        ^^^^^^^^^^^^^^^^^^^^^^^^^^^^^^^^^^^^^^^^^^^^^^^^^^^^
    )
    ^
  File "C:\Users\Lenovo\OneDrive\Desktop\managment system\venv\Lib\site-packages\sqlalchemy\engine\default.py", line 952, in do_execute
    cursor.execute(statement, parameters)
    ~~~~~~~~~~~~~~^^^^^^^^^^^^^^^^^^^^^^^
sqlite3.OperationalError: no such column: students.version

The above exception was the direct cause of the following exception:

Traceback (most recent call last):
  File "C:\Users\Lenovo\OneDrive\Desktop\managment system\middleware\logging_middleware.py", line 24, in dispatch
    response = await call_next(request)
               ^^^^^^^^^^^^^^^^^^^^^^^^
  File "C:\Users\Lenovo\OneDrive\Desktop\managment system\venv\Lib\site-packages\starlette\middleware\base.py", line 168, in call_next
    raise app_exc from app_exc.__cause__ or app_exc.__context__
  File "C:\Users\Lenovo\OneDrive\Desktop\managment system\venv\Lib\site-packages\starlette\middleware\base.py", line 144, in coro
    await self.app(scope, receive_or_disconnect, send_no_error)
  File "C:\Users\Lenovo\OneDrive\Desktop\managment system\venv\Lib\site-packages\starlette\middleware\exceptions.py", line 63, in __call__
    await wrap_app_handling_exceptions(self.app, conn)(scope, receive, send)
  File "C:\Users\Lenovo\OneDrive\Desktop\managment system\venv\Lib\site-packages\starlette\_exception_handler.py", line 53, in wrapped_app
    raise exc
  File "C:\Users\Lenovo\OneDrive\Desktop\managment system\venv\Lib\site-packages\starlette\_exception_handler.py", line 42, in wrapped_app
    await app(scope, receive, sender)
  File "C:\Users\Lenovo\OneDrive\Desktop\managment system\venv\Lib\site-packages\fastapi\middleware\asyncexitstack.py", line 18, in __call__
    await self.app(scope, receive, send)
  File "C:\Users\Lenovo\OneDrive\Desktop\managment system\venv\Lib\site-packages\starlette\routing.py", line 660, in __call__
    await self.middleware_stack(scope, receive, send)
  File "C:\Users\Lenovo\OneDrive\Desktop\managment system\venv\Lib\site-packages\starlette\routing.py", line 680, in app
    await route.handle(scope, receive, send)
  File "C:\Users\Lenovo\OneDrive\Desktop\managment system\venv\Lib\site-packages\starlette\routing.py", line 276, in handle
    await self.app(scope, receive, send)
  File "C:\Users\Lenovo\OneDrive\Desktop\managment system\venv\Lib\site-packages\fastapi\routing.py", line 134, in app
    await wrap_app_handling_exceptions(app, request)(scope, receive, send)
  File "C:\Users\Lenovo\OneDrive\Desktop\managment system\venv\Lib\site-packages\starlette\_exception_handler.py", line 53, in wrapped_app
    raise exc
  File "C:\Users\Lenovo\OneDrive\Desktop\managment system\venv\Lib\site-packages\starlette\_exception_handler.py", line 42, in wrapped_app
    await app(scope, receive, sender)
  File "C:\Users\Lenovo\OneDrive\Desktop\managment system\venv\Lib\site-packages\fastapi\routing.py", line 120, in app
    response = await f(request)
               ^^^^^^^^^^^^^^^^
  File "C:\Users\Lenovo\OneDrive\Desktop\managment system\venv\Lib\site-packages\fastapi\routing.py", line 674, in app
    raw_response = await run_endpoint_function(
                   ^^^^^^^^^^^^^^^^^^^^^^^^^^^^
    ...<3 lines>...
    )
    ^
  File "C:\Users\Lenovo\OneDrive\Desktop\managment system\venv\Lib\site-packages\fastapi\routing.py", line 330, in run_endpoint_function
    return await run_in_threadpool(dependant.call, **values)
           ^^^^^^^^^^^^^^^^^^^^^^^^^^^^^^^^^^^^^^^^^^^^^^^^^
  File "C:\Users\Lenovo\OneDrive\Desktop\managment system\venv\Lib\site-packages\starlette\concurrency.py", line 32, in run_in_threadpool
    return await anyio.to_thread.run_sync(func)
           ^^^^^^^^^^^^^^^^^^^^^^^^^^^^^^^^^^^^
  File "C:\Users\Lenovo\OneDrive\Desktop\managment system\venv\Lib\site-packages\anyio\to_thread.py", line 63, in run_sync
    return await get_async_backend().run_sync_in_worker_thread(
           ^^^^^^^^^^^^^^^^^^^^^^^^^^^^^^^^^^^^^^^^^^^^^^^^^^^^
        func, args, abandon_on_cancel=abandon_on_cancel, limiter=limiter
        ^^^^^^^^^^^^^^^^^^^^^^^^^^^^^^^^^^^^^^^^^^^^^^^^^^^^^^^^^^^^^^^^
    )
    ^
  File "C:\Users\Lenovo\OneDrive\Desktop\managment system\venv\Lib\site-packages\anyio\_backends\_asyncio.py", line 2518, in run_sync_in_worker_thread
    return await future
           ^^^^^^^^^^^^
  File "C:\Users\Lenovo\OneDrive\Desktop\managment system\venv\Lib\site-packages\anyio\_backends\_asyncio.py", line 1002, in run
    result = context.run(func, *args)
  File "C:\Users\Lenovo\OneDrive\Desktop\managment system\app\api.py", line 421, in chat_with_ai
    students = service.get_all_students()
  File "C:\Users\Lenovo\OneDrive\Desktop\managment system\services\student_service.py", line 220, in get_all_students
    .all()
     ~~~^^
  File "C:\Users\Lenovo\OneDrive\Desktop\managment system\venv\Lib\site-packages\sqlalchemy\orm\query.py", line 2711, in all
    return self._iter().all()  # type: ignore
           ~~~~~~~~~~^^
  File "C:\Users\Lenovo\OneDrive\Desktop\managment system\venv\Lib\site-packages\sqlalchemy\orm\query.py", line 2864, in _iter
    result: Union[ScalarResult[_T], Result[_T]] = self.session.execute(
                                                  ~~~~~~~~~~~~~~~~~~~~^
        statement,
        ^^^^^^^^^^
        params,
        ^^^^^^^
        execution_options={"_sa_orm_load_options": self.load_options},
        ^^^^^^^^^^^^^^^^^^^^^^^^^^^^^^^^^^^^^^^^^^^^^^^^^^^^^^^^^^^^^^
    )
    ^
  File "C:\Users\Lenovo\OneDrive\Desktop\managment system\venv\Lib\site-packages\sqlalchemy\orm\session.py", line 2351, in execute
    return self._execute_internal(
           ~~~~~~~~~~~~~~~~~~~~~~^
        statement,
        ^^^^^^^^^^
    ...<4 lines>...
        _add_event=_add_event,
        ^^^^^^^^^^^^^^^^^^^^^^
    )
    ^
  File "C:\Users\Lenovo\OneDrive\Desktop\managment system\venv\Lib\site-packages\sqlalchemy\orm\session.py", line 2249, in _execute_internal
    result: Result[Any] = compile_state_cls.orm_execute_statement(
                          ~~~~~~~~~~~~~~~~~~~~~~~~~~~~~~~~~~~~~~~^
        self,
        ^^^^^
    ...<4 lines>...
        conn,
        ^^^^^
    )
    ^
  File "C:\Users\Lenovo\OneDrive\Desktop\managment system\venv\Lib\site-packages\sqlalchemy\orm\context.py", line 306, in orm_execute_statement
    result = conn.execute(
        statement, params or {}, execution_options=execution_options
    )
  File "C:\Users\Lenovo\OneDrive\Desktop\managment system\venv\Lib\site-packages\sqlalchemy\engine\base.py", line 1419, in execute
    return meth(
        self,
        distilled_parameters,
        execution_options or NO_OPTIONS,
    )
  File "C:\Users\Lenovo\OneDrive\Desktop\managment system\venv\Lib\site-packages\sqlalchemy\sql\elements.py", line 527, in _execute_on_connection
    return connection._execute_clauseelement(
           ~~~~~~~~~~~~~~~~~~~~~~~~~~~~~~~~~^
        self, distilled_params, execution_options
        ^^^^^^^^^^^^^^^^^^^^^^^^^^^^^^^^^^^^^^^^^
    )
    ^
  File "C:\Users\Lenovo\OneDrive\Desktop\managment system\venv\Lib\site-packages\sqlalchemy\engine\base.py", line 1641, in _execute_clauseelement
    ret = self._execute_context(
        dialect,
    ...<8 lines>...
        cache_hit=cache_hit,
    )
  File "C:\Users\Lenovo\OneDrive\Desktop\managment system\venv\Lib\site-packages\sqlalchemy\engine\base.py", line 1846, in _execute_context
    return self._exec_single_context(
           ~~~~~~~~~~~~~~~~~~~~~~~~~^
        dialect, context, statement, parameters
        ^^^^^^^^^^^^^^^^^^^^^^^^^^^^^^^^^^^^^^^
    )
    ^
  File "C:\Users\Lenovo\OneDrive\Desktop\managment system\venv\Lib\site-packages\sqlalchemy\engine\base.py", line 1986, in _exec_single_context
    self._handle_dbapi_exception(
    ~~~~~~~~~~~~~~~~~~~~~~~~~~~~^
        e, str_statement, effective_parameters, cursor, context
        ^^^^^^^^^^^^^^^^^^^^^^^^^^^^^^^^^^^^^^^^^^^^^^^^^^^^^^^
    )
    ^
  File "C:\Users\Lenovo\OneDrive\Desktop\managment system\venv\Lib\site-packages\sqlalchemy\engine\base.py", line 2363, in _handle_dbapi_exception
    raise sqlalchemy_exception.with_traceback(exc_info[2]) from e
  File "C:\Users\Lenovo\OneDrive\Desktop\managment system\venv\Lib\site-packages\sqlalchemy\engine\base.py", line 1967, in _exec_single_context
    self.dialect.do_execute(
    ~~~~~~~~~~~~~~~~~~~~~~~^
        cursor, str_statement, effective_parameters, context
        ^^^^^^^^^^^^^^^^^^^^^^^^^^^^^^^^^^^^^^^^^^^^^^^^^^^^
    )
    ^
  File "C:\Users\Lenovo\OneDrive\Desktop\managment system\venv\Lib\site-packages\sqlalchemy\engine\default.py", line 952, in do_execute
    cursor.execute(statement, parameters)
    ~~~~~~~~~~~~~~^^^^^^^^^^^^^^^^^^^^^^^
sqlalchemy.exc.OperationalError: (sqlite3.OperationalError) no such column: students.version
[SQL: SELECT students.student_id AS students_student_id, students.name AS students_name, students.total_marks AS students_total_marks, students.percentage AS students_percentage, students.grade AS students_grade, students.version AS students_version 
FROM students]
(Background on this error at: https://sqlalche.me/e/20/e3q8)
2026-05-19 17:55:27,447 - ERROR - (sqlite3.OperationalError) no such column: students.version
[SQL: SELECT students.student_id AS students_student_id, students.name AS students_name, students.total_marks AS students_total_marks, students.percentage AS students_percentage, students.grade AS students_grade, students.version AS students_version 
FROM students]
(Background on this error at: https://sqlalche.me/e/20/e3q8)
Traceback (most recent call last):
  File "C:\Users\Lenovo\OneDrive\Desktop\managment system\venv\Lib\site-packages\sqlalchemy\engine\base.py", line 1967, in _exec_single_context
    self.dialect.do_execute(
    ~~~~~~~~~~~~~~~~~~~~~~~^
        cursor, str_statement, effective_parameters, context
        ^^^^^^^^^^^^^^^^^^^^^^^^^^^^^^^^^^^^^^^^^^^^^^^^^^^^
    )
    ^
  File "C:\Users\Lenovo\OneDrive\Desktop\managment system\venv\Lib\site-packages\sqlalchemy\engine\default.py", line 952, in do_execute
    cursor.execute(statement, parameters)
    ~~~~~~~~~~~~~~^^^^^^^^^^^^^^^^^^^^^^^
sqlite3.OperationalError: no such column: students.version

The above exception was the direct cause of the following exception:

Traceback (most recent call last):
  File "C:\Users\Lenovo\OneDrive\Desktop\managment system\venv\Lib\site-packages\starlette\middleware\errors.py", line 164, in __call__
    await self.app(scope, receive, _send)
  File "C:\Users\Lenovo\OneDrive\Desktop\managment system\venv\Lib\site-packages\starlette\middleware\base.py", line 191, in __call__
    with recv_stream, send_stream, collapse_excgroups():
                                   ~~~~~~~~~~~~~~~~~~^^
  File "C:\Python313\Lib\contextlib.py", line 162, in __exit__
    self.gen.throw(value)
    ~~~~~~~~~~~~~~^^^^^^^
  File "C:\Users\Lenovo\OneDrive\Desktop\managment system\venv\Lib\site-packages\starlette\_utils.py", line 87, in collapse_excgroups
    raise exc
  File "C:\Users\Lenovo\OneDrive\Desktop\managment system\venv\Lib\site-packages\starlette\middleware\base.py", line 193, in __call__
    response = await self.dispatch_func(request, call_next)
               ^^^^^^^^^^^^^^^^^^^^^^^^^^^^^^^^^^^^^^^^^^^^
  File "C:\Users\Lenovo\OneDrive\Desktop\managment system\middleware\rate_limit.py", line 52, in dispatch
    response = await call_next(request)
               ^^^^^^^^^^^^^^^^^^^^^^^^
  File "C:\Users\Lenovo\OneDrive\Desktop\managment system\venv\Lib\site-packages\starlette\middleware\base.py", line 168, in call_next
    raise app_exc from app_exc.__cause__ or app_exc.__context__
  File "C:\Users\Lenovo\OneDrive\Desktop\managment system\venv\Lib\site-packages\starlette\middleware\base.py", line 144, in coro
    await self.app(scope, receive_or_disconnect, send_no_error)
  File "C:\Users\Lenovo\OneDrive\Desktop\managment system\venv\Lib\site-packages\starlette\middleware\base.py", line 191, in __call__
    with recv_stream, send_stream, collapse_excgroups():
                                   ~~~~~~~~~~~~~~~~~~^^
  File "C:\Python313\Lib\contextlib.py", line 162, in __exit__
    self.gen.throw(value)
    ~~~~~~~~~~~~~~^^^^^^^
  File "C:\Users\Lenovo\OneDrive\Desktop\managment system\venv\Lib\site-packages\starlette\_utils.py", line 87, in collapse_excgroups
    raise exc
  File "C:\Users\Lenovo\OneDrive\Desktop\managment system\venv\Lib\site-packages\starlette\middleware\base.py", line 193, in __call__
    response = await self.dispatch_func(request, call_next)
               ^^^^^^^^^^^^^^^^^^^^^^^^^^^^^^^^^^^^^^^^^^^^
  File "C:\Users\Lenovo\OneDrive\Desktop\managment system\middleware\logging_middleware.py", line 24, in dispatch
    response = await call_next(request)
               ^^^^^^^^^^^^^^^^^^^^^^^^
  File "C:\Users\Lenovo\OneDrive\Desktop\managment system\venv\Lib\site-packages\starlette\middleware\base.py", line 168, in call_next
    raise app_exc from app_exc.__cause__ or app_exc.__context__
  File "C:\Users\Lenovo\OneDrive\Desktop\managment system\venv\Lib\site-packages\starlette\middleware\base.py", line 144, in coro
    await self.app(scope, receive_or_disconnect, send_no_error)
  File "C:\Users\Lenovo\OneDrive\Desktop\managment system\venv\Lib\site-packages\starlette\middleware\exceptions.py", line 63, in __call__
    await wrap_app_handling_exceptions(self.app, conn)(scope, receive, send)
  File "C:\Users\Lenovo\OneDrive\Desktop\managment system\venv\Lib\site-packages\starlette\_exception_handler.py", line 53, in wrapped_app
    raise exc
  File "C:\Users\Lenovo\OneDrive\Desktop\managment system\venv\Lib\site-packages\starlette\_exception_handler.py", line 42, in wrapped_app
    await app(scope, receive, sender)
  File "C:\Users\Lenovo\OneDrive\Desktop\managment system\venv\Lib\site-packages\fastapi\middleware\asyncexitstack.py", line 18, in __call__
    await self.app(scope, receive, send)
  File "C:\Users\Lenovo\OneDrive\Desktop\managment system\venv\Lib\site-packages\starlette\routing.py", line 660, in __call__
    await self.middleware_stack(scope, receive, send)
  File "C:\Users\Lenovo\OneDrive\Desktop\managment system\venv\Lib\site-packages\starlette\routing.py", line 680, in app
    await route.handle(scope, receive, send)
  File "C:\Users\Lenovo\OneDrive\Desktop\managment system\venv\Lib\site-packages\starlette\routing.py", line 276, in handle
    await self.app(scope, receive, send)
  File "C:\Users\Lenovo\OneDrive\Desktop\managment system\venv\Lib\site-packages\fastapi\routing.py", line 134, in app
    await wrap_app_handling_exceptions(app, request)(scope, receive, send)
  File "C:\Users\Lenovo\OneDrive\Desktop\managment system\venv\Lib\site-packages\starlette\_exception_handler.py", line 53, in wrapped_app
    raise exc
  File "C:\Users\Lenovo\OneDrive\Desktop\managment system\venv\Lib\site-packages\starlette\_exception_handler.py", line 42, in wrapped_app
    await app(scope, receive, sender)
  File "C:\Users\Lenovo\OneDrive\Desktop\managment system\venv\Lib\site-packages\fastapi\routing.py", line 120, in app
    response = await f(request)
               ^^^^^^^^^^^^^^^^
  File "C:\Users\Lenovo\OneDrive\Desktop\managment system\venv\Lib\site-packages\fastapi\routing.py", line 674, in app
    raw_response = await run_endpoint_function(
                   ^^^^^^^^^^^^^^^^^^^^^^^^^^^^
    ...<3 lines>...
    )
    ^
  File "C:\Users\Lenovo\OneDrive\Desktop\managment system\venv\Lib\site-packages\fastapi\routing.py", line 330, in run_endpoint_function
    return await run_in_threadpool(dependant.call, **values)
           ^^^^^^^^^^^^^^^^^^^^^^^^^^^^^^^^^^^^^^^^^^^^^^^^^
  File "C:\Users\Lenovo\OneDrive\Desktop\managment system\venv\Lib\site-packages\starlette\concurrency.py", line 32, in run_in_threadpool
    return await anyio.to_thread.run_sync(func)
           ^^^^^^^^^^^^^^^^^^^^^^^^^^^^^^^^^^^^
  File "C:\Users\Lenovo\OneDrive\Desktop\managment system\venv\Lib\site-packages\anyio\to_thread.py", line 63, in run_sync
    return await get_async_backend().run_sync_in_worker_thread(
           ^^^^^^^^^^^^^^^^^^^^^^^^^^^^^^^^^^^^^^^^^^^^^^^^^^^^
        func, args, abandon_on_cancel=abandon_on_cancel, limiter=limiter
        ^^^^^^^^^^^^^^^^^^^^^^^^^^^^^^^^^^^^^^^^^^^^^^^^^^^^^^^^^^^^^^^^
    )
    ^
  File "C:\Users\Lenovo\OneDrive\Desktop\managment system\venv\Lib\site-packages\anyio\_backends\_asyncio.py", line 2518, in run_sync_in_worker_thread
    return await future
           ^^^^^^^^^^^^
  File "C:\Users\Lenovo\OneDrive\Desktop\managment system\venv\Lib\site-packages\anyio\_backends\_asyncio.py", line 1002, in run
    result = context.run(func, *args)
  File "C:\Users\Lenovo\OneDrive\Desktop\managment system\app\api.py", line 421, in chat_with_ai
    students = service.get_all_students()
  File "C:\Users\Lenovo\OneDrive\Desktop\managment system\services\student_service.py", line 220, in get_all_students
    .all()
     ~~~^^
  File "C:\Users\Lenovo\OneDrive\Desktop\managment system\venv\Lib\site-packages\sqlalchemy\orm\query.py", line 2711, in all
    return self._iter().all()  # type: ignore
           ~~~~~~~~~~^^
  File "C:\Users\Lenovo\OneDrive\Desktop\managment system\venv\Lib\site-packages\sqlalchemy\orm\query.py", line 2864, in _iter
    result: Union[ScalarResult[_T], Result[_T]] = self.session.execute(
                                                  ~~~~~~~~~~~~~~~~~~~~^
        statement,
        ^^^^^^^^^^
        params,
        ^^^^^^^
        execution_options={"_sa_orm_load_options": self.load_options},
        ^^^^^^^^^^^^^^^^^^^^^^^^^^^^^^^^^^^^^^^^^^^^^^^^^^^^^^^^^^^^^^
    )
    ^
  File "C:\Users\Lenovo\OneDrive\Desktop\managment system\venv\Lib\site-packages\sqlalchemy\orm\session.py", line 2351, in execute
    return self._execute_internal(
           ~~~~~~~~~~~~~~~~~~~~~~^
        statement,
        ^^^^^^^^^^
    ...<4 lines>...
        _add_event=_add_event,
        ^^^^^^^^^^^^^^^^^^^^^^
    )
    ^
  File "C:\Users\Lenovo\OneDrive\Desktop\managment system\venv\Lib\site-packages\sqlalchemy\orm\session.py", line 2249, in _execute_internal
    result: Result[Any] = compile_state_cls.orm_execute_statement(
                          ~~~~~~~~~~~~~~~~~~~~~~~~~~~~~~~~~~~~~~~^
        self,
        ^^^^^
    ...<4 lines>...
        conn,
        ^^^^^
    )
    ^
  File "C:\Users\Lenovo\OneDrive\Desktop\managment system\venv\Lib\site-packages\sqlalchemy\orm\context.py", line 306, in orm_execute_statement
    result = conn.execute(
        statement, params or {}, execution_options=execution_options
    )
  File "C:\Users\Lenovo\OneDrive\Desktop\managment system\venv\Lib\site-packages\sqlalchemy\engine\base.py", line 1419, in execute
    return meth(
        self,
        distilled_parameters,
        execution_options or NO_OPTIONS,
    )
  File "C:\Users\Lenovo\OneDrive\Desktop\managment system\venv\Lib\site-packages\sqlalchemy\sql\elements.py", line 527, in _execute_on_connection
    return connection._execute_clauseelement(
           ~~~~~~~~~~~~~~~~~~~~~~~~~~~~~~~~~^
        self, distilled_params, execution_options
        ^^^^^^^^^^^^^^^^^^^^^^^^^^^^^^^^^^^^^^^^^
    )
    ^
  File "C:\Users\Lenovo\OneDrive\Desktop\managment system\venv\Lib\site-packages\sqlalchemy\engine\base.py", line 1641, in _execute_clauseelement
    ret = self._execute_context(
        dialect,
    ...<8 lines>...
        cache_hit=cache_hit,
    )
  File "C:\Users\Lenovo\OneDrive\Desktop\managment system\venv\Lib\site-packages\sqlalchemy\engine\base.py", line 1846, in _execute_context
    return self._exec_single_context(
           ~~~~~~~~~~~~~~~~~~~~~~~~~^
        dialect, context, statement, parameters
        ^^^^^^^^^^^^^^^^^^^^^^^^^^^^^^^^^^^^^^^
    )
    ^
  File "C:\Users\Lenovo\OneDrive\Desktop\managment system\venv\Lib\site-packages\sqlalchemy\engine\base.py", line 1986, in _exec_single_context
    self._handle_dbapi_exception(
    ~~~~~~~~~~~~~~~~~~~~~~~~~~~~^
        e, str_statement, effective_parameters, cursor, context
        ^^^^^^^^^^^^^^^^^^^^^^^^^^^^^^^^^^^^^^^^^^^^^^^^^^^^^^^
    )
    ^
  File "C:\Users\Lenovo\OneDrive\Desktop\managment system\venv\Lib\site-packages\sqlalchemy\engine\base.py", line 2363, in _handle_dbapi_exception
    raise sqlalchemy_exception.with_traceback(exc_info[2]) from e
  File "C:\Users\Lenovo\OneDrive\Desktop\managment system\venv\Lib\site-packages\sqlalchemy\engine\base.py", line 1967, in _exec_single_context
    self.dialect.do_execute(
    ~~~~~~~~~~~~~~~~~~~~~~~^
        cursor, str_statement, effective_parameters, context
        ^^^^^^^^^^^^^^^^^^^^^^^^^^^^^^^^^^^^^^^^^^^^^^^^^^^^
    )
    ^
  File "C:\Users\Lenovo\OneDrive\Desktop\managment system\venv\Lib\site-packages\sqlalchemy\engine\default.py", line 952, in do_execute
    cursor.execute(statement, parameters)
    ~~~~~~~~~~~~~~^^^^^^^^^^^^^^^^^^^^^^^
sqlalchemy.exc.OperationalError: (sqlite3.OperationalError) no such column: students.version
[SQL: SELECT students.student_id AS students_student_id, students.name AS students_name, students.total_marks AS students_total_marks, students.percentage AS students_percentage, students.grade AS students_grade, students.version AS students_version 
FROM students]
(Background on this error at: https://sqlalche.me/e/20/e3q8)
2026-05-19 17:59:52,545 - INFO - Request Started | Method=GET Path=/docs
2026-05-19 17:59:52,546 - INFO - Request Completed | Method=GET Path=/docs Status=200 Time=0.0009s
2026-05-19 17:59:52,618 - INFO - Request Started | Method=GET Path=/openapi.json
2026-05-19 17:59:52,636 - INFO - Request Completed | Method=GET Path=/openapi.json Status=200 Time=0.0176s
2026-05-19 18:00:26,868 - INFO - Request Started | Method=POST Path=/students
2026-05-19 18:00:26,902 - INFO - Student added: S101
2026-05-19 18:00:26,903 - INFO - Request Completed | Method=POST Path=/students Status=201 Time=0.0345s
2026-05-19 18:01:11,084 - INFO - Request Started | Method=POST Path=/students
2026-05-19 18:01:11,110 - INFO - Student added: S103
2026-05-19 18:01:11,110 - INFO - Request Completed | Method=POST Path=/students Status=201 Time=0.0268s
2026-05-19 18:01:32,708 - INFO - Request Started | Method=POST Path=/students
2026-05-19 18:01:32,735 - INFO - Student added: S102
2026-05-19 18:01:32,736 - INFO - Request Completed | Method=POST Path=/students Status=201 Time=0.0280s
2026-05-19 18:01:56,540 - INFO - Request Started | Method=POST Path=/ai/chat
2026-05-19 18:01:59,971 - INFO - Request Completed | Method=POST Path=/ai/chat Status=200 Time=3.4316s
2026-05-19 18:02:24,321 - INFO - Request Started | Method=POST Path=/ai/chat
2026-05-19 18:02:28,555 - INFO - Request Completed | Method=POST Path=/ai/chat Status=200 Time=4.2339s
2026-05-19 18:02:53,087 - INFO - Request Started | Method=POST Path=/ai/chat
2026-05-19 18:02:56,087 - INFO - Request Completed | Method=POST Path=/ai/chat Status=200 Time=3.0008s
2026-05-19 18:03:17,696 - INFO - Request Started | Method=POST Path=/ai/chat
2026-05-19 18:03:27,656 - INFO - Request Completed | Method=POST Path=/ai/chat Status=200 Time=9.9597s
2026-05-19 18:53:15,835 - INFO - Request Started | Method=GET Path=/docs
2026-05-19 18:53:15,836 - INFO - Request Completed | Method=GET Path=/docs Status=200 Time=0.0014s
2026-05-19 18:53:15,954 - INFO - Request Started | Method=GET Path=/openapi.json
2026-05-19 18:53:15,971 - INFO - Request Completed | Method=GET Path=/openapi.json Status=200 Time=0.0174s
2026-05-19 18:55:32,761 - INFO - Request Started | Method=POST Path=/ai/query
2026-05-19 18:55:34,978 - INFO - Request Completed | Method=POST Path=/ai/query Status=200 Time=2.2166s
2026-05-19 18:55:50,167 - INFO - Request Started | Method=POST Path=/ai/query
2026-05-19 18:55:50,169 - INFO - Request Completed | Method=POST Path=/ai/query Status=200 Time=0.0027s
2026-05-19 18:56:29,858 - INFO - Request Started | Method=GET Path=/students/S101/insights
2026-05-19 18:56:32,730 - INFO - Request Completed | Method=GET Path=/students/S101/insights Status=200 Time=2.8726s
2026-05-19 18:58:09,657 - INFO - Request Started | Method=GET Path=/ai/report
2026-05-19 18:58:14,333 - INFO - Request Completed | Method=GET Path=/ai/report Status=200 Time=4.6762s
2026-05-20 00:32:34,728 - INFO - Request Started | Method=GET Path=/docs
2026-05-20 00:32:34,730 - INFO - Request Completed | Method=GET Path=/docs Status=200 Time=0.0012s
2026-05-20 00:32:34,861 - INFO - Request Started | Method=GET Path=/openapi.json
2026-05-20 00:32:34,879 - INFO - Request Completed | Method=GET Path=/openapi.json Status=200 Time=0.0179s
2026-05-20 00:32:54,182 - INFO - Request Started | Method=GET Path=/students/S101/insights
2026-05-20 00:32:57,883 - INFO - Request Completed | Method=GET Path=/students/S101/insights Status=200 Time=3.7010s
2026-05-20 00:33:27,844 - INFO - Request Started | Method=GET Path=/ai/report
2026-05-20 00:33:32,819 - INFO - Request Completed | Method=GET Path=/ai/report Status=200 Time=4.9752s
2026-05-20 00:44:26,918 - INFO - Request Started | Method=GET Path=/docs
2026-05-20 00:44:26,923 - INFO - Request Completed | Method=GET Path=/docs Status=200 Time=0.0062s
2026-05-20 00:44:27,002 - INFO - Request Started | Method=GET Path=/openapi.json
2026-05-20 00:44:27,043 - INFO - Request Completed | Method=GET Path=/openapi.json Status=200 Time=0.0407s
2026-05-26 13:50:18,464 - INFO - Request Started | Method=POST Path=/students
2026-05-26 13:50:18,527 - INFO - Student added: s101
2026-05-26 13:50:18,532 - INFO - Request Completed | Method=POST Path=/students Status=201 Time=0.0679s
2026-05-26 15:07:03,739 - INFO - Request Started | Method=GET Path=/students/dashboard
2026-05-26 15:07:03,786 - ERROR - Request Failed | Method=GET Path=/students/dashboard Time=0.0467s Error=Student not found
Traceback (most recent call last):
  File "C:\Users\Lenovo\OneDrive\Desktop\managment system\middleware\logging_middleware.py", line 24, in dispatch
    response = await call_next(request)
               ^^^^^^^^^^^^^^^^^^^^^^^^
  File "C:\Users\Lenovo\OneDrive\Desktop\managment system\venv\Lib\site-packages\starlette\middleware\base.py", line 168, in call_next
    raise app_exc from app_exc.__cause__ or app_exc.__context__
  File "C:\Users\Lenovo\OneDrive\Desktop\managment system\venv\Lib\site-packages\starlette\middleware\base.py", line 144, in coro
    await self.app(scope, receive_or_disconnect, send_no_error)
  File "C:\Users\Lenovo\OneDrive\Desktop\managment system\venv\Lib\site-packages\starlette\middleware\exceptions.py", line 63, in __call__
    await wrap_app_handling_exceptions(self.app, conn)(scope, receive, send)
  File "C:\Users\Lenovo\OneDrive\Desktop\managment system\venv\Lib\site-packages\starlette\_exception_handler.py", line 53, in wrapped_app
    raise exc
  File "C:\Users\Lenovo\OneDrive\Desktop\managment system\venv\Lib\site-packages\starlette\_exception_handler.py", line 42, in wrapped_app
    await app(scope, receive, sender)
  File "C:\Users\Lenovo\OneDrive\Desktop\managment system\venv\Lib\site-packages\fastapi\middleware\asyncexitstack.py", line 18, in __call__
    await self.app(scope, receive, send)
  File "C:\Users\Lenovo\OneDrive\Desktop\managment system\venv\Lib\site-packages\starlette\routing.py", line 660, in __call__
    await self.middleware_stack(scope, receive, send)
  File "C:\Users\Lenovo\OneDrive\Desktop\managment system\venv\Lib\site-packages\starlette\routing.py", line 680, in app
    await route.handle(scope, receive, send)
  File "C:\Users\Lenovo\OneDrive\Desktop\managment system\venv\Lib\site-packages\starlette\routing.py", line 276, in handle
    await self.app(scope, receive, send)
  File "C:\Users\Lenovo\OneDrive\Desktop\managment system\venv\Lib\site-packages\fastapi\routing.py", line 134, in app
    await wrap_app_handling_exceptions(app, request)(scope, receive, send)
  File "C:\Users\Lenovo\OneDrive\Desktop\managment system\venv\Lib\site-packages\starlette\_exception_handler.py", line 53, in wrapped_app
    raise exc
  File "C:\Users\Lenovo\OneDrive\Desktop\managment system\venv\Lib\site-packages\starlette\_exception_handler.py", line 42, in wrapped_app
    await app(scope, receive, sender)
  File "C:\Users\Lenovo\OneDrive\Desktop\managment system\venv\Lib\site-packages\fastapi\routing.py", line 120, in app
    response = await f(request)
               ^^^^^^^^^^^^^^^^
  File "C:\Users\Lenovo\OneDrive\Desktop\managment system\venv\Lib\site-packages\fastapi\routing.py", line 674, in app
    raw_response = await run_endpoint_function(
                   ^^^^^^^^^^^^^^^^^^^^^^^^^^^^
    ...<3 lines>...
    )
    ^
  File "C:\Users\Lenovo\OneDrive\Desktop\managment system\venv\Lib\site-packages\fastapi\routing.py", line 330, in run_endpoint_function
    return await run_in_threadpool(dependant.call, **values)
           ^^^^^^^^^^^^^^^^^^^^^^^^^^^^^^^^^^^^^^^^^^^^^^^^^
  File "C:\Users\Lenovo\OneDrive\Desktop\managment system\venv\Lib\site-packages\starlette\concurrency.py", line 32, in run_in_threadpool
    return await anyio.to_thread.run_sync(func)
           ^^^^^^^^^^^^^^^^^^^^^^^^^^^^^^^^^^^^
  File "C:\Users\Lenovo\OneDrive\Desktop\managment system\venv\Lib\site-packages\anyio\to_thread.py", line 63, in run_sync
    return await get_async_backend().run_sync_in_worker_thread(
           ^^^^^^^^^^^^^^^^^^^^^^^^^^^^^^^^^^^^^^^^^^^^^^^^^^^^
        func, args, abandon_on_cancel=abandon_on_cancel, limiter=limiter
        ^^^^^^^^^^^^^^^^^^^^^^^^^^^^^^^^^^^^^^^^^^^^^^^^^^^^^^^^^^^^^^^^
    )
    ^
  File "C:\Users\Lenovo\OneDrive\Desktop\managment system\venv\Lib\site-packages\anyio\_backends\_asyncio.py", line 2518, in run_sync_in_worker_thread
    return await future
           ^^^^^^^^^^^^
  File "C:\Users\Lenovo\OneDrive\Desktop\managment system\venv\Lib\site-packages\anyio\_backends\_asyncio.py", line 1002, in run
    result = context.run(func, *args)
  File "C:\Users\Lenovo\OneDrive\Desktop\managment system\app\api.py", line 270, in get_student
    student = service.get_student(student_id)
  File "C:\Users\Lenovo\OneDrive\Desktop\managment system\services\student_service.py", line 212, in get_student
    raise ValueError("Student not found")
ValueError: Student not found
2026-05-26 15:07:03,976 - ERROR - Student not found
  + Exception Group Traceback (most recent call last):
  |   File "C:\Users\Lenovo\OneDrive\Desktop\managment system\venv\Lib\site-packages\starlette\_utils.py", line 81, in collapse_excgroups
  |     yield
  |   File "C:\Users\Lenovo\OneDrive\Desktop\managment system\venv\Lib\site-packages\starlette\middleware\base.py", line 192, in __call__
  |     async with anyio.create_task_group() as task_group:
  |                ~~~~~~~~~~~~~~~~~~~~~~~^^
  |   File "C:\Users\Lenovo\OneDrive\Desktop\managment system\venv\Lib\site-packages\anyio\_backends\_asyncio.py", line 799, in __aexit__
  |     raise BaseExceptionGroup(
  |         "unhandled errors in a TaskGroup", self._exceptions
  |     ) from None
  | ExceptionGroup: unhandled errors in a TaskGroup (1 sub-exception)
  +-+---------------- 1 ----------------
    | Traceback (most recent call last):
    |   File "C:\Users\Lenovo\OneDrive\Desktop\managment system\venv\Lib\site-packages\starlette\middleware\errors.py", line 164, in __call__
    |     await self.app(scope, receive, _send)
    |   File "C:\Users\Lenovo\OneDrive\Desktop\managment system\venv\Lib\site-packages\starlette\middleware\base.py", line 191, in __call__
    |     with recv_stream, send_stream, collapse_excgroups():
    |                                    ~~~~~~~~~~~~~~~~~~^^
    |   File "C:\Python313\Lib\contextlib.py", line 162, in __exit__
    |     self.gen.throw(value)
    |     ~~~~~~~~~~~~~~^^^^^^^
    |   File "C:\Users\Lenovo\OneDrive\Desktop\managment system\venv\Lib\site-packages\starlette\_utils.py", line 87, in collapse_excgroups
    |     raise exc
    |   File "C:\Users\Lenovo\OneDrive\Desktop\managment system\venv\Lib\site-packages\starlette\middleware\base.py", line 193, in __call__
    |     response = await self.dispatch_func(request, call_next)
    |                ^^^^^^^^^^^^^^^^^^^^^^^^^^^^^^^^^^^^^^^^^^^^
    |   File "C:\Users\Lenovo\OneDrive\Desktop\managment system\middleware\rate_limit.py", line 52, in dispatch
    |     response = await call_next(request)
    |                ^^^^^^^^^^^^^^^^^^^^^^^^
    |   File "C:\Users\Lenovo\OneDrive\Desktop\managment system\venv\Lib\site-packages\starlette\middleware\base.py", line 168, in call_next
    |     raise app_exc from app_exc.__cause__ or app_exc.__context__
    |   File "C:\Users\Lenovo\OneDrive\Desktop\managment system\venv\Lib\site-packages\starlette\middleware\base.py", line 144, in coro
    |     await self.app(scope, receive_or_disconnect, send_no_error)
    |   File "C:\Users\Lenovo\OneDrive\Desktop\managment system\venv\Lib\site-packages\starlette\middleware\base.py", line 191, in __call__
    |     with recv_stream, send_stream, collapse_excgroups():
    |                                    ~~~~~~~~~~~~~~~~~~^^
    |   File "C:\Python313\Lib\contextlib.py", line 162, in __exit__
    |     self.gen.throw(value)
    |     ~~~~~~~~~~~~~~^^^^^^^
    |   File "C:\Users\Lenovo\OneDrive\Desktop\managment system\venv\Lib\site-packages\starlette\_utils.py", line 87, in collapse_excgroups
    |     raise exc
    |   File "C:\Users\Lenovo\OneDrive\Desktop\managment system\venv\Lib\site-packages\starlette\middleware\base.py", line 193, in __call__
    |     response = await self.dispatch_func(request, call_next)
    |                ^^^^^^^^^^^^^^^^^^^^^^^^^^^^^^^^^^^^^^^^^^^^
    |   File "C:\Users\Lenovo\OneDrive\Desktop\managment system\middleware\logging_middleware.py", line 24, in dispatch
    |     response = await call_next(request)
    |                ^^^^^^^^^^^^^^^^^^^^^^^^
    |   File "C:\Users\Lenovo\OneDrive\Desktop\managment system\venv\Lib\site-packages\starlette\middleware\base.py", line 168, in call_next
    |     raise app_exc from app_exc.__cause__ or app_exc.__context__
    |   File "C:\Users\Lenovo\OneDrive\Desktop\managment system\venv\Lib\site-packages\starlette\middleware\base.py", line 144, in coro
    |     await self.app(scope, receive_or_disconnect, send_no_error)
    |   File "C:\Users\Lenovo\OneDrive\Desktop\managment system\venv\Lib\site-packages\starlette\middleware\exceptions.py", line 63, in __call__
    |     await wrap_app_handling_exceptions(self.app, conn)(scope, receive, send)
    |   File "C:\Users\Lenovo\OneDrive\Desktop\managment system\venv\Lib\site-packages\starlette\_exception_handler.py", line 53, in wrapped_app
    |     raise exc
    |   File "C:\Users\Lenovo\OneDrive\Desktop\managment system\venv\Lib\site-packages\starlette\_exception_handler.py", line 42, in wrapped_app
    |     await app(scope, receive, sender)
    |   File "C:\Users\Lenovo\OneDrive\Desktop\managment system\venv\Lib\site-packages\fastapi\middleware\asyncexitstack.py", line 18, in __call__
    |     await self.app(scope, receive, send)
    |   File "C:\Users\Lenovo\OneDrive\Desktop\managment system\venv\Lib\site-packages\starlette\routing.py", line 660, in __call__
    |     await self.middleware_stack(scope, receive, send)
    |   File "C:\Users\Lenovo\OneDrive\Desktop\managment system\venv\Lib\site-packages\starlette\routing.py", line 680, in app
    |     await route.handle(scope, receive, send)
    |   File "C:\Users\Lenovo\OneDrive\Desktop\managment system\venv\Lib\site-packages\starlette\routing.py", line 276, in handle
    |     await self.app(scope, receive, send)
    |   File "C:\Users\Lenovo\OneDrive\Desktop\managment system\venv\Lib\site-packages\fastapi\routing.py", line 134, in app
    |     await wrap_app_handling_exceptions(app, request)(scope, receive, send)
    |   File "C:\Users\Lenovo\OneDrive\Desktop\managment system\venv\Lib\site-packages\starlette\_exception_handler.py", line 53, in wrapped_app
    |     raise exc
    |   File "C:\Users\Lenovo\OneDrive\Desktop\managment system\venv\Lib\site-packages\starlette\_exception_handler.py", line 42, in wrapped_app
    |     await app(scope, receive, sender)
    |   File "C:\Users\Lenovo\OneDrive\Desktop\managment system\venv\Lib\site-packages\fastapi\routing.py", line 120, in app
    |     response = await f(request)
    |                ^^^^^^^^^^^^^^^^
    |   File "C:\Users\Lenovo\OneDrive\Desktop\managment system\venv\Lib\site-packages\fastapi\routing.py", line 674, in app
    |     raw_response = await run_endpoint_function(
    |                    ^^^^^^^^^^^^^^^^^^^^^^^^^^^^
    |     ...<3 lines>...
    |     )
    |     ^
    |   File "C:\Users\Lenovo\OneDrive\Desktop\managment system\venv\Lib\site-packages\fastapi\routing.py", line 330, in run_endpoint_function
    |     return await run_in_threadpool(dependant.call, **values)
    |            ^^^^^^^^^^^^^^^^^^^^^^^^^^^^^^^^^^^^^^^^^^^^^^^^^
    |   File "C:\Users\Lenovo\OneDrive\Desktop\managment system\venv\Lib\site-packages\starlette\concurrency.py", line 32, in run_in_threadpool
    |     return await anyio.to_thread.run_sync(func)
    |            ^^^^^^^^^^^^^^^^^^^^^^^^^^^^^^^^^^^^
    |   File "C:\Users\Lenovo\OneDrive\Desktop\managment system\venv\Lib\site-packages\anyio\to_thread.py", line 63, in run_sync
    |     return await get_async_backend().run_sync_in_worker_thread(
    |            ^^^^^^^^^^^^^^^^^^^^^^^^^^^^^^^^^^^^^^^^^^^^^^^^^^^^
    |         func, args, abandon_on_cancel=abandon_on_cancel, limiter=limiter
    |         ^^^^^^^^^^^^^^^^^^^^^^^^^^^^^^^^^^^^^^^^^^^^^^^^^^^^^^^^^^^^^^^^
    |     )
    |     ^
    |   File "C:\Users\Lenovo\OneDrive\Desktop\managment system\venv\Lib\site-packages\anyio\_backends\_asyncio.py", line 2518, in run_sync_in_worker_thread
    |     return await future
    |            ^^^^^^^^^^^^
    |   File "C:\Users\Lenovo\OneDrive\Desktop\managment system\venv\Lib\site-packages\anyio\_backends\_asyncio.py", line 1002, in run
    |     result = context.run(func, *args)
    |   File "C:\Users\Lenovo\OneDrive\Desktop\managment system\app\api.py", line 270, in get_student
    |     student = service.get_student(student_id)
    |   File "C:\Users\Lenovo\OneDrive\Desktop\managment system\services\student_service.py", line 212, in get_student
    |     raise ValueError("Student not found")
    | ValueError: Student not found
    +------------------------------------

The above exception was the direct cause of the following exception:

Traceback (most recent call last):
  File "C:\Users\Lenovo\OneDrive\Desktop\managment system\venv\Lib\site-packages\starlette\middleware\errors.py", line 164, in __call__
    await self.app(scope, receive, _send)
  File "C:\Users\Lenovo\OneDrive\Desktop\managment system\venv\Lib\site-packages\starlette\middleware\base.py", line 191, in __call__
    with recv_stream, send_stream, collapse_excgroups():
                                   ~~~~~~~~~~~~~~~~~~^^
  File "C:\Python313\Lib\contextlib.py", line 162, in __exit__
    self.gen.throw(value)
    ~~~~~~~~~~~~~~^^^^^^^
  File "C:\Users\Lenovo\OneDrive\Desktop\managment system\venv\Lib\site-packages\starlette\_utils.py", line 87, in collapse_excgroups
    raise exc
  File "C:\Users\Lenovo\OneDrive\Desktop\managment system\venv\Lib\site-packages\starlette\middleware\base.py", line 193, in __call__
    response = await self.dispatch_func(request, call_next)
               ^^^^^^^^^^^^^^^^^^^^^^^^^^^^^^^^^^^^^^^^^^^^
  File "C:\Users\Lenovo\OneDrive\Desktop\managment system\middleware\rate_limit.py", line 52, in dispatch
    response = await call_next(request)
               ^^^^^^^^^^^^^^^^^^^^^^^^
  File "C:\Users\Lenovo\OneDrive\Desktop\managment system\venv\Lib\site-packages\starlette\middleware\base.py", line 168, in call_next
    raise app_exc from app_exc.__cause__ or app_exc.__context__
  File "C:\Users\Lenovo\OneDrive\Desktop\managment system\venv\Lib\site-packages\starlette\middleware\base.py", line 144, in coro
    await self.app(scope, receive_or_disconnect, send_no_error)
  File "C:\Users\Lenovo\OneDrive\Desktop\managment system\venv\Lib\site-packages\starlette\middleware\base.py", line 191, in __call__
    with recv_stream, send_stream, collapse_excgroups():
                                   ~~~~~~~~~~~~~~~~~~^^
  File "C:\Python313\Lib\contextlib.py", line 162, in __exit__
    self.gen.throw(value)
    ~~~~~~~~~~~~~~^^^^^^^
  File "C:\Users\Lenovo\OneDrive\Desktop\managment system\venv\Lib\site-packages\starlette\_utils.py", line 87, in collapse_excgroups
    raise exc
  File "C:\Users\Lenovo\OneDrive\Desktop\managment system\venv\Lib\site-packages\starlette\middleware\base.py", line 193, in __call__
    response = await self.dispatch_func(request, call_next)
               ^^^^^^^^^^^^^^^^^^^^^^^^^^^^^^^^^^^^^^^^^^^^
  File "C:\Users\Lenovo\OneDrive\Desktop\managment system\middleware\logging_middleware.py", line 24, in dispatch
    response = await call_next(request)
               ^^^^^^^^^^^^^^^^^^^^^^^^
  File "C:\Users\Lenovo\OneDrive\Desktop\managment system\venv\Lib\site-packages\starlette\middleware\base.py", line 168, in call_next
    raise app_exc from app_exc.__cause__ or app_exc.__context__
  File "C:\Users\Lenovo\OneDrive\Desktop\managment system\venv\Lib\site-packages\starlette\middleware\base.py", line 144, in coro
    await self.app(scope, receive_or_disconnect, send_no_error)
  File "C:\Users\Lenovo\OneDrive\Desktop\managment system\venv\Lib\site-packages\starlette\middleware\exceptions.py", line 63, in __call__
    await wrap_app_handling_exceptions(self.app, conn)(scope, receive, send)
  File "C:\Users\Lenovo\OneDrive\Desktop\managment system\venv\Lib\site-packages\starlette\_exception_handler.py", line 53, in wrapped_app
    raise exc
  File "C:\Users\Lenovo\OneDrive\Desktop\managment system\venv\Lib\site-packages\starlette\_exception_handler.py", line 42, in wrapped_app
    await app(scope, receive, sender)
  File "C:\Users\Lenovo\OneDrive\Desktop\managment system\venv\Lib\site-packages\fastapi\middleware\asyncexitstack.py", line 18, in __call__
    await self.app(scope, receive, send)
  File "C:\Users\Lenovo\OneDrive\Desktop\managment system\venv\Lib\site-packages\starlette\routing.py", line 660, in __call__
    await self.middleware_stack(scope, receive, send)
  File "C:\Users\Lenovo\OneDrive\Desktop\managment system\venv\Lib\site-packages\starlette\routing.py", line 680, in app
    await route.handle(scope, receive, send)
  File "C:\Users\Lenovo\OneDrive\Desktop\managment system\venv\Lib\site-packages\starlette\routing.py", line 276, in handle
    await self.app(scope, receive, send)
  File "C:\Users\Lenovo\OneDrive\Desktop\managment system\venv\Lib\site-packages\fastapi\routing.py", line 134, in app
    await wrap_app_handling_exceptions(app, request)(scope, receive, send)
  File "C:\Users\Lenovo\OneDrive\Desktop\managment system\venv\Lib\site-packages\starlette\_exception_handler.py", line 53, in wrapped_app
    raise exc
  File "C:\Users\Lenovo\OneDrive\Desktop\managment system\venv\Lib\site-packages\starlette\_exception_handler.py", line 42, in wrapped_app
    await app(scope, receive, sender)
  File "C:\Users\Lenovo\OneDrive\Desktop\managment system\venv\Lib\site-packages\fastapi\routing.py", line 120, in app
    response = await f(request)
               ^^^^^^^^^^^^^^^^
  File "C:\Users\Lenovo\OneDrive\Desktop\managment system\venv\Lib\site-packages\fastapi\routing.py", line 674, in app
    raw_response = await run_endpoint_function(
                   ^^^^^^^^^^^^^^^^^^^^^^^^^^^^
    ...<3 lines>...
    )
    ^
  File "C:\Users\Lenovo\OneDrive\Desktop\managment system\venv\Lib\site-packages\fastapi\routing.py", line 330, in run_endpoint_function
    return await run_in_threadpool(dependant.call, **values)
           ^^^^^^^^^^^^^^^^^^^^^^^^^^^^^^^^^^^^^^^^^^^^^^^^^
  File "C:\Users\Lenovo\OneDrive\Desktop\managment system\venv\Lib\site-packages\starlette\concurrency.py", line 32, in run_in_threadpool
    return await anyio.to_thread.run_sync(func)
           ^^^^^^^^^^^^^^^^^^^^^^^^^^^^^^^^^^^^
  File "C:\Users\Lenovo\OneDrive\Desktop\managment system\venv\Lib\site-packages\anyio\to_thread.py", line 63, in run_sync
    return await get_async_backend().run_sync_in_worker_thread(
           ^^^^^^^^^^^^^^^^^^^^^^^^^^^^^^^^^^^^^^^^^^^^^^^^^^^^
        func, args, abandon_on_cancel=abandon_on_cancel, limiter=limiter
        ^^^^^^^^^^^^^^^^^^^^^^^^^^^^^^^^^^^^^^^^^^^^^^^^^^^^^^^^^^^^^^^^
    )
    ^
  File "C:\Users\Lenovo\OneDrive\Desktop\managment system\venv\Lib\site-packages\anyio\_backends\_asyncio.py", line 2518, in run_sync_in_worker_thread
    return await future
           ^^^^^^^^^^^^
  File "C:\Users\Lenovo\OneDrive\Desktop\managment system\venv\Lib\site-packages\anyio\_backends\_asyncio.py", line 1002, in run
    result = context.run(func, *args)
  File "C:\Users\Lenovo\OneDrive\Desktop\managment system\app\api.py", line 270, in get_student
    student = service.get_student(student_id)
  File "C:\Users\Lenovo\OneDrive\Desktop\managment system\services\student_service.py", line 212, in get_student
    raise ValueError("Student not found")
ValueError: Student not found
2026-05-26 15:07:17,194 - INFO - Request Started | Method=GET Path=/students
2026-05-26 15:07:17,213 - INFO - Request Completed | Method=GET Path=/students Status=200 Time=0.0185s
2026-05-26 15:07:27,631 - INFO - Request Started | Method=GET Path=/students/rank-list
2026-05-26 15:07:27,633 - ERROR - Request Failed | Method=GET Path=/students/rank-list Time=0.0020s Error=Student not found
Traceback (most recent call last):
  File "C:\Users\Lenovo\OneDrive\Desktop\managment system\middleware\logging_middleware.py", line 24, in dispatch
    response = await call_next(request)
               ^^^^^^^^^^^^^^^^^^^^^^^^
  File "C:\Users\Lenovo\OneDrive\Desktop\managment system\venv\Lib\site-packages\starlette\middleware\base.py", line 168, in call_next
    raise app_exc from app_exc.__cause__ or app_exc.__context__
  File "C:\Users\Lenovo\OneDrive\Desktop\managment system\venv\Lib\site-packages\starlette\middleware\base.py", line 144, in coro
    await self.app(scope, receive_or_disconnect, send_no_error)
  File "C:\Users\Lenovo\OneDrive\Desktop\managment system\venv\Lib\site-packages\starlette\middleware\exceptions.py", line 63, in __call__
    await wrap_app_handling_exceptions(self.app, conn)(scope, receive, send)
  File "C:\Users\Lenovo\OneDrive\Desktop\managment system\venv\Lib\site-packages\starlette\_exception_handler.py", line 53, in wrapped_app
    raise exc
  File "C:\Users\Lenovo\OneDrive\Desktop\managment system\venv\Lib\site-packages\starlette\_exception_handler.py", line 42, in wrapped_app
    await app(scope, receive, sender)
  File "C:\Users\Lenovo\OneDrive\Desktop\managment system\venv\Lib\site-packages\fastapi\middleware\asyncexitstack.py", line 18, in __call__
    await self.app(scope, receive, send)
  File "C:\Users\Lenovo\OneDrive\Desktop\managment system\venv\Lib\site-packages\starlette\routing.py", line 660, in __call__
    await self.middleware_stack(scope, receive, send)
  File "C:\Users\Lenovo\OneDrive\Desktop\managment system\venv\Lib\site-packages\starlette\routing.py", line 680, in app
    await route.handle(scope, receive, send)
  File "C:\Users\Lenovo\OneDrive\Desktop\managment system\venv\Lib\site-packages\starlette\routing.py", line 276, in handle
    await self.app(scope, receive, send)
  File "C:\Users\Lenovo\OneDrive\Desktop\managment system\venv\Lib\site-packages\fastapi\routing.py", line 134, in app
    await wrap_app_handling_exceptions(app, request)(scope, receive, send)
  File "C:\Users\Lenovo\OneDrive\Desktop\managment system\venv\Lib\site-packages\starlette\_exception_handler.py", line 53, in wrapped_app
    raise exc
  File "C:\Users\Lenovo\OneDrive\Desktop\managment system\venv\Lib\site-packages\starlette\_exception_handler.py", line 42, in wrapped_app
    await app(scope, receive, sender)
  File "C:\Users\Lenovo\OneDrive\Desktop\managment system\venv\Lib\site-packages\fastapi\routing.py", line 120, in app
    response = await f(request)
               ^^^^^^^^^^^^^^^^
  File "C:\Users\Lenovo\OneDrive\Desktop\managment system\venv\Lib\site-packages\fastapi\routing.py", line 674, in app
    raw_response = await run_endpoint_function(
                   ^^^^^^^^^^^^^^^^^^^^^^^^^^^^
    ...<3 lines>...
    )
    ^
  File "C:\Users\Lenovo\OneDrive\Desktop\managment system\venv\Lib\site-packages\fastapi\routing.py", line 330, in run_endpoint_function
    return await run_in_threadpool(dependant.call, **values)
           ^^^^^^^^^^^^^^^^^^^^^^^^^^^^^^^^^^^^^^^^^^^^^^^^^
  File "C:\Users\Lenovo\OneDrive\Desktop\managment system\venv\Lib\site-packages\starlette\concurrency.py", line 32, in run_in_threadpool
    return await anyio.to_thread.run_sync(func)
           ^^^^^^^^^^^^^^^^^^^^^^^^^^^^^^^^^^^^
  File "C:\Users\Lenovo\OneDrive\Desktop\managment system\venv\Lib\site-packages\anyio\to_thread.py", line 63, in run_sync
    return await get_async_backend().run_sync_in_worker_thread(
           ^^^^^^^^^^^^^^^^^^^^^^^^^^^^^^^^^^^^^^^^^^^^^^^^^^^^
        func, args, abandon_on_cancel=abandon_on_cancel, limiter=limiter
        ^^^^^^^^^^^^^^^^^^^^^^^^^^^^^^^^^^^^^^^^^^^^^^^^^^^^^^^^^^^^^^^^
    )
    ^
  File "C:\Users\Lenovo\OneDrive\Desktop\managment system\venv\Lib\site-packages\anyio\_backends\_asyncio.py", line 2518, in run_sync_in_worker_thread
    return await future
           ^^^^^^^^^^^^
  File "C:\Users\Lenovo\OneDrive\Desktop\managment system\venv\Lib\site-packages\anyio\_backends\_asyncio.py", line 1002, in run
    result = context.run(func, *args)
  File "C:\Users\Lenovo\OneDrive\Desktop\managment system\app\api.py", line 270, in get_student
    student = service.get_student(student_id)
  File "C:\Users\Lenovo\OneDrive\Desktop\managment system\services\student_service.py", line 212, in get_student
    raise ValueError("Student not found")
ValueError: Student not found
2026-05-26 15:07:27,635 - ERROR - Student not found
  + Exception Group Traceback (most recent call last):
  |   File "C:\Users\Lenovo\OneDrive\Desktop\managment system\venv\Lib\site-packages\starlette\_utils.py", line 81, in collapse_excgroups
  |     yield
  |   File "C:\Users\Lenovo\OneDrive\Desktop\managment system\venv\Lib\site-packages\starlette\middleware\base.py", line 192, in __call__
  |     async with anyio.create_task_group() as task_group:
  |                ~~~~~~~~~~~~~~~~~~~~~~~^^
  |   File "C:\Users\Lenovo\OneDrive\Desktop\managment system\venv\Lib\site-packages\anyio\_backends\_asyncio.py", line 799, in __aexit__
  |     raise BaseExceptionGroup(
  |         "unhandled errors in a TaskGroup", self._exceptions
  |     ) from None
  | ExceptionGroup: unhandled errors in a TaskGroup (1 sub-exception)
  +-+---------------- 1 ----------------
    | Traceback (most recent call last):
    |   File "C:\Users\Lenovo\OneDrive\Desktop\managment system\venv\Lib\site-packages\starlette\middleware\errors.py", line 164, in __call__
    |     await self.app(scope, receive, _send)
    |   File "C:\Users\Lenovo\OneDrive\Desktop\managment system\venv\Lib\site-packages\starlette\middleware\base.py", line 191, in __call__
    |     with recv_stream, send_stream, collapse_excgroups():
    |                                    ~~~~~~~~~~~~~~~~~~^^
    |   File "C:\Python313\Lib\contextlib.py", line 162, in __exit__
    |     self.gen.throw(value)
    |     ~~~~~~~~~~~~~~^^^^^^^
    |   File "C:\Users\Lenovo\OneDrive\Desktop\managment system\venv\Lib\site-packages\starlette\_utils.py", line 87, in collapse_excgroups
    |     raise exc
    |   File "C:\Users\Lenovo\OneDrive\Desktop\managment system\venv\Lib\site-packages\starlette\middleware\base.py", line 193, in __call__
    |     response = await self.dispatch_func(request, call_next)
    |                ^^^^^^^^^^^^^^^^^^^^^^^^^^^^^^^^^^^^^^^^^^^^
    |   File "C:\Users\Lenovo\OneDrive\Desktop\managment system\middleware\rate_limit.py", line 52, in dispatch
    |     response = await call_next(request)
    |                ^^^^^^^^^^^^^^^^^^^^^^^^
    |   File "C:\Users\Lenovo\OneDrive\Desktop\managment system\venv\Lib\site-packages\starlette\middleware\base.py", line 168, in call_next
    |     raise app_exc from app_exc.__cause__ or app_exc.__context__
    |   File "C:\Users\Lenovo\OneDrive\Desktop\managment system\venv\Lib\site-packages\starlette\middleware\base.py", line 144, in coro
    |     await self.app(scope, receive_or_disconnect, send_no_error)
    |   File "C:\Users\Lenovo\OneDrive\Desktop\managment system\venv\Lib\site-packages\starlette\middleware\base.py", line 191, in __call__
    |     with recv_stream, send_stream, collapse_excgroups():
    |                                    ~~~~~~~~~~~~~~~~~~^^
    |   File "C:\Python313\Lib\contextlib.py", line 162, in __exit__
    |     self.gen.throw(value)
    |     ~~~~~~~~~~~~~~^^^^^^^
    |   File "C:\Users\Lenovo\OneDrive\Desktop\managment system\venv\Lib\site-packages\starlette\_utils.py", line 87, in collapse_excgroups
    |     raise exc
    |   File "C:\Users\Lenovo\OneDrive\Desktop\managment system\venv\Lib\site-packages\starlette\middleware\base.py", line 193, in __call__
    |     response = await self.dispatch_func(request, call_next)
    |                ^^^^^^^^^^^^^^^^^^^^^^^^^^^^^^^^^^^^^^^^^^^^
    |   File "C:\Users\Lenovo\OneDrive\Desktop\managment system\middleware\logging_middleware.py", line 24, in dispatch
    |     response = await call_next(request)
    |                ^^^^^^^^^^^^^^^^^^^^^^^^
    |   File "C:\Users\Lenovo\OneDrive\Desktop\managment system\venv\Lib\site-packages\starlette\middleware\base.py", line 168, in call_next
    |     raise app_exc from app_exc.__cause__ or app_exc.__context__
    |   File "C:\Users\Lenovo\OneDrive\Desktop\managment system\venv\Lib\site-packages\starlette\middleware\base.py", line 144, in coro
    |     await self.app(scope, receive_or_disconnect, send_no_error)
    |   File "C:\Users\Lenovo\OneDrive\Desktop\managment system\venv\Lib\site-packages\starlette\middleware\exceptions.py", line 63, in __call__
    |     await wrap_app_handling_exceptions(self.app, conn)(scope, receive, send)
    |   File "C:\Users\Lenovo\OneDrive\Desktop\managment system\venv\Lib\site-packages\starlette\_exception_handler.py", line 53, in wrapped_app
    |     raise exc
    |   File "C:\Users\Lenovo\OneDrive\Desktop\managment system\venv\Lib\site-packages\starlette\_exception_handler.py", line 42, in wrapped_app
    |     await app(scope, receive, sender)
    |   File "C:\Users\Lenovo\OneDrive\Desktop\managment system\venv\Lib\site-packages\fastapi\middleware\asyncexitstack.py", line 18, in __call__
    |     await self.app(scope, receive, send)
    |   File "C:\Users\Lenovo\OneDrive\Desktop\managment system\venv\Lib\site-packages\starlette\routing.py", line 660, in __call__
    |     await self.middleware_stack(scope, receive, send)
    |   File "C:\Users\Lenovo\OneDrive\Desktop\managment system\venv\Lib\site-packages\starlette\routing.py", line 680, in app
    |     await route.handle(scope, receive, send)
    |   File "C:\Users\Lenovo\OneDrive\Desktop\managment system\venv\Lib\site-packages\starlette\routing.py", line 276, in handle
    |     await self.app(scope, receive, send)
    |   File "C:\Users\Lenovo\OneDrive\Desktop\managment system\venv\Lib\site-packages\fastapi\routing.py", line 134, in app
    |     await wrap_app_handling_exceptions(app, request)(scope, receive, send)
    |   File "C:\Users\Lenovo\OneDrive\Desktop\managment system\venv\Lib\site-packages\starlette\_exception_handler.py", line 53, in wrapped_app
    |     raise exc
    |   File "C:\Users\Lenovo\OneDrive\Desktop\managment system\venv\Lib\site-packages\starlette\_exception_handler.py", line 42, in wrapped_app
    |     await app(scope, receive, sender)
    |   File "C:\Users\Lenovo\OneDrive\Desktop\managment system\venv\Lib\site-packages\fastapi\routing.py", line 120, in app
    |     response = await f(request)
    |                ^^^^^^^^^^^^^^^^
    |   File "C:\Users\Lenovo\OneDrive\Desktop\managment system\venv\Lib\site-packages\fastapi\routing.py", line 674, in app
    |     raw_response = await run_endpoint_function(
    |                    ^^^^^^^^^^^^^^^^^^^^^^^^^^^^
    |     ...<3 lines>...
    |     )
    |     ^
    |   File "C:\Users\Lenovo\OneDrive\Desktop\managment system\venv\Lib\site-packages\fastapi\routing.py", line 330, in run_endpoint_function
    |     return await run_in_threadpool(dependant.call, **values)
    |            ^^^^^^^^^^^^^^^^^^^^^^^^^^^^^^^^^^^^^^^^^^^^^^^^^
    |   File "C:\Users\Lenovo\OneDrive\Desktop\managment system\venv\Lib\site-packages\starlette\concurrency.py", line 32, in run_in_threadpool
    |     return await anyio.to_thread.run_sync(func)
    |            ^^^^^^^^^^^^^^^^^^^^^^^^^^^^^^^^^^^^
    |   File "C:\Users\Lenovo\OneDrive\Desktop\managment system\venv\Lib\site-packages\anyio\to_thread.py", line 63, in run_sync
    |     return await get_async_backend().run_sync_in_worker_thread(
    |            ^^^^^^^^^^^^^^^^^^^^^^^^^^^^^^^^^^^^^^^^^^^^^^^^^^^^
    |         func, args, abandon_on_cancel=abandon_on_cancel, limiter=limiter
    |         ^^^^^^^^^^^^^^^^^^^^^^^^^^^^^^^^^^^^^^^^^^^^^^^^^^^^^^^^^^^^^^^^
    |     )
    |     ^
    |   File "C:\Users\Lenovo\OneDrive\Desktop\managment system\venv\Lib\site-packages\anyio\_backends\_asyncio.py", line 2518, in run_sync_in_worker_thread
    |     return await future
    |            ^^^^^^^^^^^^
    |   File "C:\Users\Lenovo\OneDrive\Desktop\managment system\venv\Lib\site-packages\anyio\_backends\_asyncio.py", line 1002, in run
    |     result = context.run(func, *args)
    |   File "C:\Users\Lenovo\OneDrive\Desktop\managment system\app\api.py", line 270, in get_student
    |     student = service.get_student(student_id)
    |   File "C:\Users\Lenovo\OneDrive\Desktop\managment system\services\student_service.py", line 212, in get_student
    |     raise ValueError("Student not found")
    | ValueError: Student not found
    +------------------------------------

The above exception was the direct cause of the following exception:

Traceback (most recent call last):
  File "C:\Users\Lenovo\OneDrive\Desktop\managment system\venv\Lib\site-packages\starlette\middleware\errors.py", line 164, in __call__
    await self.app(scope, receive, _send)
  File "C:\Users\Lenovo\OneDrive\Desktop\managment system\venv\Lib\site-packages\starlette\middleware\base.py", line 191, in __call__
    with recv_stream, send_stream, collapse_excgroups():
                                   ~~~~~~~~~~~~~~~~~~^^
  File "C:\Python313\Lib\contextlib.py", line 162, in __exit__
    self.gen.throw(value)
    ~~~~~~~~~~~~~~^^^^^^^
  File "C:\Users\Lenovo\OneDrive\Desktop\managment system\venv\Lib\site-packages\starlette\_utils.py", line 87, in collapse_excgroups
    raise exc
  File "C:\Users\Lenovo\OneDrive\Desktop\managment system\venv\Lib\site-packages\starlette\middleware\base.py", line 193, in __call__
    response = await self.dispatch_func(request, call_next)
               ^^^^^^^^^^^^^^^^^^^^^^^^^^^^^^^^^^^^^^^^^^^^
  File "C:\Users\Lenovo\OneDrive\Desktop\managment system\middleware\rate_limit.py", line 52, in dispatch
    response = await call_next(request)
               ^^^^^^^^^^^^^^^^^^^^^^^^
  File "C:\Users\Lenovo\OneDrive\Desktop\managment system\venv\Lib\site-packages\starlette\middleware\base.py", line 168, in call_next
    raise app_exc from app_exc.__cause__ or app_exc.__context__
  File "C:\Users\Lenovo\OneDrive\Desktop\managment system\venv\Lib\site-packages\starlette\middleware\base.py", line 144, in coro
    await self.app(scope, receive_or_disconnect, send_no_error)
  File "C:\Users\Lenovo\OneDrive\Desktop\managment system\venv\Lib\site-packages\starlette\middleware\base.py", line 191, in __call__
    with recv_stream, send_stream, collapse_excgroups():
                                   ~~~~~~~~~~~~~~~~~~^^
  File "C:\Python313\Lib\contextlib.py", line 162, in __exit__
    self.gen.throw(value)
    ~~~~~~~~~~~~~~^^^^^^^
  File "C:\Users\Lenovo\OneDrive\Desktop\managment system\venv\Lib\site-packages\starlette\_utils.py", line 87, in collapse_excgroups
    raise exc
  File "C:\Users\Lenovo\OneDrive\Desktop\managment system\venv\Lib\site-packages\starlette\middleware\base.py", line 193, in __call__
    response = await self.dispatch_func(request, call_next)
               ^^^^^^^^^^^^^^^^^^^^^^^^^^^^^^^^^^^^^^^^^^^^
  File "C:\Users\Lenovo\OneDrive\Desktop\managment system\middleware\logging_middleware.py", line 24, in dispatch
    response = await call_next(request)
               ^^^^^^^^^^^^^^^^^^^^^^^^
  File "C:\Users\Lenovo\OneDrive\Desktop\managment system\venv\Lib\site-packages\starlette\middleware\base.py", line 168, in call_next
    raise app_exc from app_exc.__cause__ or app_exc.__context__
  File "C:\Users\Lenovo\OneDrive\Desktop\managment system\venv\Lib\site-packages\starlette\middleware\base.py", line 144, in coro
    await self.app(scope, receive_or_disconnect, send_no_error)
  File "C:\Users\Lenovo\OneDrive\Desktop\managment system\venv\Lib\site-packages\starlette\middleware\exceptions.py", line 63, in __call__
    await wrap_app_handling_exceptions(self.app, conn)(scope, receive, send)
  File "C:\Users\Lenovo\OneDrive\Desktop\managment system\venv\Lib\site-packages\starlette\_exception_handler.py", line 53, in wrapped_app
    raise exc
  File "C:\Users\Lenovo\OneDrive\Desktop\managment system\venv\Lib\site-packages\starlette\_exception_handler.py", line 42, in wrapped_app
    await app(scope, receive, sender)
  File "C:\Users\Lenovo\OneDrive\Desktop\managment system\venv\Lib\site-packages\fastapi\middleware\asyncexitstack.py", line 18, in __call__
    await self.app(scope, receive, send)
  File "C:\Users\Lenovo\OneDrive\Desktop\managment system\venv\Lib\site-packages\starlette\routing.py", line 660, in __call__
    await self.middleware_stack(scope, receive, send)
  File "C:\Users\Lenovo\OneDrive\Desktop\managment system\venv\Lib\site-packages\starlette\routing.py", line 680, in app
    await route.handle(scope, receive, send)
  File "C:\Users\Lenovo\OneDrive\Desktop\managment system\venv\Lib\site-packages\starlette\routing.py", line 276, in handle
    await self.app(scope, receive, send)
  File "C:\Users\Lenovo\OneDrive\Desktop\managment system\venv\Lib\site-packages\fastapi\routing.py", line 134, in app
    await wrap_app_handling_exceptions(app, request)(scope, receive, send)
  File "C:\Users\Lenovo\OneDrive\Desktop\managment system\venv\Lib\site-packages\starlette\_exception_handler.py", line 53, in wrapped_app
    raise exc
  File "C:\Users\Lenovo\OneDrive\Desktop\managment system\venv\Lib\site-packages\starlette\_exception_handler.py", line 42, in wrapped_app
    await app(scope, receive, sender)
  File "C:\Users\Lenovo\OneDrive\Desktop\managment system\venv\Lib\site-packages\fastapi\routing.py", line 120, in app
    response = await f(request)
               ^^^^^^^^^^^^^^^^
  File "C:\Users\Lenovo\OneDrive\Desktop\managment system\venv\Lib\site-packages\fastapi\routing.py", line 674, in app
    raw_response = await run_endpoint_function(
                   ^^^^^^^^^^^^^^^^^^^^^^^^^^^^
    ...<3 lines>...
    )
    ^
  File "C:\Users\Lenovo\OneDrive\Desktop\managment system\venv\Lib\site-packages\fastapi\routing.py", line 330, in run_endpoint_function
    return await run_in_threadpool(dependant.call, **values)
           ^^^^^^^^^^^^^^^^^^^^^^^^^^^^^^^^^^^^^^^^^^^^^^^^^
  File "C:\Users\Lenovo\OneDrive\Desktop\managment system\venv\Lib\site-packages\starlette\concurrency.py", line 32, in run_in_threadpool
    return await anyio.to_thread.run_sync(func)
           ^^^^^^^^^^^^^^^^^^^^^^^^^^^^^^^^^^^^
  File "C:\Users\Lenovo\OneDrive\Desktop\managment system\venv\Lib\site-packages\anyio\to_thread.py", line 63, in run_sync
    return await get_async_backend().run_sync_in_worker_thread(
           ^^^^^^^^^^^^^^^^^^^^^^^^^^^^^^^^^^^^^^^^^^^^^^^^^^^^
        func, args, abandon_on_cancel=abandon_on_cancel, limiter=limiter
        ^^^^^^^^^^^^^^^^^^^^^^^^^^^^^^^^^^^^^^^^^^^^^^^^^^^^^^^^^^^^^^^^
    )
    ^
  File "C:\Users\Lenovo\OneDrive\Desktop\managment system\venv\Lib\site-packages\anyio\_backends\_asyncio.py", line 2518, in run_sync_in_worker_thread
    return await future
           ^^^^^^^^^^^^
  File "C:\Users\Lenovo\OneDrive\Desktop\managment system\venv\Lib\site-packages\anyio\_backends\_asyncio.py", line 1002, in run
    result = context.run(func, *args)
  File "C:\Users\Lenovo\OneDrive\Desktop\managment system\app\api.py", line 270, in get_student
    student = service.get_student(student_id)
  File "C:\Users\Lenovo\OneDrive\Desktop\managment system\services\student_service.py", line 212, in get_student
    raise ValueError("Student not found")
ValueError: Student not found
2026-05-26 15:07:38,311 - INFO - Request Started | Method=GET Path=/students
2026-05-26 15:07:38,315 - INFO - Request Completed | Method=GET Path=/students Status=200 Time=0.0041s
2026-05-26 15:07:47,544 - INFO - Request Started | Method=GET Path=/students/S101/insights
2026-05-26 15:07:52,242 - INFO - Request Started | Method=GET Path=/students/S101/insights
2026-05-26 15:07:53,856 - INFO - Request Started | Method=GET Path=/students/S101/insights
2026-05-26 15:07:54,808 - INFO - Request Started | Method=GET Path=/students/S101/insights
2026-05-26 15:07:57,123 - INFO - Request Completed | Method=GET Path=/students/S101/insights Status=200 Time=9.5793s
2026-05-26 15:07:58,855 - INFO - Request Completed | Method=GET Path=/students/S101/insights Status=200 Time=4.0467s
2026-05-26 15:07:59,460 - INFO - Request Completed | Method=GET Path=/students/S101/insights Status=200 Time=5.6041s
2026-05-26 15:08:02,110 - INFO - Request Completed | Method=GET Path=/students/S101/insights Status=200 Time=9.8679s
2026-05-26 15:12:28,698 - INFO - Request Started | Method=GET Path=/students/dashboard
2026-05-26 15:12:28,732 - ERROR - Request Failed | Method=GET Path=/students/dashboard Time=0.0343s Error=Student not found
Traceback (most recent call last):
  File "C:\Users\Lenovo\OneDrive\Desktop\managment system\middleware\logging_middleware.py", line 24, in dispatch
    response = await call_next(request)
               ^^^^^^^^^^^^^^^^^^^^^^^^
  File "C:\Users\Lenovo\OneDrive\Desktop\managment system\venv\Lib\site-packages\starlette\middleware\base.py", line 168, in call_next
    raise app_exc from app_exc.__cause__ or app_exc.__context__
  File "C:\Users\Lenovo\OneDrive\Desktop\managment system\venv\Lib\site-packages\starlette\middleware\base.py", line 144, in coro
    await self.app(scope, receive_or_disconnect, send_no_error)
  File "C:\Users\Lenovo\OneDrive\Desktop\managment system\venv\Lib\site-packages\starlette\middleware\exceptions.py", line 63, in __call__
    await wrap_app_handling_exceptions(self.app, conn)(scope, receive, send)
  File "C:\Users\Lenovo\OneDrive\Desktop\managment system\venv\Lib\site-packages\starlette\_exception_handler.py", line 53, in wrapped_app
    raise exc
  File "C:\Users\Lenovo\OneDrive\Desktop\managment system\venv\Lib\site-packages\starlette\_exception_handler.py", line 42, in wrapped_app
    await app(scope, receive, sender)
  File "C:\Users\Lenovo\OneDrive\Desktop\managment system\venv\Lib\site-packages\fastapi\middleware\asyncexitstack.py", line 18, in __call__
    await self.app(scope, receive, send)
  File "C:\Users\Lenovo\OneDrive\Desktop\managment system\venv\Lib\site-packages\starlette\routing.py", line 660, in __call__
    await self.middleware_stack(scope, receive, send)
  File "C:\Users\Lenovo\OneDrive\Desktop\managment system\venv\Lib\site-packages\starlette\routing.py", line 680, in app
    await route.handle(scope, receive, send)
  File "C:\Users\Lenovo\OneDrive\Desktop\managment system\venv\Lib\site-packages\starlette\routing.py", line 276, in handle
    await self.app(scope, receive, send)
  File "C:\Users\Lenovo\OneDrive\Desktop\managment system\venv\Lib\site-packages\fastapi\routing.py", line 134, in app
    await wrap_app_handling_exceptions(app, request)(scope, receive, send)
  File "C:\Users\Lenovo\OneDrive\Desktop\managment system\venv\Lib\site-packages\starlette\_exception_handler.py", line 53, in wrapped_app
    raise exc
  File "C:\Users\Lenovo\OneDrive\Desktop\managment system\venv\Lib\site-packages\starlette\_exception_handler.py", line 42, in wrapped_app
    await app(scope, receive, sender)
  File "C:\Users\Lenovo\OneDrive\Desktop\managment system\venv\Lib\site-packages\fastapi\routing.py", line 120, in app
    response = await f(request)
               ^^^^^^^^^^^^^^^^
  File "C:\Users\Lenovo\OneDrive\Desktop\managment system\venv\Lib\site-packages\fastapi\routing.py", line 674, in app
    raw_response = await run_endpoint_function(
                   ^^^^^^^^^^^^^^^^^^^^^^^^^^^^
    ...<3 lines>...
    )
    ^
  File "C:\Users\Lenovo\OneDrive\Desktop\managment system\venv\Lib\site-packages\fastapi\routing.py", line 330, in run_endpoint_function
    return await run_in_threadpool(dependant.call, **values)
           ^^^^^^^^^^^^^^^^^^^^^^^^^^^^^^^^^^^^^^^^^^^^^^^^^
  File "C:\Users\Lenovo\OneDrive\Desktop\managment system\venv\Lib\site-packages\starlette\concurrency.py", line 32, in run_in_threadpool
    return await anyio.to_thread.run_sync(func)
           ^^^^^^^^^^^^^^^^^^^^^^^^^^^^^^^^^^^^
  File "C:\Users\Lenovo\OneDrive\Desktop\managment system\venv\Lib\site-packages\anyio\to_thread.py", line 63, in run_sync
    return await get_async_backend().run_sync_in_worker_thread(
           ^^^^^^^^^^^^^^^^^^^^^^^^^^^^^^^^^^^^^^^^^^^^^^^^^^^^
        func, args, abandon_on_cancel=abandon_on_cancel, limiter=limiter
        ^^^^^^^^^^^^^^^^^^^^^^^^^^^^^^^^^^^^^^^^^^^^^^^^^^^^^^^^^^^^^^^^
    )
    ^
  File "C:\Users\Lenovo\OneDrive\Desktop\managment system\venv\Lib\site-packages\anyio\_backends\_asyncio.py", line 2518, in run_sync_in_worker_thread
    return await future
           ^^^^^^^^^^^^
  File "C:\Users\Lenovo\OneDrive\Desktop\managment system\venv\Lib\site-packages\anyio\_backends\_asyncio.py", line 1002, in run
    result = context.run(func, *args)
  File "C:\Users\Lenovo\OneDrive\Desktop\managment system\app\api.py", line 270, in get_student
    student = service.get_student(student_id)
  File "C:\Users\Lenovo\OneDrive\Desktop\managment system\services\student_service.py", line 215, in get_student
    raise ValueError("Student not found")
ValueError: Student not found
2026-05-26 15:12:28,744 - ERROR - Student not found
  + Exception Group Traceback (most recent call last):
  |   File "C:\Users\Lenovo\OneDrive\Desktop\managment system\venv\Lib\site-packages\starlette\_utils.py", line 81, in collapse_excgroups
  |     yield
  |   File "C:\Users\Lenovo\OneDrive\Desktop\managment system\venv\Lib\site-packages\starlette\middleware\base.py", line 192, in __call__
  |     async with anyio.create_task_group() as task_group:
  |                ~~~~~~~~~~~~~~~~~~~~~~~^^
  |   File "C:\Users\Lenovo\OneDrive\Desktop\managment system\venv\Lib\site-packages\anyio\_backends\_asyncio.py", line 799, in __aexit__
  |     raise BaseExceptionGroup(
  |         "unhandled errors in a TaskGroup", self._exceptions
  |     ) from None
  | ExceptionGroup: unhandled errors in a TaskGroup (1 sub-exception)
  +-+---------------- 1 ----------------
    | Traceback (most recent call last):
    |   File "C:\Users\Lenovo\OneDrive\Desktop\managment system\venv\Lib\site-packages\starlette\middleware\errors.py", line 164, in __call__
    |     await self.app(scope, receive, _send)
    |   File "C:\Users\Lenovo\OneDrive\Desktop\managment system\venv\Lib\site-packages\starlette\middleware\base.py", line 191, in __call__
    |     with recv_stream, send_stream, collapse_excgroups():
    |                                    ~~~~~~~~~~~~~~~~~~^^
    |   File "C:\Python313\Lib\contextlib.py", line 162, in __exit__
    |     self.gen.throw(value)
    |     ~~~~~~~~~~~~~~^^^^^^^
    |   File "C:\Users\Lenovo\OneDrive\Desktop\managment system\venv\Lib\site-packages\starlette\_utils.py", line 87, in collapse_excgroups
    |     raise exc
    |   File "C:\Users\Lenovo\OneDrive\Desktop\managment system\venv\Lib\site-packages\starlette\middleware\base.py", line 193, in __call__
    |     response = await self.dispatch_func(request, call_next)
    |                ^^^^^^^^^^^^^^^^^^^^^^^^^^^^^^^^^^^^^^^^^^^^
    |   File "C:\Users\Lenovo\OneDrive\Desktop\managment system\middleware\rate_limit.py", line 52, in dispatch
    |     response = await call_next(request)
    |                ^^^^^^^^^^^^^^^^^^^^^^^^
    |   File "C:\Users\Lenovo\OneDrive\Desktop\managment system\venv\Lib\site-packages\starlette\middleware\base.py", line 168, in call_next
    |     raise app_exc from app_exc.__cause__ or app_exc.__context__
    |   File "C:\Users\Lenovo\OneDrive\Desktop\managment system\venv\Lib\site-packages\starlette\middleware\base.py", line 144, in coro
    |     await self.app(scope, receive_or_disconnect, send_no_error)
    |   File "C:\Users\Lenovo\OneDrive\Desktop\managment system\venv\Lib\site-packages\starlette\middleware\base.py", line 191, in __call__
    |     with recv_stream, send_stream, collapse_excgroups():
    |                                    ~~~~~~~~~~~~~~~~~~^^
    |   File "C:\Python313\Lib\contextlib.py", line 162, in __exit__
    |     self.gen.throw(value)
    |     ~~~~~~~~~~~~~~^^^^^^^
    |   File "C:\Users\Lenovo\OneDrive\Desktop\managment system\venv\Lib\site-packages\starlette\_utils.py", line 87, in collapse_excgroups
    |     raise exc
    |   File "C:\Users\Lenovo\OneDrive\Desktop\managment system\venv\Lib\site-packages\starlette\middleware\base.py", line 193, in __call__
    |     response = await self.dispatch_func(request, call_next)
    |                ^^^^^^^^^^^^^^^^^^^^^^^^^^^^^^^^^^^^^^^^^^^^
    |   File "C:\Users\Lenovo\OneDrive\Desktop\managment system\middleware\logging_middleware.py", line 24, in dispatch
    |     response = await call_next(request)
    |                ^^^^^^^^^^^^^^^^^^^^^^^^
    |   File "C:\Users\Lenovo\OneDrive\Desktop\managment system\venv\Lib\site-packages\starlette\middleware\base.py", line 168, in call_next
    |     raise app_exc from app_exc.__cause__ or app_exc.__context__
    |   File "C:\Users\Lenovo\OneDrive\Desktop\managment system\venv\Lib\site-packages\starlette\middleware\base.py", line 144, in coro
    |     await self.app(scope, receive_or_disconnect, send_no_error)
    |   File "C:\Users\Lenovo\OneDrive\Desktop\managment system\venv\Lib\site-packages\starlette\middleware\exceptions.py", line 63, in __call__
    |     await wrap_app_handling_exceptions(self.app, conn)(scope, receive, send)
    |   File "C:\Users\Lenovo\OneDrive\Desktop\managment system\venv\Lib\site-packages\starlette\_exception_handler.py", line 53, in wrapped_app
    |     raise exc
    |   File "C:\Users\Lenovo\OneDrive\Desktop\managment system\venv\Lib\site-packages\starlette\_exception_handler.py", line 42, in wrapped_app
    |     await app(scope, receive, sender)
    |   File "C:\Users\Lenovo\OneDrive\Desktop\managment system\venv\Lib\site-packages\fastapi\middleware\asyncexitstack.py", line 18, in __call__
    |     await self.app(scope, receive, send)
    |   File "C:\Users\Lenovo\OneDrive\Desktop\managment system\venv\Lib\site-packages\starlette\routing.py", line 660, in __call__
    |     await self.middleware_stack(scope, receive, send)
    |   File "C:\Users\Lenovo\OneDrive\Desktop\managment system\venv\Lib\site-packages\starlette\routing.py", line 680, in app
    |     await route.handle(scope, receive, send)
    |   File "C:\Users\Lenovo\OneDrive\Desktop\managment system\venv\Lib\site-packages\starlette\routing.py", line 276, in handle
    |     await self.app(scope, receive, send)
    |   File "C:\Users\Lenovo\OneDrive\Desktop\managment system\venv\Lib\site-packages\fastapi\routing.py", line 134, in app
    |     await wrap_app_handling_exceptions(app, request)(scope, receive, send)
    |   File "C:\Users\Lenovo\OneDrive\Desktop\managment system\venv\Lib\site-packages\starlette\_exception_handler.py", line 53, in wrapped_app
    |     raise exc
    |   File "C:\Users\Lenovo\OneDrive\Desktop\managment system\venv\Lib\site-packages\starlette\_exception_handler.py", line 42, in wrapped_app
    |     await app(scope, receive, sender)
    |   File "C:\Users\Lenovo\OneDrive\Desktop\managment system\venv\Lib\site-packages\fastapi\routing.py", line 120, in app
    |     response = await f(request)
    |                ^^^^^^^^^^^^^^^^
    |   File "C:\Users\Lenovo\OneDrive\Desktop\managment system\venv\Lib\site-packages\fastapi\routing.py", line 674, in app
    |     raw_response = await run_endpoint_function(
    |                    ^^^^^^^^^^^^^^^^^^^^^^^^^^^^
    |     ...<3 lines>...
    |     )
    |     ^
    |   File "C:\Users\Lenovo\OneDrive\Desktop\managment system\venv\Lib\site-packages\fastapi\routing.py", line 330, in run_endpoint_function
    |     return await run_in_threadpool(dependant.call, **values)
    |            ^^^^^^^^^^^^^^^^^^^^^^^^^^^^^^^^^^^^^^^^^^^^^^^^^
    |   File "C:\Users\Lenovo\OneDrive\Desktop\managment system\venv\Lib\site-packages\starlette\concurrency.py", line 32, in run_in_threadpool
    |     return await anyio.to_thread.run_sync(func)
    |            ^^^^^^^^^^^^^^^^^^^^^^^^^^^^^^^^^^^^
    |   File "C:\Users\Lenovo\OneDrive\Desktop\managment system\venv\Lib\site-packages\anyio\to_thread.py", line 63, in run_sync
    |     return await get_async_backend().run_sync_in_worker_thread(
    |            ^^^^^^^^^^^^^^^^^^^^^^^^^^^^^^^^^^^^^^^^^^^^^^^^^^^^
    |         func, args, abandon_on_cancel=abandon_on_cancel, limiter=limiter
    |         ^^^^^^^^^^^^^^^^^^^^^^^^^^^^^^^^^^^^^^^^^^^^^^^^^^^^^^^^^^^^^^^^
    |     )
    |     ^
    |   File "C:\Users\Lenovo\OneDrive\Desktop\managment system\venv\Lib\site-packages\anyio\_backends\_asyncio.py", line 2518, in run_sync_in_worker_thread
    |     return await future
    |            ^^^^^^^^^^^^
    |   File "C:\Users\Lenovo\OneDrive\Desktop\managment system\venv\Lib\site-packages\anyio\_backends\_asyncio.py", line 1002, in run
    |     result = context.run(func, *args)
    |   File "C:\Users\Lenovo\OneDrive\Desktop\managment system\app\api.py", line 270, in get_student
    |     student = service.get_student(student_id)
    |   File "C:\Users\Lenovo\OneDrive\Desktop\managment system\services\student_service.py", line 215, in get_student
    |     raise ValueError("Student not found")
    | ValueError: Student not found
    +------------------------------------

The above exception was the direct cause of the following exception:

Traceback (most recent call last):
  File "C:\Users\Lenovo\OneDrive\Desktop\managment system\venv\Lib\site-packages\starlette\middleware\errors.py", line 164, in __call__
    await self.app(scope, receive, _send)
  File "C:\Users\Lenovo\OneDrive\Desktop\managment system\venv\Lib\site-packages\starlette\middleware\base.py", line 191, in __call__
    with recv_stream, send_stream, collapse_excgroups():
                                   ~~~~~~~~~~~~~~~~~~^^
  File "C:\Python313\Lib\contextlib.py", line 162, in __exit__
    self.gen.throw(value)
    ~~~~~~~~~~~~~~^^^^^^^
  File "C:\Users\Lenovo\OneDrive\Desktop\managment system\venv\Lib\site-packages\starlette\_utils.py", line 87, in collapse_excgroups
    raise exc
  File "C:\Users\Lenovo\OneDrive\Desktop\managment system\venv\Lib\site-packages\starlette\middleware\base.py", line 193, in __call__
    response = await self.dispatch_func(request, call_next)
               ^^^^^^^^^^^^^^^^^^^^^^^^^^^^^^^^^^^^^^^^^^^^
  File "C:\Users\Lenovo\OneDrive\Desktop\managment system\middleware\rate_limit.py", line 52, in dispatch
    response = await call_next(request)
               ^^^^^^^^^^^^^^^^^^^^^^^^
  File "C:\Users\Lenovo\OneDrive\Desktop\managment system\venv\Lib\site-packages\starlette\middleware\base.py", line 168, in call_next
    raise app_exc from app_exc.__cause__ or app_exc.__context__
  File "C:\Users\Lenovo\OneDrive\Desktop\managment system\venv\Lib\site-packages\starlette\middleware\base.py", line 144, in coro
    await self.app(scope, receive_or_disconnect, send_no_error)
  File "C:\Users\Lenovo\OneDrive\Desktop\managment system\venv\Lib\site-packages\starlette\middleware\base.py", line 191, in __call__
    with recv_stream, send_stream, collapse_excgroups():
                                   ~~~~~~~~~~~~~~~~~~^^
  File "C:\Python313\Lib\contextlib.py", line 162, in __exit__
    self.gen.throw(value)
    ~~~~~~~~~~~~~~^^^^^^^
  File "C:\Users\Lenovo\OneDrive\Desktop\managment system\venv\Lib\site-packages\starlette\_utils.py", line 87, in collapse_excgroups
    raise exc
  File "C:\Users\Lenovo\OneDrive\Desktop\managment system\venv\Lib\site-packages\starlette\middleware\base.py", line 193, in __call__
    response = await self.dispatch_func(request, call_next)
               ^^^^^^^^^^^^^^^^^^^^^^^^^^^^^^^^^^^^^^^^^^^^
  File "C:\Users\Lenovo\OneDrive\Desktop\managment system\middleware\logging_middleware.py", line 24, in dispatch
    response = await call_next(request)
               ^^^^^^^^^^^^^^^^^^^^^^^^
  File "C:\Users\Lenovo\OneDrive\Desktop\managment system\venv\Lib\site-packages\starlette\middleware\base.py", line 168, in call_next
    raise app_exc from app_exc.__cause__ or app_exc.__context__
  File "C:\Users\Lenovo\OneDrive\Desktop\managment system\venv\Lib\site-packages\starlette\middleware\base.py", line 144, in coro
    await self.app(scope, receive_or_disconnect, send_no_error)
  File "C:\Users\Lenovo\OneDrive\Desktop\managment system\venv\Lib\site-packages\starlette\middleware\exceptions.py", line 63, in __call__
    await wrap_app_handling_exceptions(self.app, conn)(scope, receive, send)
  File "C:\Users\Lenovo\OneDrive\Desktop\managment system\venv\Lib\site-packages\starlette\_exception_handler.py", line 53, in wrapped_app
    raise exc
  File "C:\Users\Lenovo\OneDrive\Desktop\managment system\venv\Lib\site-packages\starlette\_exception_handler.py", line 42, in wrapped_app
    await app(scope, receive, sender)
  File "C:\Users\Lenovo\OneDrive\Desktop\managment system\venv\Lib\site-packages\fastapi\middleware\asyncexitstack.py", line 18, in __call__
    await self.app(scope, receive, send)
  File "C:\Users\Lenovo\OneDrive\Desktop\managment system\venv\Lib\site-packages\starlette\routing.py", line 660, in __call__
    await self.middleware_stack(scope, receive, send)
  File "C:\Users\Lenovo\OneDrive\Desktop\managment system\venv\Lib\site-packages\starlette\routing.py", line 680, in app
    await route.handle(scope, receive, send)
  File "C:\Users\Lenovo\OneDrive\Desktop\managment system\venv\Lib\site-packages\starlette\routing.py", line 276, in handle
    await self.app(scope, receive, send)
  File "C:\Users\Lenovo\OneDrive\Desktop\managment system\venv\Lib\site-packages\fastapi\routing.py", line 134, in app
    await wrap_app_handling_exceptions(app, request)(scope, receive, send)
  File "C:\Users\Lenovo\OneDrive\Desktop\managment system\venv\Lib\site-packages\starlette\_exception_handler.py", line 53, in wrapped_app
    raise exc
  File "C:\Users\Lenovo\OneDrive\Desktop\managment system\venv\Lib\site-packages\starlette\_exception_handler.py", line 42, in wrapped_app
    await app(scope, receive, sender)
  File "C:\Users\Lenovo\OneDrive\Desktop\managment system\venv\Lib\site-packages\fastapi\routing.py", line 120, in app
    response = await f(request)
               ^^^^^^^^^^^^^^^^
  File "C:\Users\Lenovo\OneDrive\Desktop\managment system\venv\Lib\site-packages\fastapi\routing.py", line 674, in app
    raw_response = await run_endpoint_function(
                   ^^^^^^^^^^^^^^^^^^^^^^^^^^^^
    ...<3 lines>...
    )
    ^
  File "C:\Users\Lenovo\OneDrive\Desktop\managment system\venv\Lib\site-packages\fastapi\routing.py", line 330, in run_endpoint_function
    return await run_in_threadpool(dependant.call, **values)
           ^^^^^^^^^^^^^^^^^^^^^^^^^^^^^^^^^^^^^^^^^^^^^^^^^
  File "C:\Users\Lenovo\OneDrive\Desktop\managment system\venv\Lib\site-packages\starlette\concurrency.py", line 32, in run_in_threadpool
    return await anyio.to_thread.run_sync(func)
           ^^^^^^^^^^^^^^^^^^^^^^^^^^^^^^^^^^^^
  File "C:\Users\Lenovo\OneDrive\Desktop\managment system\venv\Lib\site-packages\anyio\to_thread.py", line 63, in run_sync
    return await get_async_backend().run_sync_in_worker_thread(
           ^^^^^^^^^^^^^^^^^^^^^^^^^^^^^^^^^^^^^^^^^^^^^^^^^^^^
        func, args, abandon_on_cancel=abandon_on_cancel, limiter=limiter
        ^^^^^^^^^^^^^^^^^^^^^^^^^^^^^^^^^^^^^^^^^^^^^^^^^^^^^^^^^^^^^^^^
    )
    ^
  File "C:\Users\Lenovo\OneDrive\Desktop\managment system\venv\Lib\site-packages\anyio\_backends\_asyncio.py", line 2518, in run_sync_in_worker_thread
    return await future
           ^^^^^^^^^^^^
  File "C:\Users\Lenovo\OneDrive\Desktop\managment system\venv\Lib\site-packages\anyio\_backends\_asyncio.py", line 1002, in run
    result = context.run(func, *args)
  File "C:\Users\Lenovo\OneDrive\Desktop\managment system\app\api.py", line 270, in get_student
    student = service.get_student(student_id)
  File "C:\Users\Lenovo\OneDrive\Desktop\managment system\services\student_service.py", line 215, in get_student
    raise ValueError("Student not found")
ValueError: Student not found
2026-05-26 15:12:33,711 - INFO - Request Started | Method=GET Path=/students
2026-05-26 15:12:33,740 - INFO - Request Completed | Method=GET Path=/students Status=200 Time=0.0291s
2026-05-26 15:12:42,781 - INFO - Request Started | Method=GET Path=/students/dashboard
2026-05-26 15:12:42,785 - ERROR - Request Failed | Method=GET Path=/students/dashboard Time=0.0039s Error=Student not found
Traceback (most recent call last):
  File "C:\Users\Lenovo\OneDrive\Desktop\managment system\middleware\logging_middleware.py", line 24, in dispatch
    response = await call_next(request)
               ^^^^^^^^^^^^^^^^^^^^^^^^
  File "C:\Users\Lenovo\OneDrive\Desktop\managment system\venv\Lib\site-packages\starlette\middleware\base.py", line 168, in call_next
    raise app_exc from app_exc.__cause__ or app_exc.__context__
  File "C:\Users\Lenovo\OneDrive\Desktop\managment system\venv\Lib\site-packages\starlette\middleware\base.py", line 144, in coro
    await self.app(scope, receive_or_disconnect, send_no_error)
  File "C:\Users\Lenovo\OneDrive\Desktop\managment system\venv\Lib\site-packages\starlette\middleware\exceptions.py", line 63, in __call__
    await wrap_app_handling_exceptions(self.app, conn)(scope, receive, send)
  File "C:\Users\Lenovo\OneDrive\Desktop\managment system\venv\Lib\site-packages\starlette\_exception_handler.py", line 53, in wrapped_app
    raise exc
  File "C:\Users\Lenovo\OneDrive\Desktop\managment system\venv\Lib\site-packages\starlette\_exception_handler.py", line 42, in wrapped_app
    await app(scope, receive, sender)
  File "C:\Users\Lenovo\OneDrive\Desktop\managment system\venv\Lib\site-packages\fastapi\middleware\asyncexitstack.py", line 18, in __call__
    await self.app(scope, receive, send)
  File "C:\Users\Lenovo\OneDrive\Desktop\managment system\venv\Lib\site-packages\starlette\routing.py", line 660, in __call__
    await self.middleware_stack(scope, receive, send)
  File "C:\Users\Lenovo\OneDrive\Desktop\managment system\venv\Lib\site-packages\starlette\routing.py", line 680, in app
    await route.handle(scope, receive, send)
  File "C:\Users\Lenovo\OneDrive\Desktop\managment system\venv\Lib\site-packages\starlette\routing.py", line 276, in handle
    await self.app(scope, receive, send)
  File "C:\Users\Lenovo\OneDrive\Desktop\managment system\venv\Lib\site-packages\fastapi\routing.py", line 134, in app
    await wrap_app_handling_exceptions(app, request)(scope, receive, send)
  File "C:\Users\Lenovo\OneDrive\Desktop\managment system\venv\Lib\site-packages\starlette\_exception_handler.py", line 53, in wrapped_app
    raise exc
  File "C:\Users\Lenovo\OneDrive\Desktop\managment system\venv\Lib\site-packages\starlette\_exception_handler.py", line 42, in wrapped_app
    await app(scope, receive, sender)
  File "C:\Users\Lenovo\OneDrive\Desktop\managment system\venv\Lib\site-packages\fastapi\routing.py", line 120, in app
    response = await f(request)
               ^^^^^^^^^^^^^^^^
  File "C:\Users\Lenovo\OneDrive\Desktop\managment system\venv\Lib\site-packages\fastapi\routing.py", line 674, in app
    raw_response = await run_endpoint_function(
                   ^^^^^^^^^^^^^^^^^^^^^^^^^^^^
    ...<3 lines>...
    )
    ^
  File "C:\Users\Lenovo\OneDrive\Desktop\managment system\venv\Lib\site-packages\fastapi\routing.py", line 330, in run_endpoint_function
    return await run_in_threadpool(dependant.call, **values)
           ^^^^^^^^^^^^^^^^^^^^^^^^^^^^^^^^^^^^^^^^^^^^^^^^^
  File "C:\Users\Lenovo\OneDrive\Desktop\managment system\venv\Lib\site-packages\starlette\concurrency.py", line 32, in run_in_threadpool
    return await anyio.to_thread.run_sync(func)
           ^^^^^^^^^^^^^^^^^^^^^^^^^^^^^^^^^^^^
  File "C:\Users\Lenovo\OneDrive\Desktop\managment system\venv\Lib\site-packages\anyio\to_thread.py", line 63, in run_sync
    return await get_async_backend().run_sync_in_worker_thread(
           ^^^^^^^^^^^^^^^^^^^^^^^^^^^^^^^^^^^^^^^^^^^^^^^^^^^^
        func, args, abandon_on_cancel=abandon_on_cancel, limiter=limiter
        ^^^^^^^^^^^^^^^^^^^^^^^^^^^^^^^^^^^^^^^^^^^^^^^^^^^^^^^^^^^^^^^^
    )
    ^
  File "C:\Users\Lenovo\OneDrive\Desktop\managment system\venv\Lib\site-packages\anyio\_backends\_asyncio.py", line 2518, in run_sync_in_worker_thread
    return await future
           ^^^^^^^^^^^^
  File "C:\Users\Lenovo\OneDrive\Desktop\managment system\venv\Lib\site-packages\anyio\_backends\_asyncio.py", line 1002, in run
    result = context.run(func, *args)
  File "C:\Users\Lenovo\OneDrive\Desktop\managment system\app\api.py", line 270, in get_student
    student = service.get_student(student_id)
  File "C:\Users\Lenovo\OneDrive\Desktop\managment system\services\student_service.py", line 215, in get_student
    raise ValueError("Student not found")
ValueError: Student not found
2026-05-26 15:12:42,790 - ERROR - Student not found
  + Exception Group Traceback (most recent call last):
  |   File "C:\Users\Lenovo\OneDrive\Desktop\managment system\venv\Lib\site-packages\starlette\_utils.py", line 81, in collapse_excgroups
  |     yield
  |   File "C:\Users\Lenovo\OneDrive\Desktop\managment system\venv\Lib\site-packages\starlette\middleware\base.py", line 192, in __call__
  |     async with anyio.create_task_group() as task_group:
  |                ~~~~~~~~~~~~~~~~~~~~~~~^^
  |   File "C:\Users\Lenovo\OneDrive\Desktop\managment system\venv\Lib\site-packages\anyio\_backends\_asyncio.py", line 799, in __aexit__
  |     raise BaseExceptionGroup(
  |         "unhandled errors in a TaskGroup", self._exceptions
  |     ) from None
  | ExceptionGroup: unhandled errors in a TaskGroup (1 sub-exception)
  +-+---------------- 1 ----------------
    | Traceback (most recent call last):
    |   File "C:\Users\Lenovo\OneDrive\Desktop\managment system\venv\Lib\site-packages\starlette\middleware\errors.py", line 164, in __call__
    |     await self.app(scope, receive, _send)
    |   File "C:\Users\Lenovo\OneDrive\Desktop\managment system\venv\Lib\site-packages\starlette\middleware\base.py", line 191, in __call__
    |     with recv_stream, send_stream, collapse_excgroups():
    |                                    ~~~~~~~~~~~~~~~~~~^^
    |   File "C:\Python313\Lib\contextlib.py", line 162, in __exit__
    |     self.gen.throw(value)
    |     ~~~~~~~~~~~~~~^^^^^^^
    |   File "C:\Users\Lenovo\OneDrive\Desktop\managment system\venv\Lib\site-packages\starlette\_utils.py", line 87, in collapse_excgroups
    |     raise exc
    |   File "C:\Users\Lenovo\OneDrive\Desktop\managment system\venv\Lib\site-packages\starlette\middleware\base.py", line 193, in __call__
    |     response = await self.dispatch_func(request, call_next)
    |                ^^^^^^^^^^^^^^^^^^^^^^^^^^^^^^^^^^^^^^^^^^^^
    |   File "C:\Users\Lenovo\OneDrive\Desktop\managment system\middleware\rate_limit.py", line 52, in dispatch
    |     response = await call_next(request)
    |                ^^^^^^^^^^^^^^^^^^^^^^^^
    |   File "C:\Users\Lenovo\OneDrive\Desktop\managment system\venv\Lib\site-packages\starlette\middleware\base.py", line 168, in call_next
    |     raise app_exc from app_exc.__cause__ or app_exc.__context__
    |   File "C:\Users\Lenovo\OneDrive\Desktop\managment system\venv\Lib\site-packages\starlette\middleware\base.py", line 144, in coro
    |     await self.app(scope, receive_or_disconnect, send_no_error)
    |   File "C:\Users\Lenovo\OneDrive\Desktop\managment system\venv\Lib\site-packages\starlette\middleware\base.py", line 191, in __call__
    |     with recv_stream, send_stream, collapse_excgroups():
    |                                    ~~~~~~~~~~~~~~~~~~^^
    |   File "C:\Python313\Lib\contextlib.py", line 162, in __exit__
    |     self.gen.throw(value)
    |     ~~~~~~~~~~~~~~^^^^^^^
    |   File "C:\Users\Lenovo\OneDrive\Desktop\managment system\venv\Lib\site-packages\starlette\_utils.py", line 87, in collapse_excgroups
    |     raise exc
    |   File "C:\Users\Lenovo\OneDrive\Desktop\managment system\venv\Lib\site-packages\starlette\middleware\base.py", line 193, in __call__
    |     response = await self.dispatch_func(request, call_next)
    |                ^^^^^^^^^^^^^^^^^^^^^^^^^^^^^^^^^^^^^^^^^^^^
    |   File "C:\Users\Lenovo\OneDrive\Desktop\managment system\middleware\logging_middleware.py", line 24, in dispatch
    |     response = await call_next(request)
    |                ^^^^^^^^^^^^^^^^^^^^^^^^
    |   File "C:\Users\Lenovo\OneDrive\Desktop\managment system\venv\Lib\site-packages\starlette\middleware\base.py", line 168, in call_next
    |     raise app_exc from app_exc.__cause__ or app_exc.__context__
    |   File "C:\Users\Lenovo\OneDrive\Desktop\managment system\venv\Lib\site-packages\starlette\middleware\base.py", line 144, in coro
    |     await self.app(scope, receive_or_disconnect, send_no_error)
    |   File "C:\Users\Lenovo\OneDrive\Desktop\managment system\venv\Lib\site-packages\starlette\middleware\exceptions.py", line 63, in __call__
    |     await wrap_app_handling_exceptions(self.app, conn)(scope, receive, send)
    |   File "C:\Users\Lenovo\OneDrive\Desktop\managment system\venv\Lib\site-packages\starlette\_exception_handler.py", line 53, in wrapped_app
    |     raise exc
    |   File "C:\Users\Lenovo\OneDrive\Desktop\managment system\venv\Lib\site-packages\starlette\_exception_handler.py", line 42, in wrapped_app
    |     await app(scope, receive, sender)
    |   File "C:\Users\Lenovo\OneDrive\Desktop\managment system\venv\Lib\site-packages\fastapi\middleware\asyncexitstack.py", line 18, in __call__
    |     await self.app(scope, receive, send)
    |   File "C:\Users\Lenovo\OneDrive\Desktop\managment system\venv\Lib\site-packages\starlette\routing.py", line 660, in __call__
    |     await self.middleware_stack(scope, receive, send)
    |   File "C:\Users\Lenovo\OneDrive\Desktop\managment system\venv\Lib\site-packages\starlette\routing.py", line 680, in app
    |     await route.handle(scope, receive, send)
    |   File "C:\Users\Lenovo\OneDrive\Desktop\managment system\venv\Lib\site-packages\starlette\routing.py", line 276, in handle
    |     await self.app(scope, receive, send)
    |   File "C:\Users\Lenovo\OneDrive\Desktop\managment system\venv\Lib\site-packages\fastapi\routing.py", line 134, in app
    |     await wrap_app_handling_exceptions(app, request)(scope, receive, send)
    |   File "C:\Users\Lenovo\OneDrive\Desktop\managment system\venv\Lib\site-packages\starlette\_exception_handler.py", line 53, in wrapped_app
    |     raise exc
    |   File "C:\Users\Lenovo\OneDrive\Desktop\managment system\venv\Lib\site-packages\starlette\_exception_handler.py", line 42, in wrapped_app
    |     await app(scope, receive, sender)
    |   File "C:\Users\Lenovo\OneDrive\Desktop\managment system\venv\Lib\site-packages\fastapi\routing.py", line 120, in app
    |     response = await f(request)
    |                ^^^^^^^^^^^^^^^^
    |   File "C:\Users\Lenovo\OneDrive\Desktop\managment system\venv\Lib\site-packages\fastapi\routing.py", line 674, in app
    |     raw_response = await run_endpoint_function(
    |                    ^^^^^^^^^^^^^^^^^^^^^^^^^^^^
    |     ...<3 lines>...
    |     )
    |     ^
    |   File "C:\Users\Lenovo\OneDrive\Desktop\managment system\venv\Lib\site-packages\fastapi\routing.py", line 330, in run_endpoint_function
    |     return await run_in_threadpool(dependant.call, **values)
    |            ^^^^^^^^^^^^^^^^^^^^^^^^^^^^^^^^^^^^^^^^^^^^^^^^^
    |   File "C:\Users\Lenovo\OneDrive\Desktop\managment system\venv\Lib\site-packages\starlette\concurrency.py", line 32, in run_in_threadpool
    |     return await anyio.to_thread.run_sync(func)
    |            ^^^^^^^^^^^^^^^^^^^^^^^^^^^^^^^^^^^^
    |   File "C:\Users\Lenovo\OneDrive\Desktop\managment system\venv\Lib\site-packages\anyio\to_thread.py", line 63, in run_sync
    |     return await get_async_backend().run_sync_in_worker_thread(
    |            ^^^^^^^^^^^^^^^^^^^^^^^^^^^^^^^^^^^^^^^^^^^^^^^^^^^^
    |         func, args, abandon_on_cancel=abandon_on_cancel, limiter=limiter
    |         ^^^^^^^^^^^^^^^^^^^^^^^^^^^^^^^^^^^^^^^^^^^^^^^^^^^^^^^^^^^^^^^^
    |     )
    |     ^
    |   File "C:\Users\Lenovo\OneDrive\Desktop\managment system\venv\Lib\site-packages\anyio\_backends\_asyncio.py", line 2518, in run_sync_in_worker_thread
    |     return await future
    |            ^^^^^^^^^^^^
    |   File "C:\Users\Lenovo\OneDrive\Desktop\managment system\venv\Lib\site-packages\anyio\_backends\_asyncio.py", line 1002, in run
    |     result = context.run(func, *args)
    |   File "C:\Users\Lenovo\OneDrive\Desktop\managment system\app\api.py", line 270, in get_student
    |     student = service.get_student(student_id)
    |   File "C:\Users\Lenovo\OneDrive\Desktop\managment system\services\student_service.py", line 215, in get_student
    |     raise ValueError("Student not found")
    | ValueError: Student not found
    +------------------------------------

The above exception was the direct cause of the following exception:

Traceback (most recent call last):
  File "C:\Users\Lenovo\OneDrive\Desktop\managment system\venv\Lib\site-packages\starlette\middleware\errors.py", line 164, in __call__
    await self.app(scope, receive, _send)
  File "C:\Users\Lenovo\OneDrive\Desktop\managment system\venv\Lib\site-packages\starlette\middleware\base.py", line 191, in __call__
    with recv_stream, send_stream, collapse_excgroups():
                                   ~~~~~~~~~~~~~~~~~~^^
  File "C:\Python313\Lib\contextlib.py", line 162, in __exit__
    self.gen.throw(value)
    ~~~~~~~~~~~~~~^^^^^^^
  File "C:\Users\Lenovo\OneDrive\Desktop\managment system\venv\Lib\site-packages\starlette\_utils.py", line 87, in collapse_excgroups
    raise exc
  File "C:\Users\Lenovo\OneDrive\Desktop\managment system\venv\Lib\site-packages\starlette\middleware\base.py", line 193, in __call__
    response = await self.dispatch_func(request, call_next)
               ^^^^^^^^^^^^^^^^^^^^^^^^^^^^^^^^^^^^^^^^^^^^
  File "C:\Users\Lenovo\OneDrive\Desktop\managment system\middleware\rate_limit.py", line 52, in dispatch
    response = await call_next(request)
               ^^^^^^^^^^^^^^^^^^^^^^^^
  File "C:\Users\Lenovo\OneDrive\Desktop\managment system\venv\Lib\site-packages\starlette\middleware\base.py", line 168, in call_next
    raise app_exc from app_exc.__cause__ or app_exc.__context__
  File "C:\Users\Lenovo\OneDrive\Desktop\managment system\venv\Lib\site-packages\starlette\middleware\base.py", line 144, in coro
    await self.app(scope, receive_or_disconnect, send_no_error)
  File "C:\Users\Lenovo\OneDrive\Desktop\managment system\venv\Lib\site-packages\starlette\middleware\base.py", line 191, in __call__
    with recv_stream, send_stream, collapse_excgroups():
                                   ~~~~~~~~~~~~~~~~~~^^
  File "C:\Python313\Lib\contextlib.py", line 162, in __exit__
    self.gen.throw(value)
    ~~~~~~~~~~~~~~^^^^^^^
  File "C:\Users\Lenovo\OneDrive\Desktop\managment system\venv\Lib\site-packages\starlette\_utils.py", line 87, in collapse_excgroups
    raise exc
  File "C:\Users\Lenovo\OneDrive\Desktop\managment system\venv\Lib\site-packages\starlette\middleware\base.py", line 193, in __call__
    response = await self.dispatch_func(request, call_next)
               ^^^^^^^^^^^^^^^^^^^^^^^^^^^^^^^^^^^^^^^^^^^^
  File "C:\Users\Lenovo\OneDrive\Desktop\managment system\middleware\logging_middleware.py", line 24, in dispatch
    response = await call_next(request)
               ^^^^^^^^^^^^^^^^^^^^^^^^
  File "C:\Users\Lenovo\OneDrive\Desktop\managment system\venv\Lib\site-packages\starlette\middleware\base.py", line 168, in call_next
    raise app_exc from app_exc.__cause__ or app_exc.__context__
  File "C:\Users\Lenovo\OneDrive\Desktop\managment system\venv\Lib\site-packages\starlette\middleware\base.py", line 144, in coro
    await self.app(scope, receive_or_disconnect, send_no_error)
  File "C:\Users\Lenovo\OneDrive\Desktop\managment system\venv\Lib\site-packages\starlette\middleware\exceptions.py", line 63, in __call__
    await wrap_app_handling_exceptions(self.app, conn)(scope, receive, send)
  File "C:\Users\Lenovo\OneDrive\Desktop\managment system\venv\Lib\site-packages\starlette\_exception_handler.py", line 53, in wrapped_app
    raise exc
  File "C:\Users\Lenovo\OneDrive\Desktop\managment system\venv\Lib\site-packages\starlette\_exception_handler.py", line 42, in wrapped_app
    await app(scope, receive, sender)
  File "C:\Users\Lenovo\OneDrive\Desktop\managment system\venv\Lib\site-packages\fastapi\middleware\asyncexitstack.py", line 18, in __call__
    await self.app(scope, receive, send)
  File "C:\Users\Lenovo\OneDrive\Desktop\managment system\venv\Lib\site-packages\starlette\routing.py", line 660, in __call__
    await self.middleware_stack(scope, receive, send)
  File "C:\Users\Lenovo\OneDrive\Desktop\managment system\venv\Lib\site-packages\starlette\routing.py", line 680, in app
    await route.handle(scope, receive, send)
  File "C:\Users\Lenovo\OneDrive\Desktop\managment system\venv\Lib\site-packages\starlette\routing.py", line 276, in handle
    await self.app(scope, receive, send)
  File "C:\Users\Lenovo\OneDrive\Desktop\managment system\venv\Lib\site-packages\fastapi\routing.py", line 134, in app
    await wrap_app_handling_exceptions(app, request)(scope, receive, send)
  File "C:\Users\Lenovo\OneDrive\Desktop\managment system\venv\Lib\site-packages\starlette\_exception_handler.py", line 53, in wrapped_app
    raise exc
  File "C:\Users\Lenovo\OneDrive\Desktop\managment system\venv\Lib\site-packages\starlette\_exception_handler.py", line 42, in wrapped_app
    await app(scope, receive, sender)
  File "C:\Users\Lenovo\OneDrive\Desktop\managment system\venv\Lib\site-packages\fastapi\routing.py", line 120, in app
    response = await f(request)
               ^^^^^^^^^^^^^^^^
  File "C:\Users\Lenovo\OneDrive\Desktop\managment system\venv\Lib\site-packages\fastapi\routing.py", line 674, in app
    raw_response = await run_endpoint_function(
                   ^^^^^^^^^^^^^^^^^^^^^^^^^^^^
    ...<3 lines>...
    )
    ^
  File "C:\Users\Lenovo\OneDrive\Desktop\managment system\venv\Lib\site-packages\fastapi\routing.py", line 330, in run_endpoint_function
    return await run_in_threadpool(dependant.call, **values)
           ^^^^^^^^^^^^^^^^^^^^^^^^^^^^^^^^^^^^^^^^^^^^^^^^^
  File "C:\Users\Lenovo\OneDrive\Desktop\managment system\venv\Lib\site-packages\starlette\concurrency.py", line 32, in run_in_threadpool
    return await anyio.to_thread.run_sync(func)
           ^^^^^^^^^^^^^^^^^^^^^^^^^^^^^^^^^^^^
  File "C:\Users\Lenovo\OneDrive\Desktop\managment system\venv\Lib\site-packages\anyio\to_thread.py", line 63, in run_sync
    return await get_async_backend().run_sync_in_worker_thread(
           ^^^^^^^^^^^^^^^^^^^^^^^^^^^^^^^^^^^^^^^^^^^^^^^^^^^^
        func, args, abandon_on_cancel=abandon_on_cancel, limiter=limiter
        ^^^^^^^^^^^^^^^^^^^^^^^^^^^^^^^^^^^^^^^^^^^^^^^^^^^^^^^^^^^^^^^^
    )
    ^
  File "C:\Users\Lenovo\OneDrive\Desktop\managment system\venv\Lib\site-packages\anyio\_backends\_asyncio.py", line 2518, in run_sync_in_worker_thread
    return await future
           ^^^^^^^^^^^^
  File "C:\Users\Lenovo\OneDrive\Desktop\managment system\venv\Lib\site-packages\anyio\_backends\_asyncio.py", line 1002, in run
    result = context.run(func, *args)
  File "C:\Users\Lenovo\OneDrive\Desktop\managment system\app\api.py", line 270, in get_student
    student = service.get_student(student_id)
  File "C:\Users\Lenovo\OneDrive\Desktop\managment system\services\student_service.py", line 215, in get_student
    raise ValueError("Student not found")
ValueError: Student not found
2026-05-26 15:13:26,878 - INFO - Request Started | Method=GET Path=/students/dashboard
2026-05-26 15:13:26,882 - ERROR - Request Failed | Method=GET Path=/students/dashboard Time=0.0039s Error=Student not found
Traceback (most recent call last):
  File "C:\Users\Lenovo\OneDrive\Desktop\managment system\middleware\logging_middleware.py", line 24, in dispatch
    response = await call_next(request)
               ^^^^^^^^^^^^^^^^^^^^^^^^
  File "C:\Users\Lenovo\OneDrive\Desktop\managment system\venv\Lib\site-packages\starlette\middleware\base.py", line 168, in call_next
    raise app_exc from app_exc.__cause__ or app_exc.__context__
  File "C:\Users\Lenovo\OneDrive\Desktop\managment system\venv\Lib\site-packages\starlette\middleware\base.py", line 144, in coro
    await self.app(scope, receive_or_disconnect, send_no_error)
  File "C:\Users\Lenovo\OneDrive\Desktop\managment system\venv\Lib\site-packages\starlette\middleware\exceptions.py", line 63, in __call__
    await wrap_app_handling_exceptions(self.app, conn)(scope, receive, send)
  File "C:\Users\Lenovo\OneDrive\Desktop\managment system\venv\Lib\site-packages\starlette\_exception_handler.py", line 53, in wrapped_app
    raise exc
  File "C:\Users\Lenovo\OneDrive\Desktop\managment system\venv\Lib\site-packages\starlette\_exception_handler.py", line 42, in wrapped_app
    await app(scope, receive, sender)
  File "C:\Users\Lenovo\OneDrive\Desktop\managment system\venv\Lib\site-packages\fastapi\middleware\asyncexitstack.py", line 18, in __call__
    await self.app(scope, receive, send)
  File "C:\Users\Lenovo\OneDrive\Desktop\managment system\venv\Lib\site-packages\starlette\routing.py", line 660, in __call__
    await self.middleware_stack(scope, receive, send)
  File "C:\Users\Lenovo\OneDrive\Desktop\managment system\venv\Lib\site-packages\starlette\routing.py", line 680, in app
    await route.handle(scope, receive, send)
  File "C:\Users\Lenovo\OneDrive\Desktop\managment system\venv\Lib\site-packages\starlette\routing.py", line 276, in handle
    await self.app(scope, receive, send)
  File "C:\Users\Lenovo\OneDrive\Desktop\managment system\venv\Lib\site-packages\fastapi\routing.py", line 134, in app
    await wrap_app_handling_exceptions(app, request)(scope, receive, send)
  File "C:\Users\Lenovo\OneDrive\Desktop\managment system\venv\Lib\site-packages\starlette\_exception_handler.py", line 53, in wrapped_app
    raise exc
  File "C:\Users\Lenovo\OneDrive\Desktop\managment system\venv\Lib\site-packages\starlette\_exception_handler.py", line 42, in wrapped_app
    await app(scope, receive, sender)
  File "C:\Users\Lenovo\OneDrive\Desktop\managment system\venv\Lib\site-packages\fastapi\routing.py", line 120, in app
    response = await f(request)
               ^^^^^^^^^^^^^^^^
  File "C:\Users\Lenovo\OneDrive\Desktop\managment system\venv\Lib\site-packages\fastapi\routing.py", line 674, in app
    raw_response = await run_endpoint_function(
                   ^^^^^^^^^^^^^^^^^^^^^^^^^^^^
    ...<3 lines>...
    )
    ^
  File "C:\Users\Lenovo\OneDrive\Desktop\managment system\venv\Lib\site-packages\fastapi\routing.py", line 330, in run_endpoint_function
    return await run_in_threadpool(dependant.call, **values)
           ^^^^^^^^^^^^^^^^^^^^^^^^^^^^^^^^^^^^^^^^^^^^^^^^^
  File "C:\Users\Lenovo\OneDrive\Desktop\managment system\venv\Lib\site-packages\starlette\concurrency.py", line 32, in run_in_threadpool
    return await anyio.to_thread.run_sync(func)
           ^^^^^^^^^^^^^^^^^^^^^^^^^^^^^^^^^^^^
  File "C:\Users\Lenovo\OneDrive\Desktop\managment system\venv\Lib\site-packages\anyio\to_thread.py", line 63, in run_sync
    return await get_async_backend().run_sync_in_worker_thread(
           ^^^^^^^^^^^^^^^^^^^^^^^^^^^^^^^^^^^^^^^^^^^^^^^^^^^^
        func, args, abandon_on_cancel=abandon_on_cancel, limiter=limiter
        ^^^^^^^^^^^^^^^^^^^^^^^^^^^^^^^^^^^^^^^^^^^^^^^^^^^^^^^^^^^^^^^^
    )
    ^
  File "C:\Users\Lenovo\OneDrive\Desktop\managment system\venv\Lib\site-packages\anyio\_backends\_asyncio.py", line 2518, in run_sync_in_worker_thread
    return await future
           ^^^^^^^^^^^^
  File "C:\Users\Lenovo\OneDrive\Desktop\managment system\venv\Lib\site-packages\anyio\_backends\_asyncio.py", line 1002, in run
    result = context.run(func, *args)
  File "C:\Users\Lenovo\OneDrive\Desktop\managment system\app\api.py", line 270, in get_student
    student = service.get_student(student_id)
  File "C:\Users\Lenovo\OneDrive\Desktop\managment system\services\student_service.py", line 215, in get_student
    raise ValueError("Student not found")
ValueError: Student not found
2026-05-26 15:13:26,884 - ERROR - Student not found
  + Exception Group Traceback (most recent call last):
  |   File "C:\Users\Lenovo\OneDrive\Desktop\managment system\venv\Lib\site-packages\starlette\_utils.py", line 81, in collapse_excgroups
  |     yield
  |   File "C:\Users\Lenovo\OneDrive\Desktop\managment system\venv\Lib\site-packages\starlette\middleware\base.py", line 192, in __call__
  |     async with anyio.create_task_group() as task_group:
  |                ~~~~~~~~~~~~~~~~~~~~~~~^^
  |   File "C:\Users\Lenovo\OneDrive\Desktop\managment system\venv\Lib\site-packages\anyio\_backends\_asyncio.py", line 799, in __aexit__
  |     raise BaseExceptionGroup(
  |         "unhandled errors in a TaskGroup", self._exceptions
  |     ) from None
  | ExceptionGroup: unhandled errors in a TaskGroup (1 sub-exception)
  +-+---------------- 1 ----------------
    | Traceback (most recent call last):
    |   File "C:\Users\Lenovo\OneDrive\Desktop\managment system\venv\Lib\site-packages\starlette\middleware\errors.py", line 164, in __call__
    |     await self.app(scope, receive, _send)
    |   File "C:\Users\Lenovo\OneDrive\Desktop\managment system\venv\Lib\site-packages\starlette\middleware\base.py", line 191, in __call__
    |     with recv_stream, send_stream, collapse_excgroups():
    |                                    ~~~~~~~~~~~~~~~~~~^^
    |   File "C:\Python313\Lib\contextlib.py", line 162, in __exit__
    |     self.gen.throw(value)
    |     ~~~~~~~~~~~~~~^^^^^^^
    |   File "C:\Users\Lenovo\OneDrive\Desktop\managment system\venv\Lib\site-packages\starlette\_utils.py", line 87, in collapse_excgroups
    |     raise exc
    |   File "C:\Users\Lenovo\OneDrive\Desktop\managment system\venv\Lib\site-packages\starlette\middleware\base.py", line 193, in __call__
    |     response = await self.dispatch_func(request, call_next)
    |                ^^^^^^^^^^^^^^^^^^^^^^^^^^^^^^^^^^^^^^^^^^^^
    |   File "C:\Users\Lenovo\OneDrive\Desktop\managment system\middleware\rate_limit.py", line 52, in dispatch
    |     response = await call_next(request)
    |                ^^^^^^^^^^^^^^^^^^^^^^^^
    |   File "C:\Users\Lenovo\OneDrive\Desktop\managment system\venv\Lib\site-packages\starlette\middleware\base.py", line 168, in call_next
    |     raise app_exc from app_exc.__cause__ or app_exc.__context__
    |   File "C:\Users\Lenovo\OneDrive\Desktop\managment system\venv\Lib\site-packages\starlette\middleware\base.py", line 144, in coro
    |     await self.app(scope, receive_or_disconnect, send_no_error)
    |   File "C:\Users\Lenovo\OneDrive\Desktop\managment system\venv\Lib\site-packages\starlette\middleware\base.py", line 191, in __call__
    |     with recv_stream, send_stream, collapse_excgroups():
    |                                    ~~~~~~~~~~~~~~~~~~^^
    |   File "C:\Python313\Lib\contextlib.py", line 162, in __exit__
    |     self.gen.throw(value)
    |     ~~~~~~~~~~~~~~^^^^^^^
    |   File "C:\Users\Lenovo\OneDrive\Desktop\managment system\venv\Lib\site-packages\starlette\_utils.py", line 87, in collapse_excgroups
    |     raise exc
    |   File "C:\Users\Lenovo\OneDrive\Desktop\managment system\venv\Lib\site-packages\starlette\middleware\base.py", line 193, in __call__
    |     response = await self.dispatch_func(request, call_next)
    |                ^^^^^^^^^^^^^^^^^^^^^^^^^^^^^^^^^^^^^^^^^^^^
    |   File "C:\Users\Lenovo\OneDrive\Desktop\managment system\middleware\logging_middleware.py", line 24, in dispatch
    |     response = await call_next(request)
    |                ^^^^^^^^^^^^^^^^^^^^^^^^
    |   File "C:\Users\Lenovo\OneDrive\Desktop\managment system\venv\Lib\site-packages\starlette\middleware\base.py", line 168, in call_next
    |     raise app_exc from app_exc.__cause__ or app_exc.__context__
    |   File "C:\Users\Lenovo\OneDrive\Desktop\managment system\venv\Lib\site-packages\starlette\middleware\base.py", line 144, in coro
    |     await self.app(scope, receive_or_disconnect, send_no_error)
    |   File "C:\Users\Lenovo\OneDrive\Desktop\managment system\venv\Lib\site-packages\starlette\middleware\exceptions.py", line 63, in __call__
    |     await wrap_app_handling_exceptions(self.app, conn)(scope, receive, send)
    |   File "C:\Users\Lenovo\OneDrive\Desktop\managment system\venv\Lib\site-packages\starlette\_exception_handler.py", line 53, in wrapped_app
    |     raise exc
    |   File "C:\Users\Lenovo\OneDrive\Desktop\managment system\venv\Lib\site-packages\starlette\_exception_handler.py", line 42, in wrapped_app
    |     await app(scope, receive, sender)
    |   File "C:\Users\Lenovo\OneDrive\Desktop\managment system\venv\Lib\site-packages\fastapi\middleware\asyncexitstack.py", line 18, in __call__
    |     await self.app(scope, receive, send)
    |   File "C:\Users\Lenovo\OneDrive\Desktop\managment system\venv\Lib\site-packages\starlette\routing.py", line 660, in __call__
    |     await self.middleware_stack(scope, receive, send)
    |   File "C:\Users\Lenovo\OneDrive\Desktop\managment system\venv\Lib\site-packages\starlette\routing.py", line 680, in app
    |     await route.handle(scope, receive, send)
    |   File "C:\Users\Lenovo\OneDrive\Desktop\managment system\venv\Lib\site-packages\starlette\routing.py", line 276, in handle
    |     await self.app(scope, receive, send)
    |   File "C:\Users\Lenovo\OneDrive\Desktop\managment system\venv\Lib\site-packages\fastapi\routing.py", line 134, in app
    |     await wrap_app_handling_exceptions(app, request)(scope, receive, send)
    |   File "C:\Users\Lenovo\OneDrive\Desktop\managment system\venv\Lib\site-packages\starlette\_exception_handler.py", line 53, in wrapped_app
    |     raise exc
    |   File "C:\Users\Lenovo\OneDrive\Desktop\managment system\venv\Lib\site-packages\starlette\_exception_handler.py", line 42, in wrapped_app
    |     await app(scope, receive, sender)
    |   File "C:\Users\Lenovo\OneDrive\Desktop\managment system\venv\Lib\site-packages\fastapi\routing.py", line 120, in app
    |     response = await f(request)
    |                ^^^^^^^^^^^^^^^^
    |   File "C:\Users\Lenovo\OneDrive\Desktop\managment system\venv\Lib\site-packages\fastapi\routing.py", line 674, in app
    |     raw_response = await run_endpoint_function(
    |                    ^^^^^^^^^^^^^^^^^^^^^^^^^^^^
    |     ...<3 lines>...
    |     )
    |     ^
    |   File "C:\Users\Lenovo\OneDrive\Desktop\managment system\venv\Lib\site-packages\fastapi\routing.py", line 330, in run_endpoint_function
    |     return await run_in_threadpool(dependant.call, **values)
    |            ^^^^^^^^^^^^^^^^^^^^^^^^^^^^^^^^^^^^^^^^^^^^^^^^^
    |   File "C:\Users\Lenovo\OneDrive\Desktop\managment system\venv\Lib\site-packages\starlette\concurrency.py", line 32, in run_in_threadpool
    |     return await anyio.to_thread.run_sync(func)
    |            ^^^^^^^^^^^^^^^^^^^^^^^^^^^^^^^^^^^^
    |   File "C:\Users\Lenovo\OneDrive\Desktop\managment system\venv\Lib\site-packages\anyio\to_thread.py", line 63, in run_sync
    |     return await get_async_backend().run_sync_in_worker_thread(
    |            ^^^^^^^^^^^^^^^^^^^^^^^^^^^^^^^^^^^^^^^^^^^^^^^^^^^^
    |         func, args, abandon_on_cancel=abandon_on_cancel, limiter=limiter
    |         ^^^^^^^^^^^^^^^^^^^^^^^^^^^^^^^^^^^^^^^^^^^^^^^^^^^^^^^^^^^^^^^^
    |     )
    |     ^
    |   File "C:\Users\Lenovo\OneDrive\Desktop\managment system\venv\Lib\site-packages\anyio\_backends\_asyncio.py", line 2518, in run_sync_in_worker_thread
    |     return await future
    |            ^^^^^^^^^^^^
    |   File "C:\Users\Lenovo\OneDrive\Desktop\managment system\venv\Lib\site-packages\anyio\_backends\_asyncio.py", line 1002, in run
    |     result = context.run(func, *args)
    |   File "C:\Users\Lenovo\OneDrive\Desktop\managment system\app\api.py", line 270, in get_student
    |     student = service.get_student(student_id)
    |   File "C:\Users\Lenovo\OneDrive\Desktop\managment system\services\student_service.py", line 215, in get_student
    |     raise ValueError("Student not found")
    | ValueError: Student not found
    +------------------------------------

The above exception was the direct cause of the following exception:

Traceback (most recent call last):
  File "C:\Users\Lenovo\OneDrive\Desktop\managment system\venv\Lib\site-packages\starlette\middleware\errors.py", line 164, in __call__
    await self.app(scope, receive, _send)
  File "C:\Users\Lenovo\OneDrive\Desktop\managment system\venv\Lib\site-packages\starlette\middleware\base.py", line 191, in __call__
    with recv_stream, send_stream, collapse_excgroups():
                                   ~~~~~~~~~~~~~~~~~~^^
  File "C:\Python313\Lib\contextlib.py", line 162, in __exit__
    self.gen.throw(value)
    ~~~~~~~~~~~~~~^^^^^^^
  File "C:\Users\Lenovo\OneDrive\Desktop\managment system\venv\Lib\site-packages\starlette\_utils.py", line 87, in collapse_excgroups
    raise exc
  File "C:\Users\Lenovo\OneDrive\Desktop\managment system\venv\Lib\site-packages\starlette\middleware\base.py", line 193, in __call__
    response = await self.dispatch_func(request, call_next)
               ^^^^^^^^^^^^^^^^^^^^^^^^^^^^^^^^^^^^^^^^^^^^
  File "C:\Users\Lenovo\OneDrive\Desktop\managment system\middleware\rate_limit.py", line 52, in dispatch
    response = await call_next(request)
               ^^^^^^^^^^^^^^^^^^^^^^^^
  File "C:\Users\Lenovo\OneDrive\Desktop\managment system\venv\Lib\site-packages\starlette\middleware\base.py", line 168, in call_next
    raise app_exc from app_exc.__cause__ or app_exc.__context__
  File "C:\Users\Lenovo\OneDrive\Desktop\managment system\venv\Lib\site-packages\starlette\middleware\base.py", line 144, in coro
    await self.app(scope, receive_or_disconnect, send_no_error)
  File "C:\Users\Lenovo\OneDrive\Desktop\managment system\venv\Lib\site-packages\starlette\middleware\base.py", line 191, in __call__
    with recv_stream, send_stream, collapse_excgroups():
                                   ~~~~~~~~~~~~~~~~~~^^
  File "C:\Python313\Lib\contextlib.py", line 162, in __exit__
    self.gen.throw(value)
    ~~~~~~~~~~~~~~^^^^^^^
  File "C:\Users\Lenovo\OneDrive\Desktop\managment system\venv\Lib\site-packages\starlette\_utils.py", line 87, in collapse_excgroups
    raise exc
  File "C:\Users\Lenovo\OneDrive\Desktop\managment system\venv\Lib\site-packages\starlette\middleware\base.py", line 193, in __call__
    response = await self.dispatch_func(request, call_next)
               ^^^^^^^^^^^^^^^^^^^^^^^^^^^^^^^^^^^^^^^^^^^^
  File "C:\Users\Lenovo\OneDrive\Desktop\managment system\middleware\logging_middleware.py", line 24, in dispatch
    response = await call_next(request)
               ^^^^^^^^^^^^^^^^^^^^^^^^
  File "C:\Users\Lenovo\OneDrive\Desktop\managment system\venv\Lib\site-packages\starlette\middleware\base.py", line 168, in call_next
    raise app_exc from app_exc.__cause__ or app_exc.__context__
  File "C:\Users\Lenovo\OneDrive\Desktop\managment system\venv\Lib\site-packages\starlette\middleware\base.py", line 144, in coro
    await self.app(scope, receive_or_disconnect, send_no_error)
  File "C:\Users\Lenovo\OneDrive\Desktop\managment system\venv\Lib\site-packages\starlette\middleware\exceptions.py", line 63, in __call__
    await wrap_app_handling_exceptions(self.app, conn)(scope, receive, send)
  File "C:\Users\Lenovo\OneDrive\Desktop\managment system\venv\Lib\site-packages\starlette\_exception_handler.py", line 53, in wrapped_app
    raise exc
  File "C:\Users\Lenovo\OneDrive\Desktop\managment system\venv\Lib\site-packages\starlette\_exception_handler.py", line 42, in wrapped_app
    await app(scope, receive, sender)
  File "C:\Users\Lenovo\OneDrive\Desktop\managment system\venv\Lib\site-packages\fastapi\middleware\asyncexitstack.py", line 18, in __call__
    await self.app(scope, receive, send)
  File "C:\Users\Lenovo\OneDrive\Desktop\managment system\venv\Lib\site-packages\starlette\routing.py", line 660, in __call__
    await self.middleware_stack(scope, receive, send)
  File "C:\Users\Lenovo\OneDrive\Desktop\managment system\venv\Lib\site-packages\starlette\routing.py", line 680, in app
    await route.handle(scope, receive, send)
  File "C:\Users\Lenovo\OneDrive\Desktop\managment system\venv\Lib\site-packages\starlette\routing.py", line 276, in handle
    await self.app(scope, receive, send)
  File "C:\Users\Lenovo\OneDrive\Desktop\managment system\venv\Lib\site-packages\fastapi\routing.py", line 134, in app
    await wrap_app_handling_exceptions(app, request)(scope, receive, send)
  File "C:\Users\Lenovo\OneDrive\Desktop\managment system\venv\Lib\site-packages\starlette\_exception_handler.py", line 53, in wrapped_app
    raise exc
  File "C:\Users\Lenovo\OneDrive\Desktop\managment system\venv\Lib\site-packages\starlette\_exception_handler.py", line 42, in wrapped_app
    await app(scope, receive, sender)
  File "C:\Users\Lenovo\OneDrive\Desktop\managment system\venv\Lib\site-packages\fastapi\routing.py", line 120, in app
    response = await f(request)
               ^^^^^^^^^^^^^^^^
  File "C:\Users\Lenovo\OneDrive\Desktop\managment system\venv\Lib\site-packages\fastapi\routing.py", line 674, in app
    raw_response = await run_endpoint_function(
                   ^^^^^^^^^^^^^^^^^^^^^^^^^^^^
    ...<3 lines>...
    )
    ^
  File "C:\Users\Lenovo\OneDrive\Desktop\managment system\venv\Lib\site-packages\fastapi\routing.py", line 330, in run_endpoint_function
    return await run_in_threadpool(dependant.call, **values)
           ^^^^^^^^^^^^^^^^^^^^^^^^^^^^^^^^^^^^^^^^^^^^^^^^^
  File "C:\Users\Lenovo\OneDrive\Desktop\managment system\venv\Lib\site-packages\starlette\concurrency.py", line 32, in run_in_threadpool
    return await anyio.to_thread.run_sync(func)
           ^^^^^^^^^^^^^^^^^^^^^^^^^^^^^^^^^^^^
  File "C:\Users\Lenovo\OneDrive\Desktop\managment system\venv\Lib\site-packages\anyio\to_thread.py", line 63, in run_sync
    return await get_async_backend().run_sync_in_worker_thread(
           ^^^^^^^^^^^^^^^^^^^^^^^^^^^^^^^^^^^^^^^^^^^^^^^^^^^^
        func, args, abandon_on_cancel=abandon_on_cancel, limiter=limiter
        ^^^^^^^^^^^^^^^^^^^^^^^^^^^^^^^^^^^^^^^^^^^^^^^^^^^^^^^^^^^^^^^^
    )
    ^
  File "C:\Users\Lenovo\OneDrive\Desktop\managment system\venv\Lib\site-packages\anyio\_backends\_asyncio.py", line 2518, in run_sync_in_worker_thread
    return await future
           ^^^^^^^^^^^^
  File "C:\Users\Lenovo\OneDrive\Desktop\managment system\venv\Lib\site-packages\anyio\_backends\_asyncio.py", line 1002, in run
    result = context.run(func, *args)
  File "C:\Users\Lenovo\OneDrive\Desktop\managment system\app\api.py", line 270, in get_student
    student = service.get_student(student_id)
  File "C:\Users\Lenovo\OneDrive\Desktop\managment system\services\student_service.py", line 215, in get_student
    raise ValueError("Student not found")
ValueError: Student not found
2026-05-26 15:14:29,570 - INFO - Request Started | Method=GET Path=/docs
2026-05-26 15:14:29,573 - INFO - Request Completed | Method=GET Path=/docs Status=200 Time=0.0027s
2026-05-26 15:14:34,897 - INFO - Request Started | Method=GET Path=/openapi.json
2026-05-26 15:14:34,959 - INFO - Request Completed | Method=GET Path=/openapi.json Status=200 Time=0.0613s
2026-05-26 15:14:47,827 - INFO - Request Started | Method=GET Path=/students/dashboard
2026-05-26 15:14:47,832 - ERROR - Request Failed | Method=GET Path=/students/dashboard Time=0.0046s Error=Student not found
Traceback (most recent call last):
  File "C:\Users\Lenovo\OneDrive\Desktop\managment system\middleware\logging_middleware.py", line 24, in dispatch
    response = await call_next(request)
               ^^^^^^^^^^^^^^^^^^^^^^^^
  File "C:\Users\Lenovo\OneDrive\Desktop\managment system\venv\Lib\site-packages\starlette\middleware\base.py", line 168, in call_next
    raise app_exc from app_exc.__cause__ or app_exc.__context__
  File "C:\Users\Lenovo\OneDrive\Desktop\managment system\venv\Lib\site-packages\starlette\middleware\base.py", line 144, in coro
    await self.app(scope, receive_or_disconnect, send_no_error)
  File "C:\Users\Lenovo\OneDrive\Desktop\managment system\venv\Lib\site-packages\starlette\middleware\exceptions.py", line 63, in __call__
    await wrap_app_handling_exceptions(self.app, conn)(scope, receive, send)
  File "C:\Users\Lenovo\OneDrive\Desktop\managment system\venv\Lib\site-packages\starlette\_exception_handler.py", line 53, in wrapped_app
    raise exc
  File "C:\Users\Lenovo\OneDrive\Desktop\managment system\venv\Lib\site-packages\starlette\_exception_handler.py", line 42, in wrapped_app
    await app(scope, receive, sender)
  File "C:\Users\Lenovo\OneDrive\Desktop\managment system\venv\Lib\site-packages\fastapi\middleware\asyncexitstack.py", line 18, in __call__
    await self.app(scope, receive, send)
  File "C:\Users\Lenovo\OneDrive\Desktop\managment system\venv\Lib\site-packages\starlette\routing.py", line 660, in __call__
    await self.middleware_stack(scope, receive, send)
  File "C:\Users\Lenovo\OneDrive\Desktop\managment system\venv\Lib\site-packages\starlette\routing.py", line 680, in app
    await route.handle(scope, receive, send)
  File "C:\Users\Lenovo\OneDrive\Desktop\managment system\venv\Lib\site-packages\starlette\routing.py", line 276, in handle
    await self.app(scope, receive, send)
  File "C:\Users\Lenovo\OneDrive\Desktop\managment system\venv\Lib\site-packages\fastapi\routing.py", line 134, in app
    await wrap_app_handling_exceptions(app, request)(scope, receive, send)
  File "C:\Users\Lenovo\OneDrive\Desktop\managment system\venv\Lib\site-packages\starlette\_exception_handler.py", line 53, in wrapped_app
    raise exc
  File "C:\Users\Lenovo\OneDrive\Desktop\managment system\venv\Lib\site-packages\starlette\_exception_handler.py", line 42, in wrapped_app
    await app(scope, receive, sender)
  File "C:\Users\Lenovo\OneDrive\Desktop\managment system\venv\Lib\site-packages\fastapi\routing.py", line 120, in app
    response = await f(request)
               ^^^^^^^^^^^^^^^^
  File "C:\Users\Lenovo\OneDrive\Desktop\managment system\venv\Lib\site-packages\fastapi\routing.py", line 674, in app
    raw_response = await run_endpoint_function(
                   ^^^^^^^^^^^^^^^^^^^^^^^^^^^^
    ...<3 lines>...
    )
    ^
  File "C:\Users\Lenovo\OneDrive\Desktop\managment system\venv\Lib\site-packages\fastapi\routing.py", line 330, in run_endpoint_function
    return await run_in_threadpool(dependant.call, **values)
           ^^^^^^^^^^^^^^^^^^^^^^^^^^^^^^^^^^^^^^^^^^^^^^^^^
  File "C:\Users\Lenovo\OneDrive\Desktop\managment system\venv\Lib\site-packages\starlette\concurrency.py", line 32, in run_in_threadpool
    return await anyio.to_thread.run_sync(func)
           ^^^^^^^^^^^^^^^^^^^^^^^^^^^^^^^^^^^^
  File "C:\Users\Lenovo\OneDrive\Desktop\managment system\venv\Lib\site-packages\anyio\to_thread.py", line 63, in run_sync
    return await get_async_backend().run_sync_in_worker_thread(
           ^^^^^^^^^^^^^^^^^^^^^^^^^^^^^^^^^^^^^^^^^^^^^^^^^^^^
        func, args, abandon_on_cancel=abandon_on_cancel, limiter=limiter
        ^^^^^^^^^^^^^^^^^^^^^^^^^^^^^^^^^^^^^^^^^^^^^^^^^^^^^^^^^^^^^^^^
    )
    ^
  File "C:\Users\Lenovo\OneDrive\Desktop\managment system\venv\Lib\site-packages\anyio\_backends\_asyncio.py", line 2518, in run_sync_in_worker_thread
    return await future
           ^^^^^^^^^^^^
  File "C:\Users\Lenovo\OneDrive\Desktop\managment system\venv\Lib\site-packages\anyio\_backends\_asyncio.py", line 1002, in run
    result = context.run(func, *args)
  File "C:\Users\Lenovo\OneDrive\Desktop\managment system\app\api.py", line 270, in get_student
    student = service.get_student(student_id)
  File "C:\Users\Lenovo\OneDrive\Desktop\managment system\services\student_service.py", line 215, in get_student
    raise ValueError("Student not found")
ValueError: Student not found
2026-05-26 15:14:47,836 - ERROR - Student not found
  + Exception Group Traceback (most recent call last):
  |   File "C:\Users\Lenovo\OneDrive\Desktop\managment system\venv\Lib\site-packages\starlette\_utils.py", line 81, in collapse_excgroups
  |     yield
  |   File "C:\Users\Lenovo\OneDrive\Desktop\managment system\venv\Lib\site-packages\starlette\middleware\base.py", line 192, in __call__
  |     async with anyio.create_task_group() as task_group:
  |                ~~~~~~~~~~~~~~~~~~~~~~~^^
  |   File "C:\Users\Lenovo\OneDrive\Desktop\managment system\venv\Lib\site-packages\anyio\_backends\_asyncio.py", line 799, in __aexit__
  |     raise BaseExceptionGroup(
  |         "unhandled errors in a TaskGroup", self._exceptions
  |     ) from None
  | ExceptionGroup: unhandled errors in a TaskGroup (1 sub-exception)
  +-+---------------- 1 ----------------
    | Traceback (most recent call last):
    |   File "C:\Users\Lenovo\OneDrive\Desktop\managment system\venv\Lib\site-packages\starlette\middleware\errors.py", line 164, in __call__
    |     await self.app(scope, receive, _send)
    |   File "C:\Users\Lenovo\OneDrive\Desktop\managment system\venv\Lib\site-packages\starlette\middleware\base.py", line 191, in __call__
    |     with recv_stream, send_stream, collapse_excgroups():
    |                                    ~~~~~~~~~~~~~~~~~~^^
    |   File "C:\Python313\Lib\contextlib.py", line 162, in __exit__
    |     self.gen.throw(value)
    |     ~~~~~~~~~~~~~~^^^^^^^
    |   File "C:\Users\Lenovo\OneDrive\Desktop\managment system\venv\Lib\site-packages\starlette\_utils.py", line 87, in collapse_excgroups
    |     raise exc
    |   File "C:\Users\Lenovo\OneDrive\Desktop\managment system\venv\Lib\site-packages\starlette\middleware\base.py", line 193, in __call__
    |     response = await self.dispatch_func(request, call_next)
    |                ^^^^^^^^^^^^^^^^^^^^^^^^^^^^^^^^^^^^^^^^^^^^
    |   File "C:\Users\Lenovo\OneDrive\Desktop\managment system\middleware\rate_limit.py", line 52, in dispatch
    |     response = await call_next(request)
    |                ^^^^^^^^^^^^^^^^^^^^^^^^
    |   File "C:\Users\Lenovo\OneDrive\Desktop\managment system\venv\Lib\site-packages\starlette\middleware\base.py", line 168, in call_next
    |     raise app_exc from app_exc.__cause__ or app_exc.__context__
    |   File "C:\Users\Lenovo\OneDrive\Desktop\managment system\venv\Lib\site-packages\starlette\middleware\base.py", line 144, in coro
    |     await self.app(scope, receive_or_disconnect, send_no_error)
    |   File "C:\Users\Lenovo\OneDrive\Desktop\managment system\venv\Lib\site-packages\starlette\middleware\base.py", line 191, in __call__
    |     with recv_stream, send_stream, collapse_excgroups():
    |                                    ~~~~~~~~~~~~~~~~~~^^
    |   File "C:\Python313\Lib\contextlib.py", line 162, in __exit__
    |     self.gen.throw(value)
    |     ~~~~~~~~~~~~~~^^^^^^^
    |   File "C:\Users\Lenovo\OneDrive\Desktop\managment system\venv\Lib\site-packages\starlette\_utils.py", line 87, in collapse_excgroups
    |     raise exc
    |   File "C:\Users\Lenovo\OneDrive\Desktop\managment system\venv\Lib\site-packages\starlette\middleware\base.py", line 193, in __call__
    |     response = await self.dispatch_func(request, call_next)
    |                ^^^^^^^^^^^^^^^^^^^^^^^^^^^^^^^^^^^^^^^^^^^^
    |   File "C:\Users\Lenovo\OneDrive\Desktop\managment system\middleware\logging_middleware.py", line 24, in dispatch
    |     response = await call_next(request)
    |                ^^^^^^^^^^^^^^^^^^^^^^^^
    |   File "C:\Users\Lenovo\OneDrive\Desktop\managment system\venv\Lib\site-packages\starlette\middleware\base.py", line 168, in call_next
    |     raise app_exc from app_exc.__cause__ or app_exc.__context__
    |   File "C:\Users\Lenovo\OneDrive\Desktop\managment system\venv\Lib\site-packages\starlette\middleware\base.py", line 144, in coro
    |     await self.app(scope, receive_or_disconnect, send_no_error)
    |   File "C:\Users\Lenovo\OneDrive\Desktop\managment system\venv\Lib\site-packages\starlette\middleware\exceptions.py", line 63, in __call__
    |     await wrap_app_handling_exceptions(self.app, conn)(scope, receive, send)
    |   File "C:\Users\Lenovo\OneDrive\Desktop\managment system\venv\Lib\site-packages\starlette\_exception_handler.py", line 53, in wrapped_app
    |     raise exc
    |   File "C:\Users\Lenovo\OneDrive\Desktop\managment system\venv\Lib\site-packages\starlette\_exception_handler.py", line 42, in wrapped_app
    |     await app(scope, receive, sender)
    |   File "C:\Users\Lenovo\OneDrive\Desktop\managment system\venv\Lib\site-packages\fastapi\middleware\asyncexitstack.py", line 18, in __call__
    |     await self.app(scope, receive, send)
    |   File "C:\Users\Lenovo\OneDrive\Desktop\managment system\venv\Lib\site-packages\starlette\routing.py", line 660, in __call__
    |     await self.middleware_stack(scope, receive, send)
    |   File "C:\Users\Lenovo\OneDrive\Desktop\managment system\venv\Lib\site-packages\starlette\routing.py", line 680, in app
    |     await route.handle(scope, receive, send)
    |   File "C:\Users\Lenovo\OneDrive\Desktop\managment system\venv\Lib\site-packages\starlette\routing.py", line 276, in handle
    |     await self.app(scope, receive, send)
    |   File "C:\Users\Lenovo\OneDrive\Desktop\managment system\venv\Lib\site-packages\fastapi\routing.py", line 134, in app
    |     await wrap_app_handling_exceptions(app, request)(scope, receive, send)
    |   File "C:\Users\Lenovo\OneDrive\Desktop\managment system\venv\Lib\site-packages\starlette\_exception_handler.py", line 53, in wrapped_app
    |     raise exc
    |   File "C:\Users\Lenovo\OneDrive\Desktop\managment system\venv\Lib\site-packages\starlette\_exception_handler.py", line 42, in wrapped_app
    |     await app(scope, receive, sender)
    |   File "C:\Users\Lenovo\OneDrive\Desktop\managment system\venv\Lib\site-packages\fastapi\routing.py", line 120, in app
    |     response = await f(request)
    |                ^^^^^^^^^^^^^^^^
    |   File "C:\Users\Lenovo\OneDrive\Desktop\managment system\venv\Lib\site-packages\fastapi\routing.py", line 674, in app
    |     raw_response = await run_endpoint_function(
    |                    ^^^^^^^^^^^^^^^^^^^^^^^^^^^^
    |     ...<3 lines>...
    |     )
    |     ^
    |   File "C:\Users\Lenovo\OneDrive\Desktop\managment system\venv\Lib\site-packages\fastapi\routing.py", line 330, in run_endpoint_function
    |     return await run_in_threadpool(dependant.call, **values)
    |            ^^^^^^^^^^^^^^^^^^^^^^^^^^^^^^^^^^^^^^^^^^^^^^^^^
    |   File "C:\Users\Lenovo\OneDrive\Desktop\managment system\venv\Lib\site-packages\starlette\concurrency.py", line 32, in run_in_threadpool
    |     return await anyio.to_thread.run_sync(func)
    |            ^^^^^^^^^^^^^^^^^^^^^^^^^^^^^^^^^^^^
    |   File "C:\Users\Lenovo\OneDrive\Desktop\managment system\venv\Lib\site-packages\anyio\to_thread.py", line 63, in run_sync
    |     return await get_async_backend().run_sync_in_worker_thread(
    |            ^^^^^^^^^^^^^^^^^^^^^^^^^^^^^^^^^^^^^^^^^^^^^^^^^^^^
    |         func, args, abandon_on_cancel=abandon_on_cancel, limiter=limiter
    |         ^^^^^^^^^^^^^^^^^^^^^^^^^^^^^^^^^^^^^^^^^^^^^^^^^^^^^^^^^^^^^^^^
    |     )
    |     ^
    |   File "C:\Users\Lenovo\OneDrive\Desktop\managment system\venv\Lib\site-packages\anyio\_backends\_asyncio.py", line 2518, in run_sync_in_worker_thread
    |     return await future
    |            ^^^^^^^^^^^^
    |   File "C:\Users\Lenovo\OneDrive\Desktop\managment system\venv\Lib\site-packages\anyio\_backends\_asyncio.py", line 1002, in run
    |     result = context.run(func, *args)
    |   File "C:\Users\Lenovo\OneDrive\Desktop\managment system\app\api.py", line 270, in get_student
    |     student = service.get_student(student_id)
    |   File "C:\Users\Lenovo\OneDrive\Desktop\managment system\services\student_service.py", line 215, in get_student
    |     raise ValueError("Student not found")
    | ValueError: Student not found
    +------------------------------------

The above exception was the direct cause of the following exception:

Traceback (most recent call last):
  File "C:\Users\Lenovo\OneDrive\Desktop\managment system\venv\Lib\site-packages\starlette\middleware\errors.py", line 164, in __call__
    await self.app(scope, receive, _send)
  File "C:\Users\Lenovo\OneDrive\Desktop\managment system\venv\Lib\site-packages\starlette\middleware\base.py", line 191, in __call__
    with recv_stream, send_stream, collapse_excgroups():
                                   ~~~~~~~~~~~~~~~~~~^^
  File "C:\Python313\Lib\contextlib.py", line 162, in __exit__
    self.gen.throw(value)
    ~~~~~~~~~~~~~~^^^^^^^
  File "C:\Users\Lenovo\OneDrive\Desktop\managment system\venv\Lib\site-packages\starlette\_utils.py", line 87, in collapse_excgroups
    raise exc
  File "C:\Users\Lenovo\OneDrive\Desktop\managment system\venv\Lib\site-packages\starlette\middleware\base.py", line 193, in __call__
    response = await self.dispatch_func(request, call_next)
               ^^^^^^^^^^^^^^^^^^^^^^^^^^^^^^^^^^^^^^^^^^^^
  File "C:\Users\Lenovo\OneDrive\Desktop\managment system\middleware\rate_limit.py", line 52, in dispatch
    response = await call_next(request)
               ^^^^^^^^^^^^^^^^^^^^^^^^
  File "C:\Users\Lenovo\OneDrive\Desktop\managment system\venv\Lib\site-packages\starlette\middleware\base.py", line 168, in call_next
    raise app_exc from app_exc.__cause__ or app_exc.__context__
  File "C:\Users\Lenovo\OneDrive\Desktop\managment system\venv\Lib\site-packages\starlette\middleware\base.py", line 144, in coro
    await self.app(scope, receive_or_disconnect, send_no_error)
  File "C:\Users\Lenovo\OneDrive\Desktop\managment system\venv\Lib\site-packages\starlette\middleware\base.py", line 191, in __call__
    with recv_stream, send_stream, collapse_excgroups():
                                   ~~~~~~~~~~~~~~~~~~^^
  File "C:\Python313\Lib\contextlib.py", line 162, in __exit__
    self.gen.throw(value)
    ~~~~~~~~~~~~~~^^^^^^^
  File "C:\Users\Lenovo\OneDrive\Desktop\managment system\venv\Lib\site-packages\starlette\_utils.py", line 87, in collapse_excgroups
    raise exc
  File "C:\Users\Lenovo\OneDrive\Desktop\managment system\venv\Lib\site-packages\starlette\middleware\base.py", line 193, in __call__
    response = await self.dispatch_func(request, call_next)
               ^^^^^^^^^^^^^^^^^^^^^^^^^^^^^^^^^^^^^^^^^^^^
  File "C:\Users\Lenovo\OneDrive\Desktop\managment system\middleware\logging_middleware.py", line 24, in dispatch
    response = await call_next(request)
               ^^^^^^^^^^^^^^^^^^^^^^^^
  File "C:\Users\Lenovo\OneDrive\Desktop\managment system\venv\Lib\site-packages\starlette\middleware\base.py", line 168, in call_next
    raise app_exc from app_exc.__cause__ or app_exc.__context__
  File "C:\Users\Lenovo\OneDrive\Desktop\managment system\venv\Lib\site-packages\starlette\middleware\base.py", line 144, in coro
    await self.app(scope, receive_or_disconnect, send_no_error)
  File "C:\Users\Lenovo\OneDrive\Desktop\managment system\venv\Lib\site-packages\starlette\middleware\exceptions.py", line 63, in __call__
    await wrap_app_handling_exceptions(self.app, conn)(scope, receive, send)
  File "C:\Users\Lenovo\OneDrive\Desktop\managment system\venv\Lib\site-packages\starlette\_exception_handler.py", line 53, in wrapped_app
    raise exc
  File "C:\Users\Lenovo\OneDrive\Desktop\managment system\venv\Lib\site-packages\starlette\_exception_handler.py", line 42, in wrapped_app
    await app(scope, receive, sender)
  File "C:\Users\Lenovo\OneDrive\Desktop\managment system\venv\Lib\site-packages\fastapi\middleware\asyncexitstack.py", line 18, in __call__
    await self.app(scope, receive, send)
  File "C:\Users\Lenovo\OneDrive\Desktop\managment system\venv\Lib\site-packages\starlette\routing.py", line 660, in __call__
    await self.middleware_stack(scope, receive, send)
  File "C:\Users\Lenovo\OneDrive\Desktop\managment system\venv\Lib\site-packages\starlette\routing.py", line 680, in app
    await route.handle(scope, receive, send)
  File "C:\Users\Lenovo\OneDrive\Desktop\managment system\venv\Lib\site-packages\starlette\routing.py", line 276, in handle
    await self.app(scope, receive, send)
  File "C:\Users\Lenovo\OneDrive\Desktop\managment system\venv\Lib\site-packages\fastapi\routing.py", line 134, in app
    await wrap_app_handling_exceptions(app, request)(scope, receive, send)
  File "C:\Users\Lenovo\OneDrive\Desktop\managment system\venv\Lib\site-packages\starlette\_exception_handler.py", line 53, in wrapped_app
    raise exc
  File "C:\Users\Lenovo\OneDrive\Desktop\managment system\venv\Lib\site-packages\starlette\_exception_handler.py", line 42, in wrapped_app
    await app(scope, receive, sender)
  File "C:\Users\Lenovo\OneDrive\Desktop\managment system\venv\Lib\site-packages\fastapi\routing.py", line 120, in app
    response = await f(request)
               ^^^^^^^^^^^^^^^^
  File "C:\Users\Lenovo\OneDrive\Desktop\managment system\venv\Lib\site-packages\fastapi\routing.py", line 674, in app
    raw_response = await run_endpoint_function(
                   ^^^^^^^^^^^^^^^^^^^^^^^^^^^^
    ...<3 lines>...
    )
    ^
  File "C:\Users\Lenovo\OneDrive\Desktop\managment system\venv\Lib\site-packages\fastapi\routing.py", line 330, in run_endpoint_function
    return await run_in_threadpool(dependant.call, **values)
           ^^^^^^^^^^^^^^^^^^^^^^^^^^^^^^^^^^^^^^^^^^^^^^^^^
  File "C:\Users\Lenovo\OneDrive\Desktop\managment system\venv\Lib\site-packages\starlette\concurrency.py", line 32, in run_in_threadpool
    return await anyio.to_thread.run_sync(func)
           ^^^^^^^^^^^^^^^^^^^^^^^^^^^^^^^^^^^^
  File "C:\Users\Lenovo\OneDrive\Desktop\managment system\venv\Lib\site-packages\anyio\to_thread.py", line 63, in run_sync
    return await get_async_backend().run_sync_in_worker_thread(
           ^^^^^^^^^^^^^^^^^^^^^^^^^^^^^^^^^^^^^^^^^^^^^^^^^^^^
        func, args, abandon_on_cancel=abandon_on_cancel, limiter=limiter
        ^^^^^^^^^^^^^^^^^^^^^^^^^^^^^^^^^^^^^^^^^^^^^^^^^^^^^^^^^^^^^^^^
    )
    ^
  File "C:\Users\Lenovo\OneDrive\Desktop\managment system\venv\Lib\site-packages\anyio\_backends\_asyncio.py", line 2518, in run_sync_in_worker_thread
    return await future
           ^^^^^^^^^^^^
  File "C:\Users\Lenovo\OneDrive\Desktop\managment system\venv\Lib\site-packages\anyio\_backends\_asyncio.py", line 1002, in run
    result = context.run(func, *args)
  File "C:\Users\Lenovo\OneDrive\Desktop\managment system\app\api.py", line 270, in get_student
    student = service.get_student(student_id)
  File "C:\Users\Lenovo\OneDrive\Desktop\managment system\services\student_service.py", line 215, in get_student
    raise ValueError("Student not found")
ValueError: Student not found
2026-05-26 15:18:39,000 - INFO - Request Started | Method=GET Path=/docs
2026-05-26 15:18:39,002 - INFO - Request Completed | Method=GET Path=/docs Status=200 Time=0.0019s
2026-05-26 15:18:39,352 - INFO - Request Started | Method=GET Path=/openapi.json
2026-05-26 15:18:39,387 - INFO - Request Completed | Method=GET Path=/openapi.json Status=200 Time=0.0356s
2026-05-26 15:18:46,007 - INFO - Request Started | Method=GET Path=/students/dashboard
2026-05-26 15:18:46,025 - ERROR - Request Failed | Method=GET Path=/students/dashboard Time=0.0179s Error=Student not found
Traceback (most recent call last):
  File "C:\Users\Lenovo\OneDrive\Desktop\managment system\middleware\logging_middleware.py", line 24, in dispatch
    response = await call_next(request)
               ^^^^^^^^^^^^^^^^^^^^^^^^
  File "C:\Users\Lenovo\OneDrive\Desktop\managment system\venv\Lib\site-packages\starlette\middleware\base.py", line 168, in call_next
    raise app_exc from app_exc.__cause__ or app_exc.__context__
  File "C:\Users\Lenovo\OneDrive\Desktop\managment system\venv\Lib\site-packages\starlette\middleware\base.py", line 144, in coro
    await self.app(scope, receive_or_disconnect, send_no_error)
  File "C:\Users\Lenovo\OneDrive\Desktop\managment system\venv\Lib\site-packages\starlette\middleware\exceptions.py", line 63, in __call__
    await wrap_app_handling_exceptions(self.app, conn)(scope, receive, send)
  File "C:\Users\Lenovo\OneDrive\Desktop\managment system\venv\Lib\site-packages\starlette\_exception_handler.py", line 53, in wrapped_app
    raise exc
  File "C:\Users\Lenovo\OneDrive\Desktop\managment system\venv\Lib\site-packages\starlette\_exception_handler.py", line 42, in wrapped_app
    await app(scope, receive, sender)
  File "C:\Users\Lenovo\OneDrive\Desktop\managment system\venv\Lib\site-packages\fastapi\middleware\asyncexitstack.py", line 18, in __call__
    await self.app(scope, receive, send)
  File "C:\Users\Lenovo\OneDrive\Desktop\managment system\venv\Lib\site-packages\starlette\routing.py", line 660, in __call__
    await self.middleware_stack(scope, receive, send)
  File "C:\Users\Lenovo\OneDrive\Desktop\managment system\venv\Lib\site-packages\starlette\routing.py", line 680, in app
    await route.handle(scope, receive, send)
  File "C:\Users\Lenovo\OneDrive\Desktop\managment system\venv\Lib\site-packages\starlette\routing.py", line 276, in handle
    await self.app(scope, receive, send)
  File "C:\Users\Lenovo\OneDrive\Desktop\managment system\venv\Lib\site-packages\fastapi\routing.py", line 134, in app
    await wrap_app_handling_exceptions(app, request)(scope, receive, send)
  File "C:\Users\Lenovo\OneDrive\Desktop\managment system\venv\Lib\site-packages\starlette\_exception_handler.py", line 53, in wrapped_app
    raise exc
  File "C:\Users\Lenovo\OneDrive\Desktop\managment system\venv\Lib\site-packages\starlette\_exception_handler.py", line 42, in wrapped_app
    await app(scope, receive, sender)
  File "C:\Users\Lenovo\OneDrive\Desktop\managment system\venv\Lib\site-packages\fastapi\routing.py", line 120, in app
    response = await f(request)
               ^^^^^^^^^^^^^^^^
  File "C:\Users\Lenovo\OneDrive\Desktop\managment system\venv\Lib\site-packages\fastapi\routing.py", line 674, in app
    raw_response = await run_endpoint_function(
                   ^^^^^^^^^^^^^^^^^^^^^^^^^^^^
    ...<3 lines>...
    )
    ^
  File "C:\Users\Lenovo\OneDrive\Desktop\managment system\venv\Lib\site-packages\fastapi\routing.py", line 330, in run_endpoint_function
    return await run_in_threadpool(dependant.call, **values)
           ^^^^^^^^^^^^^^^^^^^^^^^^^^^^^^^^^^^^^^^^^^^^^^^^^
  File "C:\Users\Lenovo\OneDrive\Desktop\managment system\venv\Lib\site-packages\starlette\concurrency.py", line 32, in run_in_threadpool
    return await anyio.to_thread.run_sync(func)
           ^^^^^^^^^^^^^^^^^^^^^^^^^^^^^^^^^^^^
  File "C:\Users\Lenovo\OneDrive\Desktop\managment system\venv\Lib\site-packages\anyio\to_thread.py", line 63, in run_sync
    return await get_async_backend().run_sync_in_worker_thread(
           ^^^^^^^^^^^^^^^^^^^^^^^^^^^^^^^^^^^^^^^^^^^^^^^^^^^^
        func, args, abandon_on_cancel=abandon_on_cancel, limiter=limiter
        ^^^^^^^^^^^^^^^^^^^^^^^^^^^^^^^^^^^^^^^^^^^^^^^^^^^^^^^^^^^^^^^^
    )
    ^
  File "C:\Users\Lenovo\OneDrive\Desktop\managment system\venv\Lib\site-packages\anyio\_backends\_asyncio.py", line 2518, in run_sync_in_worker_thread
    return await future
           ^^^^^^^^^^^^
  File "C:\Users\Lenovo\OneDrive\Desktop\managment system\venv\Lib\site-packages\anyio\_backends\_asyncio.py", line 1002, in run
    result = context.run(func, *args)
  File "C:\Users\Lenovo\OneDrive\Desktop\managment system\app\api.py", line 270, in get_student
    student = service.get_student(student_id)
  File "C:\Users\Lenovo\OneDrive\Desktop\managment system\services\student_service.py", line 215, in get_student
    raise ValueError("Student not found")
ValueError: Student not found
2026-05-26 15:18:46,034 - ERROR - Student not found
  + Exception Group Traceback (most recent call last):
  |   File "C:\Users\Lenovo\OneDrive\Desktop\managment system\venv\Lib\site-packages\starlette\_utils.py", line 81, in collapse_excgroups
  |     yield
  |   File "C:\Users\Lenovo\OneDrive\Desktop\managment system\venv\Lib\site-packages\starlette\middleware\base.py", line 192, in __call__
  |     async with anyio.create_task_group() as task_group:
  |                ~~~~~~~~~~~~~~~~~~~~~~~^^
  |   File "C:\Users\Lenovo\OneDrive\Desktop\managment system\venv\Lib\site-packages\anyio\_backends\_asyncio.py", line 799, in __aexit__
  |     raise BaseExceptionGroup(
  |         "unhandled errors in a TaskGroup", self._exceptions
  |     ) from None
  | ExceptionGroup: unhandled errors in a TaskGroup (1 sub-exception)
  +-+---------------- 1 ----------------
    | Traceback (most recent call last):
    |   File "C:\Users\Lenovo\OneDrive\Desktop\managment system\venv\Lib\site-packages\starlette\middleware\errors.py", line 164, in __call__
    |     await self.app(scope, receive, _send)
    |   File "C:\Users\Lenovo\OneDrive\Desktop\managment system\venv\Lib\site-packages\starlette\middleware\base.py", line 191, in __call__
    |     with recv_stream, send_stream, collapse_excgroups():
    |                                    ~~~~~~~~~~~~~~~~~~^^
    |   File "C:\Python313\Lib\contextlib.py", line 162, in __exit__
    |     self.gen.throw(value)
    |     ~~~~~~~~~~~~~~^^^^^^^
    |   File "C:\Users\Lenovo\OneDrive\Desktop\managment system\venv\Lib\site-packages\starlette\_utils.py", line 87, in collapse_excgroups
    |     raise exc
    |   File "C:\Users\Lenovo\OneDrive\Desktop\managment system\venv\Lib\site-packages\starlette\middleware\base.py", line 193, in __call__
    |     response = await self.dispatch_func(request, call_next)
    |                ^^^^^^^^^^^^^^^^^^^^^^^^^^^^^^^^^^^^^^^^^^^^
    |   File "C:\Users\Lenovo\OneDrive\Desktop\managment system\middleware\rate_limit.py", line 52, in dispatch
    |     response = await call_next(request)
    |                ^^^^^^^^^^^^^^^^^^^^^^^^
    |   File "C:\Users\Lenovo\OneDrive\Desktop\managment system\venv\Lib\site-packages\starlette\middleware\base.py", line 168, in call_next
    |     raise app_exc from app_exc.__cause__ or app_exc.__context__
    |   File "C:\Users\Lenovo\OneDrive\Desktop\managment system\venv\Lib\site-packages\starlette\middleware\base.py", line 144, in coro
    |     await self.app(scope, receive_or_disconnect, send_no_error)
    |   File "C:\Users\Lenovo\OneDrive\Desktop\managment system\venv\Lib\site-packages\starlette\middleware\base.py", line 191, in __call__
    |     with recv_stream, send_stream, collapse_excgroups():
    |                                    ~~~~~~~~~~~~~~~~~~^^
    |   File "C:\Python313\Lib\contextlib.py", line 162, in __exit__
    |     self.gen.throw(value)
    |     ~~~~~~~~~~~~~~^^^^^^^
    |   File "C:\Users\Lenovo\OneDrive\Desktop\managment system\venv\Lib\site-packages\starlette\_utils.py", line 87, in collapse_excgroups
    |     raise exc
    |   File "C:\Users\Lenovo\OneDrive\Desktop\managment system\venv\Lib\site-packages\starlette\middleware\base.py", line 193, in __call__
    |     response = await self.dispatch_func(request, call_next)
    |                ^^^^^^^^^^^^^^^^^^^^^^^^^^^^^^^^^^^^^^^^^^^^
    |   File "C:\Users\Lenovo\OneDrive\Desktop\managment system\middleware\logging_middleware.py", line 24, in dispatch
    |     response = await call_next(request)
    |                ^^^^^^^^^^^^^^^^^^^^^^^^
    |   File "C:\Users\Lenovo\OneDrive\Desktop\managment system\venv\Lib\site-packages\starlette\middleware\base.py", line 168, in call_next
    |     raise app_exc from app_exc.__cause__ or app_exc.__context__
    |   File "C:\Users\Lenovo\OneDrive\Desktop\managment system\venv\Lib\site-packages\starlette\middleware\base.py", line 144, in coro
    |     await self.app(scope, receive_or_disconnect, send_no_error)
    |   File "C:\Users\Lenovo\OneDrive\Desktop\managment system\venv\Lib\site-packages\starlette\middleware\exceptions.py", line 63, in __call__
    |     await wrap_app_handling_exceptions(self.app, conn)(scope, receive, send)
    |   File "C:\Users\Lenovo\OneDrive\Desktop\managment system\venv\Lib\site-packages\starlette\_exception_handler.py", line 53, in wrapped_app
    |     raise exc
    |   File "C:\Users\Lenovo\OneDrive\Desktop\managment system\venv\Lib\site-packages\starlette\_exception_handler.py", line 42, in wrapped_app
    |     await app(scope, receive, sender)
    |   File "C:\Users\Lenovo\OneDrive\Desktop\managment system\venv\Lib\site-packages\fastapi\middleware\asyncexitstack.py", line 18, in __call__
    |     await self.app(scope, receive, send)
    |   File "C:\Users\Lenovo\OneDrive\Desktop\managment system\venv\Lib\site-packages\starlette\routing.py", line 660, in __call__
    |     await self.middleware_stack(scope, receive, send)
    |   File "C:\Users\Lenovo\OneDrive\Desktop\managment system\venv\Lib\site-packages\starlette\routing.py", line 680, in app
    |     await route.handle(scope, receive, send)
    |   File "C:\Users\Lenovo\OneDrive\Desktop\managment system\venv\Lib\site-packages\starlette\routing.py", line 276, in handle
    |     await self.app(scope, receive, send)
    |   File "C:\Users\Lenovo\OneDrive\Desktop\managment system\venv\Lib\site-packages\fastapi\routing.py", line 134, in app
    |     await wrap_app_handling_exceptions(app, request)(scope, receive, send)
    |   File "C:\Users\Lenovo\OneDrive\Desktop\managment system\venv\Lib\site-packages\starlette\_exception_handler.py", line 53, in wrapped_app
    |     raise exc
    |   File "C:\Users\Lenovo\OneDrive\Desktop\managment system\venv\Lib\site-packages\starlette\_exception_handler.py", line 42, in wrapped_app
    |     await app(scope, receive, sender)
    |   File "C:\Users\Lenovo\OneDrive\Desktop\managment system\venv\Lib\site-packages\fastapi\routing.py", line 120, in app
    |     response = await f(request)
    |                ^^^^^^^^^^^^^^^^
    |   File "C:\Users\Lenovo\OneDrive\Desktop\managment system\venv\Lib\site-packages\fastapi\routing.py", line 674, in app
    |     raw_response = await run_endpoint_function(
    |                    ^^^^^^^^^^^^^^^^^^^^^^^^^^^^
    |     ...<3 lines>...
    |     )
    |     ^
    |   File "C:\Users\Lenovo\OneDrive\Desktop\managment system\venv\Lib\site-packages\fastapi\routing.py", line 330, in run_endpoint_function
    |     return await run_in_threadpool(dependant.call, **values)
    |            ^^^^^^^^^^^^^^^^^^^^^^^^^^^^^^^^^^^^^^^^^^^^^^^^^
    |   File "C:\Users\Lenovo\OneDrive\Desktop\managment system\venv\Lib\site-packages\starlette\concurrency.py", line 32, in run_in_threadpool
    |     return await anyio.to_thread.run_sync(func)
    |            ^^^^^^^^^^^^^^^^^^^^^^^^^^^^^^^^^^^^
    |   File "C:\Users\Lenovo\OneDrive\Desktop\managment system\venv\Lib\site-packages\anyio\to_thread.py", line 63, in run_sync
    |     return await get_async_backend().run_sync_in_worker_thread(
    |            ^^^^^^^^^^^^^^^^^^^^^^^^^^^^^^^^^^^^^^^^^^^^^^^^^^^^
    |         func, args, abandon_on_cancel=abandon_on_cancel, limiter=limiter
    |         ^^^^^^^^^^^^^^^^^^^^^^^^^^^^^^^^^^^^^^^^^^^^^^^^^^^^^^^^^^^^^^^^
    |     )
    |     ^
    |   File "C:\Users\Lenovo\OneDrive\Desktop\managment system\venv\Lib\site-packages\anyio\_backends\_asyncio.py", line 2518, in run_sync_in_worker_thread
    |     return await future
    |            ^^^^^^^^^^^^
    |   File "C:\Users\Lenovo\OneDrive\Desktop\managment system\venv\Lib\site-packages\anyio\_backends\_asyncio.py", line 1002, in run
    |     result = context.run(func, *args)
    |   File "C:\Users\Lenovo\OneDrive\Desktop\managment system\app\api.py", line 270, in get_student
    |     student = service.get_student(student_id)
    |   File "C:\Users\Lenovo\OneDrive\Desktop\managment system\services\student_service.py", line 215, in get_student
    |     raise ValueError("Student not found")
    | ValueError: Student not found
    +------------------------------------

The above exception was the direct cause of the following exception:

Traceback (most recent call last):
  File "C:\Users\Lenovo\OneDrive\Desktop\managment system\venv\Lib\site-packages\starlette\middleware\errors.py", line 164, in __call__
    await self.app(scope, receive, _send)
  File "C:\Users\Lenovo\OneDrive\Desktop\managment system\venv\Lib\site-packages\starlette\middleware\base.py", line 191, in __call__
    with recv_stream, send_stream, collapse_excgroups():
                                   ~~~~~~~~~~~~~~~~~~^^
  File "C:\Python313\Lib\contextlib.py", line 162, in __exit__
    self.gen.throw(value)
    ~~~~~~~~~~~~~~^^^^^^^
  File "C:\Users\Lenovo\OneDrive\Desktop\managment system\venv\Lib\site-packages\starlette\_utils.py", line 87, in collapse_excgroups
    raise exc
  File "C:\Users\Lenovo\OneDrive\Desktop\managment system\venv\Lib\site-packages\starlette\middleware\base.py", line 193, in __call__
    response = await self.dispatch_func(request, call_next)
               ^^^^^^^^^^^^^^^^^^^^^^^^^^^^^^^^^^^^^^^^^^^^
  File "C:\Users\Lenovo\OneDrive\Desktop\managment system\middleware\rate_limit.py", line 52, in dispatch
    response = await call_next(request)
               ^^^^^^^^^^^^^^^^^^^^^^^^
  File "C:\Users\Lenovo\OneDrive\Desktop\managment system\venv\Lib\site-packages\starlette\middleware\base.py", line 168, in call_next
    raise app_exc from app_exc.__cause__ or app_exc.__context__
  File "C:\Users\Lenovo\OneDrive\Desktop\managment system\venv\Lib\site-packages\starlette\middleware\base.py", line 144, in coro
    await self.app(scope, receive_or_disconnect, send_no_error)
  File "C:\Users\Lenovo\OneDrive\Desktop\managment system\venv\Lib\site-packages\starlette\middleware\base.py", line 191, in __call__
    with recv_stream, send_stream, collapse_excgroups():
                                   ~~~~~~~~~~~~~~~~~~^^
  File "C:\Python313\Lib\contextlib.py", line 162, in __exit__
    self.gen.throw(value)
    ~~~~~~~~~~~~~~^^^^^^^
  File "C:\Users\Lenovo\OneDrive\Desktop\managment system\venv\Lib\site-packages\starlette\_utils.py", line 87, in collapse_excgroups
    raise exc
  File "C:\Users\Lenovo\OneDrive\Desktop\managment system\venv\Lib\site-packages\starlette\middleware\base.py", line 193, in __call__
    response = await self.dispatch_func(request, call_next)
               ^^^^^^^^^^^^^^^^^^^^^^^^^^^^^^^^^^^^^^^^^^^^
  File "C:\Users\Lenovo\OneDrive\Desktop\managment system\middleware\logging_middleware.py", line 24, in dispatch
    response = await call_next(request)
               ^^^^^^^^^^^^^^^^^^^^^^^^
  File "C:\Users\Lenovo\OneDrive\Desktop\managment system\venv\Lib\site-packages\starlette\middleware\base.py", line 168, in call_next
    raise app_exc from app_exc.__cause__ or app_exc.__context__
  File "C:\Users\Lenovo\OneDrive\Desktop\managment system\venv\Lib\site-packages\starlette\middleware\base.py", line 144, in coro
    await self.app(scope, receive_or_disconnect, send_no_error)
  File "C:\Users\Lenovo\OneDrive\Desktop\managment system\venv\Lib\site-packages\starlette\middleware\exceptions.py", line 63, in __call__
    await wrap_app_handling_exceptions(self.app, conn)(scope, receive, send)
  File "C:\Users\Lenovo\OneDrive\Desktop\managment system\venv\Lib\site-packages\starlette\_exception_handler.py", line 53, in wrapped_app
    raise exc
  File "C:\Users\Lenovo\OneDrive\Desktop\managment system\venv\Lib\site-packages\starlette\_exception_handler.py", line 42, in wrapped_app
    await app(scope, receive, sender)
  File "C:\Users\Lenovo\OneDrive\Desktop\managment system\venv\Lib\site-packages\fastapi\middleware\asyncexitstack.py", line 18, in __call__
    await self.app(scope, receive, send)
  File "C:\Users\Lenovo\OneDrive\Desktop\managment system\venv\Lib\site-packages\starlette\routing.py", line 660, in __call__
    await self.middleware_stack(scope, receive, send)
  File "C:\Users\Lenovo\OneDrive\Desktop\managment system\venv\Lib\site-packages\starlette\routing.py", line 680, in app
    await route.handle(scope, receive, send)
  File "C:\Users\Lenovo\OneDrive\Desktop\managment system\venv\Lib\site-packages\starlette\routing.py", line 276, in handle
    await self.app(scope, receive, send)
  File "C:\Users\Lenovo\OneDrive\Desktop\managment system\venv\Lib\site-packages\fastapi\routing.py", line 134, in app
    await wrap_app_handling_exceptions(app, request)(scope, receive, send)
  File "C:\Users\Lenovo\OneDrive\Desktop\managment system\venv\Lib\site-packages\starlette\_exception_handler.py", line 53, in wrapped_app
    raise exc
  File "C:\Users\Lenovo\OneDrive\Desktop\managment system\venv\Lib\site-packages\starlette\_exception_handler.py", line 42, in wrapped_app
    await app(scope, receive, sender)
  File "C:\Users\Lenovo\OneDrive\Desktop\managment system\venv\Lib\site-packages\fastapi\routing.py", line 120, in app
    response = await f(request)
               ^^^^^^^^^^^^^^^^
  File "C:\Users\Lenovo\OneDrive\Desktop\managment system\venv\Lib\site-packages\fastapi\routing.py", line 674, in app
    raw_response = await run_endpoint_function(
                   ^^^^^^^^^^^^^^^^^^^^^^^^^^^^
    ...<3 lines>...
    )
    ^
  File "C:\Users\Lenovo\OneDrive\Desktop\managment system\venv\Lib\site-packages\fastapi\routing.py", line 330, in run_endpoint_function
    return await run_in_threadpool(dependant.call, **values)
           ^^^^^^^^^^^^^^^^^^^^^^^^^^^^^^^^^^^^^^^^^^^^^^^^^
  File "C:\Users\Lenovo\OneDrive\Desktop\managment system\venv\Lib\site-packages\starlette\concurrency.py", line 32, in run_in_threadpool
    return await anyio.to_thread.run_sync(func)
           ^^^^^^^^^^^^^^^^^^^^^^^^^^^^^^^^^^^^
  File "C:\Users\Lenovo\OneDrive\Desktop\managment system\venv\Lib\site-packages\anyio\to_thread.py", line 63, in run_sync
    return await get_async_backend().run_sync_in_worker_thread(
           ^^^^^^^^^^^^^^^^^^^^^^^^^^^^^^^^^^^^^^^^^^^^^^^^^^^^
        func, args, abandon_on_cancel=abandon_on_cancel, limiter=limiter
        ^^^^^^^^^^^^^^^^^^^^^^^^^^^^^^^^^^^^^^^^^^^^^^^^^^^^^^^^^^^^^^^^
    )
    ^
  File "C:\Users\Lenovo\OneDrive\Desktop\managment system\venv\Lib\site-packages\anyio\_backends\_asyncio.py", line 2518, in run_sync_in_worker_thread
    return await future
           ^^^^^^^^^^^^
  File "C:\Users\Lenovo\OneDrive\Desktop\managment system\venv\Lib\site-packages\anyio\_backends\_asyncio.py", line 1002, in run
    result = context.run(func, *args)
  File "C:\Users\Lenovo\OneDrive\Desktop\managment system\app\api.py", line 270, in get_student
    student = service.get_student(student_id)
  File "C:\Users\Lenovo\OneDrive\Desktop\managment system\services\student_service.py", line 215, in get_student
    raise ValueError("Student not found")
ValueError: Student not found
2026-05-26 15:19:35,260 - INFO - Request Started | Method=GET Path=/docs
2026-05-26 15:19:35,261 - INFO - Request Completed | Method=GET Path=/docs Status=200 Time=0.0007s
2026-05-26 15:19:35,379 - INFO - Request Started | Method=GET Path=/openapi.json
2026-05-26 15:19:35,380 - INFO - Request Completed | Method=GET Path=/openapi.json Status=200 Time=0.0005s
2026-05-26 15:19:44,457 - INFO - Request Started | Method=GET Path=/students/dashboard
2026-05-26 15:19:44,462 - ERROR - Request Failed | Method=GET Path=/students/dashboard Time=0.0041s Error=Student not found
Traceback (most recent call last):
  File "C:\Users\Lenovo\OneDrive\Desktop\managment system\middleware\logging_middleware.py", line 24, in dispatch
    response = await call_next(request)
               ^^^^^^^^^^^^^^^^^^^^^^^^
  File "C:\Users\Lenovo\OneDrive\Desktop\managment system\venv\Lib\site-packages\starlette\middleware\base.py", line 168, in call_next
    raise app_exc from app_exc.__cause__ or app_exc.__context__
  File "C:\Users\Lenovo\OneDrive\Desktop\managment system\venv\Lib\site-packages\starlette\middleware\base.py", line 144, in coro
    await self.app(scope, receive_or_disconnect, send_no_error)
  File "C:\Users\Lenovo\OneDrive\Desktop\managment system\venv\Lib\site-packages\starlette\middleware\exceptions.py", line 63, in __call__
    await wrap_app_handling_exceptions(self.app, conn)(scope, receive, send)
  File "C:\Users\Lenovo\OneDrive\Desktop\managment system\venv\Lib\site-packages\starlette\_exception_handler.py", line 53, in wrapped_app
    raise exc
  File "C:\Users\Lenovo\OneDrive\Desktop\managment system\venv\Lib\site-packages\starlette\_exception_handler.py", line 42, in wrapped_app
    await app(scope, receive, sender)
  File "C:\Users\Lenovo\OneDrive\Desktop\managment system\venv\Lib\site-packages\fastapi\middleware\asyncexitstack.py", line 18, in __call__
    await self.app(scope, receive, send)
  File "C:\Users\Lenovo\OneDrive\Desktop\managment system\venv\Lib\site-packages\starlette\routing.py", line 660, in __call__
    await self.middleware_stack(scope, receive, send)
  File "C:\Users\Lenovo\OneDrive\Desktop\managment system\venv\Lib\site-packages\starlette\routing.py", line 680, in app
    await route.handle(scope, receive, send)
  File "C:\Users\Lenovo\OneDrive\Desktop\managment system\venv\Lib\site-packages\starlette\routing.py", line 276, in handle
    await self.app(scope, receive, send)
  File "C:\Users\Lenovo\OneDrive\Desktop\managment system\venv\Lib\site-packages\fastapi\routing.py", line 134, in app
    await wrap_app_handling_exceptions(app, request)(scope, receive, send)
  File "C:\Users\Lenovo\OneDrive\Desktop\managment system\venv\Lib\site-packages\starlette\_exception_handler.py", line 53, in wrapped_app
    raise exc
  File "C:\Users\Lenovo\OneDrive\Desktop\managment system\venv\Lib\site-packages\starlette\_exception_handler.py", line 42, in wrapped_app
    await app(scope, receive, sender)
  File "C:\Users\Lenovo\OneDrive\Desktop\managment system\venv\Lib\site-packages\fastapi\routing.py", line 120, in app
    response = await f(request)
               ^^^^^^^^^^^^^^^^
  File "C:\Users\Lenovo\OneDrive\Desktop\managment system\venv\Lib\site-packages\fastapi\routing.py", line 674, in app
    raw_response = await run_endpoint_function(
                   ^^^^^^^^^^^^^^^^^^^^^^^^^^^^
    ...<3 lines>...
    )
    ^
  File "C:\Users\Lenovo\OneDrive\Desktop\managment system\venv\Lib\site-packages\fastapi\routing.py", line 330, in run_endpoint_function
    return await run_in_threadpool(dependant.call, **values)
           ^^^^^^^^^^^^^^^^^^^^^^^^^^^^^^^^^^^^^^^^^^^^^^^^^
  File "C:\Users\Lenovo\OneDrive\Desktop\managment system\venv\Lib\site-packages\starlette\concurrency.py", line 32, in run_in_threadpool
    return await anyio.to_thread.run_sync(func)
           ^^^^^^^^^^^^^^^^^^^^^^^^^^^^^^^^^^^^
  File "C:\Users\Lenovo\OneDrive\Desktop\managment system\venv\Lib\site-packages\anyio\to_thread.py", line 63, in run_sync
    return await get_async_backend().run_sync_in_worker_thread(
           ^^^^^^^^^^^^^^^^^^^^^^^^^^^^^^^^^^^^^^^^^^^^^^^^^^^^
        func, args, abandon_on_cancel=abandon_on_cancel, limiter=limiter
        ^^^^^^^^^^^^^^^^^^^^^^^^^^^^^^^^^^^^^^^^^^^^^^^^^^^^^^^^^^^^^^^^
    )
    ^
  File "C:\Users\Lenovo\OneDrive\Desktop\managment system\venv\Lib\site-packages\anyio\_backends\_asyncio.py", line 2518, in run_sync_in_worker_thread
    return await future
           ^^^^^^^^^^^^
  File "C:\Users\Lenovo\OneDrive\Desktop\managment system\venv\Lib\site-packages\anyio\_backends\_asyncio.py", line 1002, in run
    result = context.run(func, *args)
  File "C:\Users\Lenovo\OneDrive\Desktop\managment system\app\api.py", line 270, in get_student
    student = service.get_student(student_id)
  File "C:\Users\Lenovo\OneDrive\Desktop\managment system\services\student_service.py", line 215, in get_student
    raise ValueError("Student not found")
ValueError: Student not found
2026-05-26 15:19:44,465 - ERROR - Student not found
  + Exception Group Traceback (most recent call last):
  |   File "C:\Users\Lenovo\OneDrive\Desktop\managment system\venv\Lib\site-packages\starlette\_utils.py", line 81, in collapse_excgroups
  |     yield
  |   File "C:\Users\Lenovo\OneDrive\Desktop\managment system\venv\Lib\site-packages\starlette\middleware\base.py", line 192, in __call__
  |     async with anyio.create_task_group() as task_group:
  |                ~~~~~~~~~~~~~~~~~~~~~~~^^
  |   File "C:\Users\Lenovo\OneDrive\Desktop\managment system\venv\Lib\site-packages\anyio\_backends\_asyncio.py", line 799, in __aexit__
  |     raise BaseExceptionGroup(
  |         "unhandled errors in a TaskGroup", self._exceptions
  |     ) from None
  | ExceptionGroup: unhandled errors in a TaskGroup (1 sub-exception)
  +-+---------------- 1 ----------------
    | Traceback (most recent call last):
    |   File "C:\Users\Lenovo\OneDrive\Desktop\managment system\venv\Lib\site-packages\starlette\middleware\errors.py", line 164, in __call__
    |     await self.app(scope, receive, _send)
    |   File "C:\Users\Lenovo\OneDrive\Desktop\managment system\venv\Lib\site-packages\starlette\middleware\base.py", line 191, in __call__
    |     with recv_stream, send_stream, collapse_excgroups():
    |                                    ~~~~~~~~~~~~~~~~~~^^
    |   File "C:\Python313\Lib\contextlib.py", line 162, in __exit__
    |     self.gen.throw(value)
    |     ~~~~~~~~~~~~~~^^^^^^^
    |   File "C:\Users\Lenovo\OneDrive\Desktop\managment system\venv\Lib\site-packages\starlette\_utils.py", line 87, in collapse_excgroups
    |     raise exc
    |   File "C:\Users\Lenovo\OneDrive\Desktop\managment system\venv\Lib\site-packages\starlette\middleware\base.py", line 193, in __call__
    |     response = await self.dispatch_func(request, call_next)
    |                ^^^^^^^^^^^^^^^^^^^^^^^^^^^^^^^^^^^^^^^^^^^^
    |   File "C:\Users\Lenovo\OneDrive\Desktop\managment system\middleware\rate_limit.py", line 52, in dispatch
    |     response = await call_next(request)
    |                ^^^^^^^^^^^^^^^^^^^^^^^^
    |   File "C:\Users\Lenovo\OneDrive\Desktop\managment system\venv\Lib\site-packages\starlette\middleware\base.py", line 168, in call_next
    |     raise app_exc from app_exc.__cause__ or app_exc.__context__
    |   File "C:\Users\Lenovo\OneDrive\Desktop\managment system\venv\Lib\site-packages\starlette\middleware\base.py", line 144, in coro
    |     await self.app(scope, receive_or_disconnect, send_no_error)
    |   File "C:\Users\Lenovo\OneDrive\Desktop\managment system\venv\Lib\site-packages\starlette\middleware\base.py", line 191, in __call__
    |     with recv_stream, send_stream, collapse_excgroups():
    |                                    ~~~~~~~~~~~~~~~~~~^^
    |   File "C:\Python313\Lib\contextlib.py", line 162, in __exit__
    |     self.gen.throw(value)
    |     ~~~~~~~~~~~~~~^^^^^^^
    |   File "C:\Users\Lenovo\OneDrive\Desktop\managment system\venv\Lib\site-packages\starlette\_utils.py", line 87, in collapse_excgroups
    |     raise exc
    |   File "C:\Users\Lenovo\OneDrive\Desktop\managment system\venv\Lib\site-packages\starlette\middleware\base.py", line 193, in __call__
    |     response = await self.dispatch_func(request, call_next)
    |                ^^^^^^^^^^^^^^^^^^^^^^^^^^^^^^^^^^^^^^^^^^^^
    |   File "C:\Users\Lenovo\OneDrive\Desktop\managment system\middleware\logging_middleware.py", line 24, in dispatch
    |     response = await call_next(request)
    |                ^^^^^^^^^^^^^^^^^^^^^^^^
    |   File "C:\Users\Lenovo\OneDrive\Desktop\managment system\venv\Lib\site-packages\starlette\middleware\base.py", line 168, in call_next
    |     raise app_exc from app_exc.__cause__ or app_exc.__context__
    |   File "C:\Users\Lenovo\OneDrive\Desktop\managment system\venv\Lib\site-packages\starlette\middleware\base.py", line 144, in coro
    |     await self.app(scope, receive_or_disconnect, send_no_error)
    |   File "C:\Users\Lenovo\OneDrive\Desktop\managment system\venv\Lib\site-packages\starlette\middleware\exceptions.py", line 63, in __call__
    |     await wrap_app_handling_exceptions(self.app, conn)(scope, receive, send)
    |   File "C:\Users\Lenovo\OneDrive\Desktop\managment system\venv\Lib\site-packages\starlette\_exception_handler.py", line 53, in wrapped_app
    |     raise exc
    |   File "C:\Users\Lenovo\OneDrive\Desktop\managment system\venv\Lib\site-packages\starlette\_exception_handler.py", line 42, in wrapped_app
    |     await app(scope, receive, sender)
    |   File "C:\Users\Lenovo\OneDrive\Desktop\managment system\venv\Lib\site-packages\fastapi\middleware\asyncexitstack.py", line 18, in __call__
    |     await self.app(scope, receive, send)
    |   File "C:\Users\Lenovo\OneDrive\Desktop\managment system\venv\Lib\site-packages\starlette\routing.py", line 660, in __call__
    |     await self.middleware_stack(scope, receive, send)
    |   File "C:\Users\Lenovo\OneDrive\Desktop\managment system\venv\Lib\site-packages\starlette\routing.py", line 680, in app
    |     await route.handle(scope, receive, send)
    |   File "C:\Users\Lenovo\OneDrive\Desktop\managment system\venv\Lib\site-packages\starlette\routing.py", line 276, in handle
    |     await self.app(scope, receive, send)
    |   File "C:\Users\Lenovo\OneDrive\Desktop\managment system\venv\Lib\site-packages\fastapi\routing.py", line 134, in app
    |     await wrap_app_handling_exceptions(app, request)(scope, receive, send)
    |   File "C:\Users\Lenovo\OneDrive\Desktop\managment system\venv\Lib\site-packages\starlette\_exception_handler.py", line 53, in wrapped_app
    |     raise exc
    |   File "C:\Users\Lenovo\OneDrive\Desktop\managment system\venv\Lib\site-packages\starlette\_exception_handler.py", line 42, in wrapped_app
    |     await app(scope, receive, sender)
    |   File "C:\Users\Lenovo\OneDrive\Desktop\managment system\venv\Lib\site-packages\fastapi\routing.py", line 120, in app
    |     response = await f(request)
    |                ^^^^^^^^^^^^^^^^
    |   File "C:\Users\Lenovo\OneDrive\Desktop\managment system\venv\Lib\site-packages\fastapi\routing.py", line 674, in app
    |     raw_response = await run_endpoint_function(
    |                    ^^^^^^^^^^^^^^^^^^^^^^^^^^^^
    |     ...<3 lines>...
    |     )
    |     ^
    |   File "C:\Users\Lenovo\OneDrive\Desktop\managment system\venv\Lib\site-packages\fastapi\routing.py", line 330, in run_endpoint_function
    |     return await run_in_threadpool(dependant.call, **values)
    |            ^^^^^^^^^^^^^^^^^^^^^^^^^^^^^^^^^^^^^^^^^^^^^^^^^
    |   File "C:\Users\Lenovo\OneDrive\Desktop\managment system\venv\Lib\site-packages\starlette\concurrency.py", line 32, in run_in_threadpool
    |     return await anyio.to_thread.run_sync(func)
    |            ^^^^^^^^^^^^^^^^^^^^^^^^^^^^^^^^^^^^
    |   File "C:\Users\Lenovo\OneDrive\Desktop\managment system\venv\Lib\site-packages\anyio\to_thread.py", line 63, in run_sync
    |     return await get_async_backend().run_sync_in_worker_thread(
    |            ^^^^^^^^^^^^^^^^^^^^^^^^^^^^^^^^^^^^^^^^^^^^^^^^^^^^
    |         func, args, abandon_on_cancel=abandon_on_cancel, limiter=limiter
    |         ^^^^^^^^^^^^^^^^^^^^^^^^^^^^^^^^^^^^^^^^^^^^^^^^^^^^^^^^^^^^^^^^
    |     )
    |     ^
    |   File "C:\Users\Lenovo\OneDrive\Desktop\managment system\venv\Lib\site-packages\anyio\_backends\_asyncio.py", line 2518, in run_sync_in_worker_thread
    |     return await future
    |            ^^^^^^^^^^^^
    |   File "C:\Users\Lenovo\OneDrive\Desktop\managment system\venv\Lib\site-packages\anyio\_backends\_asyncio.py", line 1002, in run
    |     result = context.run(func, *args)
    |   File "C:\Users\Lenovo\OneDrive\Desktop\managment system\app\api.py", line 270, in get_student
    |     student = service.get_student(student_id)
    |   File "C:\Users\Lenovo\OneDrive\Desktop\managment system\services\student_service.py", line 215, in get_student
    |     raise ValueError("Student not found")
    | ValueError: Student not found
    +------------------------------------

The above exception was the direct cause of the following exception:

Traceback (most recent call last):
  File "C:\Users\Lenovo\OneDrive\Desktop\managment system\venv\Lib\site-packages\starlette\middleware\errors.py", line 164, in __call__
    await self.app(scope, receive, _send)
  File "C:\Users\Lenovo\OneDrive\Desktop\managment system\venv\Lib\site-packages\starlette\middleware\base.py", line 191, in __call__
    with recv_stream, send_stream, collapse_excgroups():
                                   ~~~~~~~~~~~~~~~~~~^^
  File "C:\Python313\Lib\contextlib.py", line 162, in __exit__
    self.gen.throw(value)
    ~~~~~~~~~~~~~~^^^^^^^
  File "C:\Users\Lenovo\OneDrive\Desktop\managment system\venv\Lib\site-packages\starlette\_utils.py", line 87, in collapse_excgroups
    raise exc
  File "C:\Users\Lenovo\OneDrive\Desktop\managment system\venv\Lib\site-packages\starlette\middleware\base.py", line 193, in __call__
    response = await self.dispatch_func(request, call_next)
               ^^^^^^^^^^^^^^^^^^^^^^^^^^^^^^^^^^^^^^^^^^^^
  File "C:\Users\Lenovo\OneDrive\Desktop\managment system\middleware\rate_limit.py", line 52, in dispatch
    response = await call_next(request)
               ^^^^^^^^^^^^^^^^^^^^^^^^
  File "C:\Users\Lenovo\OneDrive\Desktop\managment system\venv\Lib\site-packages\starlette\middleware\base.py", line 168, in call_next
    raise app_exc from app_exc.__cause__ or app_exc.__context__
  File "C:\Users\Lenovo\OneDrive\Desktop\managment system\venv\Lib\site-packages\starlette\middleware\base.py", line 144, in coro
    await self.app(scope, receive_or_disconnect, send_no_error)
  File "C:\Users\Lenovo\OneDrive\Desktop\managment system\venv\Lib\site-packages\starlette\middleware\base.py", line 191, in __call__
    with recv_stream, send_stream, collapse_excgroups():
                                   ~~~~~~~~~~~~~~~~~~^^
  File "C:\Python313\Lib\contextlib.py", line 162, in __exit__
    self.gen.throw(value)
    ~~~~~~~~~~~~~~^^^^^^^
  File "C:\Users\Lenovo\OneDrive\Desktop\managment system\venv\Lib\site-packages\starlette\_utils.py", line 87, in collapse_excgroups
    raise exc
  File "C:\Users\Lenovo\OneDrive\Desktop\managment system\venv\Lib\site-packages\starlette\middleware\base.py", line 193, in __call__
    response = await self.dispatch_func(request, call_next)
               ^^^^^^^^^^^^^^^^^^^^^^^^^^^^^^^^^^^^^^^^^^^^
  File "C:\Users\Lenovo\OneDrive\Desktop\managment system\middleware\logging_middleware.py", line 24, in dispatch
    response = await call_next(request)
               ^^^^^^^^^^^^^^^^^^^^^^^^
  File "C:\Users\Lenovo\OneDrive\Desktop\managment system\venv\Lib\site-packages\starlette\middleware\base.py", line 168, in call_next
    raise app_exc from app_exc.__cause__ or app_exc.__context__
  File "C:\Users\Lenovo\OneDrive\Desktop\managment system\venv\Lib\site-packages\starlette\middleware\base.py", line 144, in coro
    await self.app(scope, receive_or_disconnect, send_no_error)
  File "C:\Users\Lenovo\OneDrive\Desktop\managment system\venv\Lib\site-packages\starlette\middleware\exceptions.py", line 63, in __call__
    await wrap_app_handling_exceptions(self.app, conn)(scope, receive, send)
  File "C:\Users\Lenovo\OneDrive\Desktop\managment system\venv\Lib\site-packages\starlette\_exception_handler.py", line 53, in wrapped_app
    raise exc
  File "C:\Users\Lenovo\OneDrive\Desktop\managment system\venv\Lib\site-packages\starlette\_exception_handler.py", line 42, in wrapped_app
    await app(scope, receive, sender)
  File "C:\Users\Lenovo\OneDrive\Desktop\managment system\venv\Lib\site-packages\fastapi\middleware\asyncexitstack.py", line 18, in __call__
    await self.app(scope, receive, send)
  File "C:\Users\Lenovo\OneDrive\Desktop\managment system\venv\Lib\site-packages\starlette\routing.py", line 660, in __call__
    await self.middleware_stack(scope, receive, send)
  File "C:\Users\Lenovo\OneDrive\Desktop\managment system\venv\Lib\site-packages\starlette\routing.py", line 680, in app
    await route.handle(scope, receive, send)
  File "C:\Users\Lenovo\OneDrive\Desktop\managment system\venv\Lib\site-packages\starlette\routing.py", line 276, in handle
    await self.app(scope, receive, send)
  File "C:\Users\Lenovo\OneDrive\Desktop\managment system\venv\Lib\site-packages\fastapi\routing.py", line 134, in app
    await wrap_app_handling_exceptions(app, request)(scope, receive, send)
  File "C:\Users\Lenovo\OneDrive\Desktop\managment system\venv\Lib\site-packages\starlette\_exception_handler.py", line 53, in wrapped_app
    raise exc
  File "C:\Users\Lenovo\OneDrive\Desktop\managment system\venv\Lib\site-packages\starlette\_exception_handler.py", line 42, in wrapped_app
    await app(scope, receive, sender)
  File "C:\Users\Lenovo\OneDrive\Desktop\managment system\venv\Lib\site-packages\fastapi\routing.py", line 120, in app
    response = await f(request)
               ^^^^^^^^^^^^^^^^
  File "C:\Users\Lenovo\OneDrive\Desktop\managment system\venv\Lib\site-packages\fastapi\routing.py", line 674, in app
    raw_response = await run_endpoint_function(
                   ^^^^^^^^^^^^^^^^^^^^^^^^^^^^
    ...<3 lines>...
    )
    ^
  File "C:\Users\Lenovo\OneDrive\Desktop\managment system\venv\Lib\site-packages\fastapi\routing.py", line 330, in run_endpoint_function
    return await run_in_threadpool(dependant.call, **values)
           ^^^^^^^^^^^^^^^^^^^^^^^^^^^^^^^^^^^^^^^^^^^^^^^^^
  File "C:\Users\Lenovo\OneDrive\Desktop\managment system\venv\Lib\site-packages\starlette\concurrency.py", line 32, in run_in_threadpool
    return await anyio.to_thread.run_sync(func)
           ^^^^^^^^^^^^^^^^^^^^^^^^^^^^^^^^^^^^
  File "C:\Users\Lenovo\OneDrive\Desktop\managment system\venv\Lib\site-packages\anyio\to_thread.py", line 63, in run_sync
    return await get_async_backend().run_sync_in_worker_thread(
           ^^^^^^^^^^^^^^^^^^^^^^^^^^^^^^^^^^^^^^^^^^^^^^^^^^^^
        func, args, abandon_on_cancel=abandon_on_cancel, limiter=limiter
        ^^^^^^^^^^^^^^^^^^^^^^^^^^^^^^^^^^^^^^^^^^^^^^^^^^^^^^^^^^^^^^^^
    )
    ^
  File "C:\Users\Lenovo\OneDrive\Desktop\managment system\venv\Lib\site-packages\anyio\_backends\_asyncio.py", line 2518, in run_sync_in_worker_thread
    return await future
           ^^^^^^^^^^^^
  File "C:\Users\Lenovo\OneDrive\Desktop\managment system\venv\Lib\site-packages\anyio\_backends\_asyncio.py", line 1002, in run
    result = context.run(func, *args)
  File "C:\Users\Lenovo\OneDrive\Desktop\managment system\app\api.py", line 270, in get_student
    student = service.get_student(student_id)
  File "C:\Users\Lenovo\OneDrive\Desktop\managment system\services\student_service.py", line 215, in get_student
    raise ValueError("Student not found")
ValueError: Student not found
2026-05-26 15:20:21,854 - INFO - Request Started | Method=GET Path=/students/s101
2026-05-26 15:20:21,860 - INFO - Request Completed | Method=GET Path=/students/s101 Status=200 Time=0.0069s
2026-05-26 15:20:30,167 - INFO - Request Started | Method=GET Path=/students/dashboard
2026-05-26 15:20:30,171 - ERROR - Request Failed | Method=GET Path=/students/dashboard Time=0.0039s Error=Student not found
Traceback (most recent call last):
  File "C:\Users\Lenovo\OneDrive\Desktop\managment system\middleware\logging_middleware.py", line 24, in dispatch
    response = await call_next(request)
               ^^^^^^^^^^^^^^^^^^^^^^^^
  File "C:\Users\Lenovo\OneDrive\Desktop\managment system\venv\Lib\site-packages\starlette\middleware\base.py", line 168, in call_next
    raise app_exc from app_exc.__cause__ or app_exc.__context__
  File "C:\Users\Lenovo\OneDrive\Desktop\managment system\venv\Lib\site-packages\starlette\middleware\base.py", line 144, in coro
    await self.app(scope, receive_or_disconnect, send_no_error)
  File "C:\Users\Lenovo\OneDrive\Desktop\managment system\venv\Lib\site-packages\starlette\middleware\exceptions.py", line 63, in __call__
    await wrap_app_handling_exceptions(self.app, conn)(scope, receive, send)
  File "C:\Users\Lenovo\OneDrive\Desktop\managment system\venv\Lib\site-packages\starlette\_exception_handler.py", line 53, in wrapped_app
    raise exc
  File "C:\Users\Lenovo\OneDrive\Desktop\managment system\venv\Lib\site-packages\starlette\_exception_handler.py", line 42, in wrapped_app
    await app(scope, receive, sender)
  File "C:\Users\Lenovo\OneDrive\Desktop\managment system\venv\Lib\site-packages\fastapi\middleware\asyncexitstack.py", line 18, in __call__
    await self.app(scope, receive, send)
  File "C:\Users\Lenovo\OneDrive\Desktop\managment system\venv\Lib\site-packages\starlette\routing.py", line 660, in __call__
    await self.middleware_stack(scope, receive, send)
  File "C:\Users\Lenovo\OneDrive\Desktop\managment system\venv\Lib\site-packages\starlette\routing.py", line 680, in app
    await route.handle(scope, receive, send)
  File "C:\Users\Lenovo\OneDrive\Desktop\managment system\venv\Lib\site-packages\starlette\routing.py", line 276, in handle
    await self.app(scope, receive, send)
  File "C:\Users\Lenovo\OneDrive\Desktop\managment system\venv\Lib\site-packages\fastapi\routing.py", line 134, in app
    await wrap_app_handling_exceptions(app, request)(scope, receive, send)
  File "C:\Users\Lenovo\OneDrive\Desktop\managment system\venv\Lib\site-packages\starlette\_exception_handler.py", line 53, in wrapped_app
    raise exc
  File "C:\Users\Lenovo\OneDrive\Desktop\managment system\venv\Lib\site-packages\starlette\_exception_handler.py", line 42, in wrapped_app
    await app(scope, receive, sender)
  File "C:\Users\Lenovo\OneDrive\Desktop\managment system\venv\Lib\site-packages\fastapi\routing.py", line 120, in app
    response = await f(request)
               ^^^^^^^^^^^^^^^^
  File "C:\Users\Lenovo\OneDrive\Desktop\managment system\venv\Lib\site-packages\fastapi\routing.py", line 674, in app
    raw_response = await run_endpoint_function(
                   ^^^^^^^^^^^^^^^^^^^^^^^^^^^^
    ...<3 lines>...
    )
    ^
  File "C:\Users\Lenovo\OneDrive\Desktop\managment system\venv\Lib\site-packages\fastapi\routing.py", line 330, in run_endpoint_function
    return await run_in_threadpool(dependant.call, **values)
           ^^^^^^^^^^^^^^^^^^^^^^^^^^^^^^^^^^^^^^^^^^^^^^^^^
  File "C:\Users\Lenovo\OneDrive\Desktop\managment system\venv\Lib\site-packages\starlette\concurrency.py", line 32, in run_in_threadpool
    return await anyio.to_thread.run_sync(func)
           ^^^^^^^^^^^^^^^^^^^^^^^^^^^^^^^^^^^^
  File "C:\Users\Lenovo\OneDrive\Desktop\managment system\venv\Lib\site-packages\anyio\to_thread.py", line 63, in run_sync
    return await get_async_backend().run_sync_in_worker_thread(
           ^^^^^^^^^^^^^^^^^^^^^^^^^^^^^^^^^^^^^^^^^^^^^^^^^^^^
        func, args, abandon_on_cancel=abandon_on_cancel, limiter=limiter
        ^^^^^^^^^^^^^^^^^^^^^^^^^^^^^^^^^^^^^^^^^^^^^^^^^^^^^^^^^^^^^^^^
    )
    ^
  File "C:\Users\Lenovo\OneDrive\Desktop\managment system\venv\Lib\site-packages\anyio\_backends\_asyncio.py", line 2518, in run_sync_in_worker_thread
    return await future
           ^^^^^^^^^^^^
  File "C:\Users\Lenovo\OneDrive\Desktop\managment system\venv\Lib\site-packages\anyio\_backends\_asyncio.py", line 1002, in run
    result = context.run(func, *args)
  File "C:\Users\Lenovo\OneDrive\Desktop\managment system\app\api.py", line 270, in get_student
    student = service.get_student(student_id)
  File "C:\Users\Lenovo\OneDrive\Desktop\managment system\services\student_service.py", line 215, in get_student
    raise ValueError("Student not found")
ValueError: Student not found
2026-05-26 15:20:30,175 - ERROR - Student not found
  + Exception Group Traceback (most recent call last):
  |   File "C:\Users\Lenovo\OneDrive\Desktop\managment system\venv\Lib\site-packages\starlette\_utils.py", line 81, in collapse_excgroups
  |     yield
  |   File "C:\Users\Lenovo\OneDrive\Desktop\managment system\venv\Lib\site-packages\starlette\middleware\base.py", line 192, in __call__
  |     async with anyio.create_task_group() as task_group:
  |                ~~~~~~~~~~~~~~~~~~~~~~~^^
  |   File "C:\Users\Lenovo\OneDrive\Desktop\managment system\venv\Lib\site-packages\anyio\_backends\_asyncio.py", line 799, in __aexit__
  |     raise BaseExceptionGroup(
  |         "unhandled errors in a TaskGroup", self._exceptions
  |     ) from None
  | ExceptionGroup: unhandled errors in a TaskGroup (1 sub-exception)
  +-+---------------- 1 ----------------
    | Traceback (most recent call last):
    |   File "C:\Users\Lenovo\OneDrive\Desktop\managment system\venv\Lib\site-packages\starlette\middleware\errors.py", line 164, in __call__
    |     await self.app(scope, receive, _send)
    |   File "C:\Users\Lenovo\OneDrive\Desktop\managment system\venv\Lib\site-packages\starlette\middleware\base.py", line 191, in __call__
    |     with recv_stream, send_stream, collapse_excgroups():
    |                                    ~~~~~~~~~~~~~~~~~~^^
    |   File "C:\Python313\Lib\contextlib.py", line 162, in __exit__
    |     self.gen.throw(value)
    |     ~~~~~~~~~~~~~~^^^^^^^
    |   File "C:\Users\Lenovo\OneDrive\Desktop\managment system\venv\Lib\site-packages\starlette\_utils.py", line 87, in collapse_excgroups
    |     raise exc
    |   File "C:\Users\Lenovo\OneDrive\Desktop\managment system\venv\Lib\site-packages\starlette\middleware\base.py", line 193, in __call__
    |     response = await self.dispatch_func(request, call_next)
    |                ^^^^^^^^^^^^^^^^^^^^^^^^^^^^^^^^^^^^^^^^^^^^
    |   File "C:\Users\Lenovo\OneDrive\Desktop\managment system\middleware\rate_limit.py", line 52, in dispatch
    |     response = await call_next(request)
    |                ^^^^^^^^^^^^^^^^^^^^^^^^
    |   File "C:\Users\Lenovo\OneDrive\Desktop\managment system\venv\Lib\site-packages\starlette\middleware\base.py", line 168, in call_next
    |     raise app_exc from app_exc.__cause__ or app_exc.__context__
    |   File "C:\Users\Lenovo\OneDrive\Desktop\managment system\venv\Lib\site-packages\starlette\middleware\base.py", line 144, in coro
    |     await self.app(scope, receive_or_disconnect, send_no_error)
    |   File "C:\Users\Lenovo\OneDrive\Desktop\managment system\venv\Lib\site-packages\starlette\middleware\base.py", line 191, in __call__
    |     with recv_stream, send_stream, collapse_excgroups():
    |                                    ~~~~~~~~~~~~~~~~~~^^
    |   File "C:\Python313\Lib\contextlib.py", line 162, in __exit__
    |     self.gen.throw(value)
    |     ~~~~~~~~~~~~~~^^^^^^^
    |   File "C:\Users\Lenovo\OneDrive\Desktop\managment system\venv\Lib\site-packages\starlette\_utils.py", line 87, in collapse_excgroups
    |     raise exc
    |   File "C:\Users\Lenovo\OneDrive\Desktop\managment system\venv\Lib\site-packages\starlette\middleware\base.py", line 193, in __call__
    |     response = await self.dispatch_func(request, call_next)
    |                ^^^^^^^^^^^^^^^^^^^^^^^^^^^^^^^^^^^^^^^^^^^^
    |   File "C:\Users\Lenovo\OneDrive\Desktop\managment system\middleware\logging_middleware.py", line 24, in dispatch
    |     response = await call_next(request)
    |                ^^^^^^^^^^^^^^^^^^^^^^^^
    |   File "C:\Users\Lenovo\OneDrive\Desktop\managment system\venv\Lib\site-packages\starlette\middleware\base.py", line 168, in call_next
    |     raise app_exc from app_exc.__cause__ or app_exc.__context__
    |   File "C:\Users\Lenovo\OneDrive\Desktop\managment system\venv\Lib\site-packages\starlette\middleware\base.py", line 144, in coro
    |     await self.app(scope, receive_or_disconnect, send_no_error)
    |   File "C:\Users\Lenovo\OneDrive\Desktop\managment system\venv\Lib\site-packages\starlette\middleware\exceptions.py", line 63, in __call__
    |     await wrap_app_handling_exceptions(self.app, conn)(scope, receive, send)
    |   File "C:\Users\Lenovo\OneDrive\Desktop\managment system\venv\Lib\site-packages\starlette\_exception_handler.py", line 53, in wrapped_app
    |     raise exc
    |   File "C:\Users\Lenovo\OneDrive\Desktop\managment system\venv\Lib\site-packages\starlette\_exception_handler.py", line 42, in wrapped_app
    |     await app(scope, receive, sender)
    |   File "C:\Users\Lenovo\OneDrive\Desktop\managment system\venv\Lib\site-packages\fastapi\middleware\asyncexitstack.py", line 18, in __call__
    |     await self.app(scope, receive, send)
    |   File "C:\Users\Lenovo\OneDrive\Desktop\managment system\venv\Lib\site-packages\starlette\routing.py", line 660, in __call__
    |     await self.middleware_stack(scope, receive, send)
    |   File "C:\Users\Lenovo\OneDrive\Desktop\managment system\venv\Lib\site-packages\starlette\routing.py", line 680, in app
    |     await route.handle(scope, receive, send)
    |   File "C:\Users\Lenovo\OneDrive\Desktop\managment system\venv\Lib\site-packages\starlette\routing.py", line 276, in handle
    |     await self.app(scope, receive, send)
    |   File "C:\Users\Lenovo\OneDrive\Desktop\managment system\venv\Lib\site-packages\fastapi\routing.py", line 134, in app
    |     await wrap_app_handling_exceptions(app, request)(scope, receive, send)
    |   File "C:\Users\Lenovo\OneDrive\Desktop\managment system\venv\Lib\site-packages\starlette\_exception_handler.py", line 53, in wrapped_app
    |     raise exc
    |   File "C:\Users\Lenovo\OneDrive\Desktop\managment system\venv\Lib\site-packages\starlette\_exception_handler.py", line 42, in wrapped_app
    |     await app(scope, receive, sender)
    |   File "C:\Users\Lenovo\OneDrive\Desktop\managment system\venv\Lib\site-packages\fastapi\routing.py", line 120, in app
    |     response = await f(request)
    |                ^^^^^^^^^^^^^^^^
    |   File "C:\Users\Lenovo\OneDrive\Desktop\managment system\venv\Lib\site-packages\fastapi\routing.py", line 674, in app
    |     raw_response = await run_endpoint_function(
    |                    ^^^^^^^^^^^^^^^^^^^^^^^^^^^^
    |     ...<3 lines>...
    |     )
    |     ^
    |   File "C:\Users\Lenovo\OneDrive\Desktop\managment system\venv\Lib\site-packages\fastapi\routing.py", line 330, in run_endpoint_function
    |     return await run_in_threadpool(dependant.call, **values)
    |            ^^^^^^^^^^^^^^^^^^^^^^^^^^^^^^^^^^^^^^^^^^^^^^^^^
    |   File "C:\Users\Lenovo\OneDrive\Desktop\managment system\venv\Lib\site-packages\starlette\concurrency.py", line 32, in run_in_threadpool
    |     return await anyio.to_thread.run_sync(func)
    |            ^^^^^^^^^^^^^^^^^^^^^^^^^^^^^^^^^^^^
    |   File "C:\Users\Lenovo\OneDrive\Desktop\managment system\venv\Lib\site-packages\anyio\to_thread.py", line 63, in run_sync
    |     return await get_async_backend().run_sync_in_worker_thread(
    |            ^^^^^^^^^^^^^^^^^^^^^^^^^^^^^^^^^^^^^^^^^^^^^^^^^^^^
    |         func, args, abandon_on_cancel=abandon_on_cancel, limiter=limiter
    |         ^^^^^^^^^^^^^^^^^^^^^^^^^^^^^^^^^^^^^^^^^^^^^^^^^^^^^^^^^^^^^^^^
    |     )
    |     ^
    |   File "C:\Users\Lenovo\OneDrive\Desktop\managment system\venv\Lib\site-packages\anyio\_backends\_asyncio.py", line 2518, in run_sync_in_worker_thread
    |     return await future
    |            ^^^^^^^^^^^^
    |   File "C:\Users\Lenovo\OneDrive\Desktop\managment system\venv\Lib\site-packages\anyio\_backends\_asyncio.py", line 1002, in run
    |     result = context.run(func, *args)
    |   File "C:\Users\Lenovo\OneDrive\Desktop\managment system\app\api.py", line 270, in get_student
    |     student = service.get_student(student_id)
    |   File "C:\Users\Lenovo\OneDrive\Desktop\managment system\services\student_service.py", line 215, in get_student
    |     raise ValueError("Student not found")
    | ValueError: Student not found
    +------------------------------------

The above exception was the direct cause of the following exception:

Traceback (most recent call last):
  File "C:\Users\Lenovo\OneDrive\Desktop\managment system\venv\Lib\site-packages\starlette\middleware\errors.py", line 164, in __call__
    await self.app(scope, receive, _send)
  File "C:\Users\Lenovo\OneDrive\Desktop\managment system\venv\Lib\site-packages\starlette\middleware\base.py", line 191, in __call__
    with recv_stream, send_stream, collapse_excgroups():
                                   ~~~~~~~~~~~~~~~~~~^^
  File "C:\Python313\Lib\contextlib.py", line 162, in __exit__
    self.gen.throw(value)
    ~~~~~~~~~~~~~~^^^^^^^
  File "C:\Users\Lenovo\OneDrive\Desktop\managment system\venv\Lib\site-packages\starlette\_utils.py", line 87, in collapse_excgroups
    raise exc
  File "C:\Users\Lenovo\OneDrive\Desktop\managment system\venv\Lib\site-packages\starlette\middleware\base.py", line 193, in __call__
    response = await self.dispatch_func(request, call_next)
               ^^^^^^^^^^^^^^^^^^^^^^^^^^^^^^^^^^^^^^^^^^^^
  File "C:\Users\Lenovo\OneDrive\Desktop\managment system\middleware\rate_limit.py", line 52, in dispatch
    response = await call_next(request)
               ^^^^^^^^^^^^^^^^^^^^^^^^
  File "C:\Users\Lenovo\OneDrive\Desktop\managment system\venv\Lib\site-packages\starlette\middleware\base.py", line 168, in call_next
    raise app_exc from app_exc.__cause__ or app_exc.__context__
  File "C:\Users\Lenovo\OneDrive\Desktop\managment system\venv\Lib\site-packages\starlette\middleware\base.py", line 144, in coro
    await self.app(scope, receive_or_disconnect, send_no_error)
  File "C:\Users\Lenovo\OneDrive\Desktop\managment system\venv\Lib\site-packages\starlette\middleware\base.py", line 191, in __call__
    with recv_stream, send_stream, collapse_excgroups():
                                   ~~~~~~~~~~~~~~~~~~^^
  File "C:\Python313\Lib\contextlib.py", line 162, in __exit__
    self.gen.throw(value)
    ~~~~~~~~~~~~~~^^^^^^^
  File "C:\Users\Lenovo\OneDrive\Desktop\managment system\venv\Lib\site-packages\starlette\_utils.py", line 87, in collapse_excgroups
    raise exc
  File "C:\Users\Lenovo\OneDrive\Desktop\managment system\venv\Lib\site-packages\starlette\middleware\base.py", line 193, in __call__
    response = await self.dispatch_func(request, call_next)
               ^^^^^^^^^^^^^^^^^^^^^^^^^^^^^^^^^^^^^^^^^^^^
  File "C:\Users\Lenovo\OneDrive\Desktop\managment system\middleware\logging_middleware.py", line 24, in dispatch
    response = await call_next(request)
               ^^^^^^^^^^^^^^^^^^^^^^^^
  File "C:\Users\Lenovo\OneDrive\Desktop\managment system\venv\Lib\site-packages\starlette\middleware\base.py", line 168, in call_next
    raise app_exc from app_exc.__cause__ or app_exc.__context__
  File "C:\Users\Lenovo\OneDrive\Desktop\managment system\venv\Lib\site-packages\starlette\middleware\base.py", line 144, in coro
    await self.app(scope, receive_or_disconnect, send_no_error)
  File "C:\Users\Lenovo\OneDrive\Desktop\managment system\venv\Lib\site-packages\starlette\middleware\exceptions.py", line 63, in __call__
    await wrap_app_handling_exceptions(self.app, conn)(scope, receive, send)
  File "C:\Users\Lenovo\OneDrive\Desktop\managment system\venv\Lib\site-packages\starlette\_exception_handler.py", line 53, in wrapped_app
    raise exc
  File "C:\Users\Lenovo\OneDrive\Desktop\managment system\venv\Lib\site-packages\starlette\_exception_handler.py", line 42, in wrapped_app
    await app(scope, receive, sender)
  File "C:\Users\Lenovo\OneDrive\Desktop\managment system\venv\Lib\site-packages\fastapi\middleware\asyncexitstack.py", line 18, in __call__
    await self.app(scope, receive, send)
  File "C:\Users\Lenovo\OneDrive\Desktop\managment system\venv\Lib\site-packages\starlette\routing.py", line 660, in __call__
    await self.middleware_stack(scope, receive, send)
  File "C:\Users\Lenovo\OneDrive\Desktop\managment system\venv\Lib\site-packages\starlette\routing.py", line 680, in app
    await route.handle(scope, receive, send)
  File "C:\Users\Lenovo\OneDrive\Desktop\managment system\venv\Lib\site-packages\starlette\routing.py", line 276, in handle
    await self.app(scope, receive, send)
  File "C:\Users\Lenovo\OneDrive\Desktop\managment system\venv\Lib\site-packages\fastapi\routing.py", line 134, in app
    await wrap_app_handling_exceptions(app, request)(scope, receive, send)
  File "C:\Users\Lenovo\OneDrive\Desktop\managment system\venv\Lib\site-packages\starlette\_exception_handler.py", line 53, in wrapped_app
    raise exc
  File "C:\Users\Lenovo\OneDrive\Desktop\managment system\venv\Lib\site-packages\starlette\_exception_handler.py", line 42, in wrapped_app
    await app(scope, receive, sender)
  File "C:\Users\Lenovo\OneDrive\Desktop\managment system\venv\Lib\site-packages\fastapi\routing.py", line 120, in app
    response = await f(request)
               ^^^^^^^^^^^^^^^^
  File "C:\Users\Lenovo\OneDrive\Desktop\managment system\venv\Lib\site-packages\fastapi\routing.py", line 674, in app
    raw_response = await run_endpoint_function(
                   ^^^^^^^^^^^^^^^^^^^^^^^^^^^^
    ...<3 lines>...
    )
    ^
  File "C:\Users\Lenovo\OneDrive\Desktop\managment system\venv\Lib\site-packages\fastapi\routing.py", line 330, in run_endpoint_function
    return await run_in_threadpool(dependant.call, **values)
           ^^^^^^^^^^^^^^^^^^^^^^^^^^^^^^^^^^^^^^^^^^^^^^^^^
  File "C:\Users\Lenovo\OneDrive\Desktop\managment system\venv\Lib\site-packages\starlette\concurrency.py", line 32, in run_in_threadpool
    return await anyio.to_thread.run_sync(func)
           ^^^^^^^^^^^^^^^^^^^^^^^^^^^^^^^^^^^^
  File "C:\Users\Lenovo\OneDrive\Desktop\managment system\venv\Lib\site-packages\anyio\to_thread.py", line 63, in run_sync
    return await get_async_backend().run_sync_in_worker_thread(
           ^^^^^^^^^^^^^^^^^^^^^^^^^^^^^^^^^^^^^^^^^^^^^^^^^^^^
        func, args, abandon_on_cancel=abandon_on_cancel, limiter=limiter
        ^^^^^^^^^^^^^^^^^^^^^^^^^^^^^^^^^^^^^^^^^^^^^^^^^^^^^^^^^^^^^^^^
    )
    ^
  File "C:\Users\Lenovo\OneDrive\Desktop\managment system\venv\Lib\site-packages\anyio\_backends\_asyncio.py", line 2518, in run_sync_in_worker_thread
    return await future
           ^^^^^^^^^^^^
  File "C:\Users\Lenovo\OneDrive\Desktop\managment system\venv\Lib\site-packages\anyio\_backends\_asyncio.py", line 1002, in run
    result = context.run(func, *args)
  File "C:\Users\Lenovo\OneDrive\Desktop\managment system\app\api.py", line 270, in get_student
    student = service.get_student(student_id)
  File "C:\Users\Lenovo\OneDrive\Desktop\managment system\services\student_service.py", line 215, in get_student
    raise ValueError("Student not found")
ValueError: Student not found
2026-05-26 15:25:44,009 - INFO - Request Started | Method=GET Path=/docs
2026-05-26 15:25:44,011 - INFO - Request Completed | Method=GET Path=/docs Status=200 Time=0.0015s
2026-05-26 15:25:44,248 - INFO - Request Started | Method=GET Path=/openapi.json
2026-05-26 15:25:44,280 - INFO - Request Completed | Method=GET Path=/openapi.json Status=200 Time=0.0318s
2026-05-26 15:26:00,322 - INFO - Request Started | Method=GET Path=/students/dashboard
2026-05-26 15:26:00,370 - ERROR - Request Failed | Method=GET Path=/students/dashboard Time=0.0480s Error=Student not found
Traceback (most recent call last):
  File "C:\Users\Lenovo\OneDrive\Desktop\managment system\middleware\logging_middleware.py", line 24, in dispatch
    response = await call_next(request)
               ^^^^^^^^^^^^^^^^^^^^^^^^
  File "C:\Users\Lenovo\OneDrive\Desktop\managment system\venv\Lib\site-packages\starlette\middleware\base.py", line 168, in call_next
    raise app_exc from app_exc.__cause__ or app_exc.__context__
  File "C:\Users\Lenovo\OneDrive\Desktop\managment system\venv\Lib\site-packages\starlette\middleware\base.py", line 144, in coro
    await self.app(scope, receive_or_disconnect, send_no_error)
  File "C:\Users\Lenovo\OneDrive\Desktop\managment system\venv\Lib\site-packages\starlette\middleware\exceptions.py", line 63, in __call__
    await wrap_app_handling_exceptions(self.app, conn)(scope, receive, send)
  File "C:\Users\Lenovo\OneDrive\Desktop\managment system\venv\Lib\site-packages\starlette\_exception_handler.py", line 53, in wrapped_app
    raise exc
  File "C:\Users\Lenovo\OneDrive\Desktop\managment system\venv\Lib\site-packages\starlette\_exception_handler.py", line 42, in wrapped_app
    await app(scope, receive, sender)
  File "C:\Users\Lenovo\OneDrive\Desktop\managment system\venv\Lib\site-packages\fastapi\middleware\asyncexitstack.py", line 18, in __call__
    await self.app(scope, receive, send)
  File "C:\Users\Lenovo\OneDrive\Desktop\managment system\venv\Lib\site-packages\starlette\routing.py", line 660, in __call__
    await self.middleware_stack(scope, receive, send)
  File "C:\Users\Lenovo\OneDrive\Desktop\managment system\venv\Lib\site-packages\starlette\routing.py", line 680, in app
    await route.handle(scope, receive, send)
  File "C:\Users\Lenovo\OneDrive\Desktop\managment system\venv\Lib\site-packages\starlette\routing.py", line 276, in handle
    await self.app(scope, receive, send)
  File "C:\Users\Lenovo\OneDrive\Desktop\managment system\venv\Lib\site-packages\fastapi\routing.py", line 134, in app
    await wrap_app_handling_exceptions(app, request)(scope, receive, send)
  File "C:\Users\Lenovo\OneDrive\Desktop\managment system\venv\Lib\site-packages\starlette\_exception_handler.py", line 53, in wrapped_app
    raise exc
  File "C:\Users\Lenovo\OneDrive\Desktop\managment system\venv\Lib\site-packages\starlette\_exception_handler.py", line 42, in wrapped_app
    await app(scope, receive, sender)
  File "C:\Users\Lenovo\OneDrive\Desktop\managment system\venv\Lib\site-packages\fastapi\routing.py", line 120, in app
    response = await f(request)
               ^^^^^^^^^^^^^^^^
  File "C:\Users\Lenovo\OneDrive\Desktop\managment system\venv\Lib\site-packages\fastapi\routing.py", line 674, in app
    raw_response = await run_endpoint_function(
                   ^^^^^^^^^^^^^^^^^^^^^^^^^^^^
    ...<3 lines>...
    )
    ^
  File "C:\Users\Lenovo\OneDrive\Desktop\managment system\venv\Lib\site-packages\fastapi\routing.py", line 330, in run_endpoint_function
    return await run_in_threadpool(dependant.call, **values)
           ^^^^^^^^^^^^^^^^^^^^^^^^^^^^^^^^^^^^^^^^^^^^^^^^^
  File "C:\Users\Lenovo\OneDrive\Desktop\managment system\venv\Lib\site-packages\starlette\concurrency.py", line 32, in run_in_threadpool
    return await anyio.to_thread.run_sync(func)
           ^^^^^^^^^^^^^^^^^^^^^^^^^^^^^^^^^^^^
  File "C:\Users\Lenovo\OneDrive\Desktop\managment system\venv\Lib\site-packages\anyio\to_thread.py", line 63, in run_sync
    return await get_async_backend().run_sync_in_worker_thread(
           ^^^^^^^^^^^^^^^^^^^^^^^^^^^^^^^^^^^^^^^^^^^^^^^^^^^^
        func, args, abandon_on_cancel=abandon_on_cancel, limiter=limiter
        ^^^^^^^^^^^^^^^^^^^^^^^^^^^^^^^^^^^^^^^^^^^^^^^^^^^^^^^^^^^^^^^^
    )
    ^
  File "C:\Users\Lenovo\OneDrive\Desktop\managment system\venv\Lib\site-packages\anyio\_backends\_asyncio.py", line 2518, in run_sync_in_worker_thread
    return await future
           ^^^^^^^^^^^^
  File "C:\Users\Lenovo\OneDrive\Desktop\managment system\venv\Lib\site-packages\anyio\_backends\_asyncio.py", line 1002, in run
    result = context.run(func, *args)
  File "C:\Users\Lenovo\OneDrive\Desktop\managment system\app\api.py", line 270, in get_student
    student = service.get_student(student_id)
  File "C:\Users\Lenovo\OneDrive\Desktop\managment system\services\student_service.py", line 215, in get_student
    raise ValueError("Student not found")
ValueError: Student not found
2026-05-26 15:26:00,467 - ERROR - Student not found
  + Exception Group Traceback (most recent call last):
  |   File "C:\Users\Lenovo\OneDrive\Desktop\managment system\venv\Lib\site-packages\starlette\_utils.py", line 81, in collapse_excgroups
  |     yield
  |   File "C:\Users\Lenovo\OneDrive\Desktop\managment system\venv\Lib\site-packages\starlette\middleware\base.py", line 192, in __call__
  |     async with anyio.create_task_group() as task_group:
  |                ~~~~~~~~~~~~~~~~~~~~~~~^^
  |   File "C:\Users\Lenovo\OneDrive\Desktop\managment system\venv\Lib\site-packages\anyio\_backends\_asyncio.py", line 799, in __aexit__
  |     raise BaseExceptionGroup(
  |         "unhandled errors in a TaskGroup", self._exceptions
  |     ) from None
  | ExceptionGroup: unhandled errors in a TaskGroup (1 sub-exception)
  +-+---------------- 1 ----------------
    | Traceback (most recent call last):
    |   File "C:\Users\Lenovo\OneDrive\Desktop\managment system\venv\Lib\site-packages\starlette\middleware\errors.py", line 164, in __call__
    |     await self.app(scope, receive, _send)
    |   File "C:\Users\Lenovo\OneDrive\Desktop\managment system\venv\Lib\site-packages\starlette\middleware\base.py", line 191, in __call__
    |     with recv_stream, send_stream, collapse_excgroups():
    |                                    ~~~~~~~~~~~~~~~~~~^^
    |   File "C:\Python313\Lib\contextlib.py", line 162, in __exit__
    |     self.gen.throw(value)
    |     ~~~~~~~~~~~~~~^^^^^^^
    |   File "C:\Users\Lenovo\OneDrive\Desktop\managment system\venv\Lib\site-packages\starlette\_utils.py", line 87, in collapse_excgroups
    |     raise exc
    |   File "C:\Users\Lenovo\OneDrive\Desktop\managment system\venv\Lib\site-packages\starlette\middleware\base.py", line 193, in __call__
    |     response = await self.dispatch_func(request, call_next)
    |                ^^^^^^^^^^^^^^^^^^^^^^^^^^^^^^^^^^^^^^^^^^^^
    |   File "C:\Users\Lenovo\OneDrive\Desktop\managment system\middleware\rate_limit.py", line 52, in dispatch
    |     response = await call_next(request)
    |                ^^^^^^^^^^^^^^^^^^^^^^^^
    |   File "C:\Users\Lenovo\OneDrive\Desktop\managment system\venv\Lib\site-packages\starlette\middleware\base.py", line 168, in call_next
    |     raise app_exc from app_exc.__cause__ or app_exc.__context__
    |   File "C:\Users\Lenovo\OneDrive\Desktop\managment system\venv\Lib\site-packages\starlette\middleware\base.py", line 144, in coro
    |     await self.app(scope, receive_or_disconnect, send_no_error)
    |   File "C:\Users\Lenovo\OneDrive\Desktop\managment system\venv\Lib\site-packages\starlette\middleware\base.py", line 191, in __call__
    |     with recv_stream, send_stream, collapse_excgroups():
    |                                    ~~~~~~~~~~~~~~~~~~^^
    |   File "C:\Python313\Lib\contextlib.py", line 162, in __exit__
    |     self.gen.throw(value)
    |     ~~~~~~~~~~~~~~^^^^^^^
    |   File "C:\Users\Lenovo\OneDrive\Desktop\managment system\venv\Lib\site-packages\starlette\_utils.py", line 87, in collapse_excgroups
    |     raise exc
    |   File "C:\Users\Lenovo\OneDrive\Desktop\managment system\venv\Lib\site-packages\starlette\middleware\base.py", line 193, in __call__
    |     response = await self.dispatch_func(request, call_next)
    |                ^^^^^^^^^^^^^^^^^^^^^^^^^^^^^^^^^^^^^^^^^^^^
    |   File "C:\Users\Lenovo\OneDrive\Desktop\managment system\middleware\logging_middleware.py", line 24, in dispatch
    |     response = await call_next(request)
    |                ^^^^^^^^^^^^^^^^^^^^^^^^
    |   File "C:\Users\Lenovo\OneDrive\Desktop\managment system\venv\Lib\site-packages\starlette\middleware\base.py", line 168, in call_next
    |     raise app_exc from app_exc.__cause__ or app_exc.__context__
    |   File "C:\Users\Lenovo\OneDrive\Desktop\managment system\venv\Lib\site-packages\starlette\middleware\base.py", line 144, in coro
    |     await self.app(scope, receive_or_disconnect, send_no_error)
    |   File "C:\Users\Lenovo\OneDrive\Desktop\managment system\venv\Lib\site-packages\starlette\middleware\exceptions.py", line 63, in __call__
    |     await wrap_app_handling_exceptions(self.app, conn)(scope, receive, send)
    |   File "C:\Users\Lenovo\OneDrive\Desktop\managment system\venv\Lib\site-packages\starlette\_exception_handler.py", line 53, in wrapped_app
    |     raise exc
    |   File "C:\Users\Lenovo\OneDrive\Desktop\managment system\venv\Lib\site-packages\starlette\_exception_handler.py", line 42, in wrapped_app
    |     await app(scope, receive, sender)
    |   File "C:\Users\Lenovo\OneDrive\Desktop\managment system\venv\Lib\site-packages\fastapi\middleware\asyncexitstack.py", line 18, in __call__
    |     await self.app(scope, receive, send)
    |   File "C:\Users\Lenovo\OneDrive\Desktop\managment system\venv\Lib\site-packages\starlette\routing.py", line 660, in __call__
    |     await self.middleware_stack(scope, receive, send)
    |   File "C:\Users\Lenovo\OneDrive\Desktop\managment system\venv\Lib\site-packages\starlette\routing.py", line 680, in app
    |     await route.handle(scope, receive, send)
    |   File "C:\Users\Lenovo\OneDrive\Desktop\managment system\venv\Lib\site-packages\starlette\routing.py", line 276, in handle
    |     await self.app(scope, receive, send)
    |   File "C:\Users\Lenovo\OneDrive\Desktop\managment system\venv\Lib\site-packages\fastapi\routing.py", line 134, in app
    |     await wrap_app_handling_exceptions(app, request)(scope, receive, send)
    |   File "C:\Users\Lenovo\OneDrive\Desktop\managment system\venv\Lib\site-packages\starlette\_exception_handler.py", line 53, in wrapped_app
    |     raise exc
    |   File "C:\Users\Lenovo\OneDrive\Desktop\managment system\venv\Lib\site-packages\starlette\_exception_handler.py", line 42, in wrapped_app
    |     await app(scope, receive, sender)
    |   File "C:\Users\Lenovo\OneDrive\Desktop\managment system\venv\Lib\site-packages\fastapi\routing.py", line 120, in app
    |     response = await f(request)
    |                ^^^^^^^^^^^^^^^^
    |   File "C:\Users\Lenovo\OneDrive\Desktop\managment system\venv\Lib\site-packages\fastapi\routing.py", line 674, in app
    |     raw_response = await run_endpoint_function(
    |                    ^^^^^^^^^^^^^^^^^^^^^^^^^^^^
    |     ...<3 lines>...
    |     )
    |     ^
    |   File "C:\Users\Lenovo\OneDrive\Desktop\managment system\venv\Lib\site-packages\fastapi\routing.py", line 330, in run_endpoint_function
    |     return await run_in_threadpool(dependant.call, **values)
    |            ^^^^^^^^^^^^^^^^^^^^^^^^^^^^^^^^^^^^^^^^^^^^^^^^^
    |   File "C:\Users\Lenovo\OneDrive\Desktop\managment system\venv\Lib\site-packages\starlette\concurrency.py", line 32, in run_in_threadpool
    |     return await anyio.to_thread.run_sync(func)
    |            ^^^^^^^^^^^^^^^^^^^^^^^^^^^^^^^^^^^^
    |   File "C:\Users\Lenovo\OneDrive\Desktop\managment system\venv\Lib\site-packages\anyio\to_thread.py", line 63, in run_sync
    |     return await get_async_backend().run_sync_in_worker_thread(
    |            ^^^^^^^^^^^^^^^^^^^^^^^^^^^^^^^^^^^^^^^^^^^^^^^^^^^^
    |         func, args, abandon_on_cancel=abandon_on_cancel, limiter=limiter
    |         ^^^^^^^^^^^^^^^^^^^^^^^^^^^^^^^^^^^^^^^^^^^^^^^^^^^^^^^^^^^^^^^^
    |     )
    |     ^
    |   File "C:\Users\Lenovo\OneDrive\Desktop\managment system\venv\Lib\site-packages\anyio\_backends\_asyncio.py", line 2518, in run_sync_in_worker_thread
    |     return await future
    |            ^^^^^^^^^^^^
    |   File "C:\Users\Lenovo\OneDrive\Desktop\managment system\venv\Lib\site-packages\anyio\_backends\_asyncio.py", line 1002, in run
    |     result = context.run(func, *args)
    |   File "C:\Users\Lenovo\OneDrive\Desktop\managment system\app\api.py", line 270, in get_student
    |     student = service.get_student(student_id)
    |   File "C:\Users\Lenovo\OneDrive\Desktop\managment system\services\student_service.py", line 215, in get_student
    |     raise ValueError("Student not found")
    | ValueError: Student not found
    +------------------------------------

The above exception was the direct cause of the following exception:

Traceback (most recent call last):
  File "C:\Users\Lenovo\OneDrive\Desktop\managment system\venv\Lib\site-packages\starlette\middleware\errors.py", line 164, in __call__
    await self.app(scope, receive, _send)
  File "C:\Users\Lenovo\OneDrive\Desktop\managment system\venv\Lib\site-packages\starlette\middleware\base.py", line 191, in __call__
    with recv_stream, send_stream, collapse_excgroups():
                                   ~~~~~~~~~~~~~~~~~~^^
  File "C:\Python313\Lib\contextlib.py", line 162, in __exit__
    self.gen.throw(value)
    ~~~~~~~~~~~~~~^^^^^^^
  File "C:\Users\Lenovo\OneDrive\Desktop\managment system\venv\Lib\site-packages\starlette\_utils.py", line 87, in collapse_excgroups
    raise exc
  File "C:\Users\Lenovo\OneDrive\Desktop\managment system\venv\Lib\site-packages\starlette\middleware\base.py", line 193, in __call__
    response = await self.dispatch_func(request, call_next)
               ^^^^^^^^^^^^^^^^^^^^^^^^^^^^^^^^^^^^^^^^^^^^
  File "C:\Users\Lenovo\OneDrive\Desktop\managment system\middleware\rate_limit.py", line 52, in dispatch
    response = await call_next(request)
               ^^^^^^^^^^^^^^^^^^^^^^^^
  File "C:\Users\Lenovo\OneDrive\Desktop\managment system\venv\Lib\site-packages\starlette\middleware\base.py", line 168, in call_next
    raise app_exc from app_exc.__cause__ or app_exc.__context__
  File "C:\Users\Lenovo\OneDrive\Desktop\managment system\venv\Lib\site-packages\starlette\middleware\base.py", line 144, in coro
    await self.app(scope, receive_or_disconnect, send_no_error)
  File "C:\Users\Lenovo\OneDrive\Desktop\managment system\venv\Lib\site-packages\starlette\middleware\base.py", line 191, in __call__
    with recv_stream, send_stream, collapse_excgroups():
                                   ~~~~~~~~~~~~~~~~~~^^
  File "C:\Python313\Lib\contextlib.py", line 162, in __exit__
    self.gen.throw(value)
    ~~~~~~~~~~~~~~^^^^^^^
  File "C:\Users\Lenovo\OneDrive\Desktop\managment system\venv\Lib\site-packages\starlette\_utils.py", line 87, in collapse_excgroups
    raise exc
  File "C:\Users\Lenovo\OneDrive\Desktop\managment system\venv\Lib\site-packages\starlette\middleware\base.py", line 193, in __call__
    response = await self.dispatch_func(request, call_next)
               ^^^^^^^^^^^^^^^^^^^^^^^^^^^^^^^^^^^^^^^^^^^^
  File "C:\Users\Lenovo\OneDrive\Desktop\managment system\middleware\logging_middleware.py", line 24, in dispatch
    response = await call_next(request)
               ^^^^^^^^^^^^^^^^^^^^^^^^
  File "C:\Users\Lenovo\OneDrive\Desktop\managment system\venv\Lib\site-packages\starlette\middleware\base.py", line 168, in call_next
    raise app_exc from app_exc.__cause__ or app_exc.__context__
  File "C:\Users\Lenovo\OneDrive\Desktop\managment system\venv\Lib\site-packages\starlette\middleware\base.py", line 144, in coro
    await self.app(scope, receive_or_disconnect, send_no_error)
  File "C:\Users\Lenovo\OneDrive\Desktop\managment system\venv\Lib\site-packages\starlette\middleware\exceptions.py", line 63, in __call__
    await wrap_app_handling_exceptions(self.app, conn)(scope, receive, send)
  File "C:\Users\Lenovo\OneDrive\Desktop\managment system\venv\Lib\site-packages\starlette\_exception_handler.py", line 53, in wrapped_app
    raise exc
  File "C:\Users\Lenovo\OneDrive\Desktop\managment system\venv\Lib\site-packages\starlette\_exception_handler.py", line 42, in wrapped_app
    await app(scope, receive, sender)
  File "C:\Users\Lenovo\OneDrive\Desktop\managment system\venv\Lib\site-packages\fastapi\middleware\asyncexitstack.py", line 18, in __call__
    await self.app(scope, receive, send)
  File "C:\Users\Lenovo\OneDrive\Desktop\managment system\venv\Lib\site-packages\starlette\routing.py", line 660, in __call__
    await self.middleware_stack(scope, receive, send)
  File "C:\Users\Lenovo\OneDrive\Desktop\managment system\venv\Lib\site-packages\starlette\routing.py", line 680, in app
    await route.handle(scope, receive, send)
  File "C:\Users\Lenovo\OneDrive\Desktop\managment system\venv\Lib\site-packages\starlette\routing.py", line 276, in handle
    await self.app(scope, receive, send)
  File "C:\Users\Lenovo\OneDrive\Desktop\managment system\venv\Lib\site-packages\fastapi\routing.py", line 134, in app
    await wrap_app_handling_exceptions(app, request)(scope, receive, send)
  File "C:\Users\Lenovo\OneDrive\Desktop\managment system\venv\Lib\site-packages\starlette\_exception_handler.py", line 53, in wrapped_app
    raise exc
  File "C:\Users\Lenovo\OneDrive\Desktop\managment system\venv\Lib\site-packages\starlette\_exception_handler.py", line 42, in wrapped_app
    await app(scope, receive, sender)
  File "C:\Users\Lenovo\OneDrive\Desktop\managment system\venv\Lib\site-packages\fastapi\routing.py", line 120, in app
    response = await f(request)
               ^^^^^^^^^^^^^^^^
  File "C:\Users\Lenovo\OneDrive\Desktop\managment system\venv\Lib\site-packages\fastapi\routing.py", line 674, in app
    raw_response = await run_endpoint_function(
                   ^^^^^^^^^^^^^^^^^^^^^^^^^^^^
    ...<3 lines>...
    )
    ^
  File "C:\Users\Lenovo\OneDrive\Desktop\managment system\venv\Lib\site-packages\fastapi\routing.py", line 330, in run_endpoint_function
    return await run_in_threadpool(dependant.call, **values)
           ^^^^^^^^^^^^^^^^^^^^^^^^^^^^^^^^^^^^^^^^^^^^^^^^^
  File "C:\Users\Lenovo\OneDrive\Desktop\managment system\venv\Lib\site-packages\starlette\concurrency.py", line 32, in run_in_threadpool
    return await anyio.to_thread.run_sync(func)
           ^^^^^^^^^^^^^^^^^^^^^^^^^^^^^^^^^^^^
  File "C:\Users\Lenovo\OneDrive\Desktop\managment system\venv\Lib\site-packages\anyio\to_thread.py", line 63, in run_sync
    return await get_async_backend().run_sync_in_worker_thread(
           ^^^^^^^^^^^^^^^^^^^^^^^^^^^^^^^^^^^^^^^^^^^^^^^^^^^^
        func, args, abandon_on_cancel=abandon_on_cancel, limiter=limiter
        ^^^^^^^^^^^^^^^^^^^^^^^^^^^^^^^^^^^^^^^^^^^^^^^^^^^^^^^^^^^^^^^^
    )
    ^
  File "C:\Users\Lenovo\OneDrive\Desktop\managment system\venv\Lib\site-packages\anyio\_backends\_asyncio.py", line 2518, in run_sync_in_worker_thread
    return await future
           ^^^^^^^^^^^^
  File "C:\Users\Lenovo\OneDrive\Desktop\managment system\venv\Lib\site-packages\anyio\_backends\_asyncio.py", line 1002, in run
    result = context.run(func, *args)
  File "C:\Users\Lenovo\OneDrive\Desktop\managment system\app\api.py", line 270, in get_student
    student = service.get_student(student_id)
  File "C:\Users\Lenovo\OneDrive\Desktop\managment system\services\student_service.py", line 215, in get_student
    raise ValueError("Student not found")
ValueError: Student not found
2026-05-26 15:26:12,297 - INFO - Request Started | Method=GET Path=/students/subject-analysis
2026-05-26 15:26:12,301 - ERROR - Request Failed | Method=GET Path=/students/subject-analysis Time=0.0038s Error=Student not found
Traceback (most recent call last):
  File "C:\Users\Lenovo\OneDrive\Desktop\managment system\middleware\logging_middleware.py", line 24, in dispatch
    response = await call_next(request)
               ^^^^^^^^^^^^^^^^^^^^^^^^
  File "C:\Users\Lenovo\OneDrive\Desktop\managment system\venv\Lib\site-packages\starlette\middleware\base.py", line 168, in call_next
    raise app_exc from app_exc.__cause__ or app_exc.__context__
  File "C:\Users\Lenovo\OneDrive\Desktop\managment system\venv\Lib\site-packages\starlette\middleware\base.py", line 144, in coro
    await self.app(scope, receive_or_disconnect, send_no_error)
  File "C:\Users\Lenovo\OneDrive\Desktop\managment system\venv\Lib\site-packages\starlette\middleware\exceptions.py", line 63, in __call__
    await wrap_app_handling_exceptions(self.app, conn)(scope, receive, send)
  File "C:\Users\Lenovo\OneDrive\Desktop\managment system\venv\Lib\site-packages\starlette\_exception_handler.py", line 53, in wrapped_app
    raise exc
  File "C:\Users\Lenovo\OneDrive\Desktop\managment system\venv\Lib\site-packages\starlette\_exception_handler.py", line 42, in wrapped_app
    await app(scope, receive, sender)
  File "C:\Users\Lenovo\OneDrive\Desktop\managment system\venv\Lib\site-packages\fastapi\middleware\asyncexitstack.py", line 18, in __call__
    await self.app(scope, receive, send)
  File "C:\Users\Lenovo\OneDrive\Desktop\managment system\venv\Lib\site-packages\starlette\routing.py", line 660, in __call__
    await self.middleware_stack(scope, receive, send)
  File "C:\Users\Lenovo\OneDrive\Desktop\managment system\venv\Lib\site-packages\starlette\routing.py", line 680, in app
    await route.handle(scope, receive, send)
  File "C:\Users\Lenovo\OneDrive\Desktop\managment system\venv\Lib\site-packages\starlette\routing.py", line 276, in handle
    await self.app(scope, receive, send)
  File "C:\Users\Lenovo\OneDrive\Desktop\managment system\venv\Lib\site-packages\fastapi\routing.py", line 134, in app
    await wrap_app_handling_exceptions(app, request)(scope, receive, send)
  File "C:\Users\Lenovo\OneDrive\Desktop\managment system\venv\Lib\site-packages\starlette\_exception_handler.py", line 53, in wrapped_app
    raise exc
  File "C:\Users\Lenovo\OneDrive\Desktop\managment system\venv\Lib\site-packages\starlette\_exception_handler.py", line 42, in wrapped_app
    await app(scope, receive, sender)
  File "C:\Users\Lenovo\OneDrive\Desktop\managment system\venv\Lib\site-packages\fastapi\routing.py", line 120, in app
    response = await f(request)
               ^^^^^^^^^^^^^^^^
  File "C:\Users\Lenovo\OneDrive\Desktop\managment system\venv\Lib\site-packages\fastapi\routing.py", line 674, in app
    raw_response = await run_endpoint_function(
                   ^^^^^^^^^^^^^^^^^^^^^^^^^^^^
    ...<3 lines>...
    )
    ^
  File "C:\Users\Lenovo\OneDrive\Desktop\managment system\venv\Lib\site-packages\fastapi\routing.py", line 330, in run_endpoint_function
    return await run_in_threadpool(dependant.call, **values)
           ^^^^^^^^^^^^^^^^^^^^^^^^^^^^^^^^^^^^^^^^^^^^^^^^^
  File "C:\Users\Lenovo\OneDrive\Desktop\managment system\venv\Lib\site-packages\starlette\concurrency.py", line 32, in run_in_threadpool
    return await anyio.to_thread.run_sync(func)
           ^^^^^^^^^^^^^^^^^^^^^^^^^^^^^^^^^^^^
  File "C:\Users\Lenovo\OneDrive\Desktop\managment system\venv\Lib\site-packages\anyio\to_thread.py", line 63, in run_sync
    return await get_async_backend().run_sync_in_worker_thread(
           ^^^^^^^^^^^^^^^^^^^^^^^^^^^^^^^^^^^^^^^^^^^^^^^^^^^^
        func, args, abandon_on_cancel=abandon_on_cancel, limiter=limiter
        ^^^^^^^^^^^^^^^^^^^^^^^^^^^^^^^^^^^^^^^^^^^^^^^^^^^^^^^^^^^^^^^^
    )
    ^
  File "C:\Users\Lenovo\OneDrive\Desktop\managment system\venv\Lib\site-packages\anyio\_backends\_asyncio.py", line 2518, in run_sync_in_worker_thread
    return await future
           ^^^^^^^^^^^^
  File "C:\Users\Lenovo\OneDrive\Desktop\managment system\venv\Lib\site-packages\anyio\_backends\_asyncio.py", line 1002, in run
    result = context.run(func, *args)
  File "C:\Users\Lenovo\OneDrive\Desktop\managment system\app\api.py", line 270, in get_student
    student = service.get_student(student_id)
  File "C:\Users\Lenovo\OneDrive\Desktop\managment system\services\student_service.py", line 215, in get_student
    raise ValueError("Student not found")
ValueError: Student not found
2026-05-26 15:26:12,303 - ERROR - Student not found
  + Exception Group Traceback (most recent call last):
  |   File "C:\Users\Lenovo\OneDrive\Desktop\managment system\venv\Lib\site-packages\starlette\_utils.py", line 81, in collapse_excgroups
  |     yield
  |   File "C:\Users\Lenovo\OneDrive\Desktop\managment system\venv\Lib\site-packages\starlette\middleware\base.py", line 192, in __call__
  |     async with anyio.create_task_group() as task_group:
  |                ~~~~~~~~~~~~~~~~~~~~~~~^^
  |   File "C:\Users\Lenovo\OneDrive\Desktop\managment system\venv\Lib\site-packages\anyio\_backends\_asyncio.py", line 799, in __aexit__
  |     raise BaseExceptionGroup(
  |         "unhandled errors in a TaskGroup", self._exceptions
  |     ) from None
  | ExceptionGroup: unhandled errors in a TaskGroup (1 sub-exception)
  +-+---------------- 1 ----------------
    | Traceback (most recent call last):
    |   File "C:\Users\Lenovo\OneDrive\Desktop\managment system\venv\Lib\site-packages\starlette\middleware\errors.py", line 164, in __call__
    |     await self.app(scope, receive, _send)
    |   File "C:\Users\Lenovo\OneDrive\Desktop\managment system\venv\Lib\site-packages\starlette\middleware\base.py", line 191, in __call__
    |     with recv_stream, send_stream, collapse_excgroups():
    |                                    ~~~~~~~~~~~~~~~~~~^^
    |   File "C:\Python313\Lib\contextlib.py", line 162, in __exit__
    |     self.gen.throw(value)
    |     ~~~~~~~~~~~~~~^^^^^^^
    |   File "C:\Users\Lenovo\OneDrive\Desktop\managment system\venv\Lib\site-packages\starlette\_utils.py", line 87, in collapse_excgroups
    |     raise exc
    |   File "C:\Users\Lenovo\OneDrive\Desktop\managment system\venv\Lib\site-packages\starlette\middleware\base.py", line 193, in __call__
    |     response = await self.dispatch_func(request, call_next)
    |                ^^^^^^^^^^^^^^^^^^^^^^^^^^^^^^^^^^^^^^^^^^^^
    |   File "C:\Users\Lenovo\OneDrive\Desktop\managment system\middleware\rate_limit.py", line 52, in dispatch
    |     response = await call_next(request)
    |                ^^^^^^^^^^^^^^^^^^^^^^^^
    |   File "C:\Users\Lenovo\OneDrive\Desktop\managment system\venv\Lib\site-packages\starlette\middleware\base.py", line 168, in call_next
    |     raise app_exc from app_exc.__cause__ or app_exc.__context__
    |   File "C:\Users\Lenovo\OneDrive\Desktop\managment system\venv\Lib\site-packages\starlette\middleware\base.py", line 144, in coro
    |     await self.app(scope, receive_or_disconnect, send_no_error)
    |   File "C:\Users\Lenovo\OneDrive\Desktop\managment system\venv\Lib\site-packages\starlette\middleware\base.py", line 191, in __call__
    |     with recv_stream, send_stream, collapse_excgroups():
    |                                    ~~~~~~~~~~~~~~~~~~^^
    |   File "C:\Python313\Lib\contextlib.py", line 162, in __exit__
    |     self.gen.throw(value)
    |     ~~~~~~~~~~~~~~^^^^^^^
    |   File "C:\Users\Lenovo\OneDrive\Desktop\managment system\venv\Lib\site-packages\starlette\_utils.py", line 87, in collapse_excgroups
    |     raise exc
    |   File "C:\Users\Lenovo\OneDrive\Desktop\managment system\venv\Lib\site-packages\starlette\middleware\base.py", line 193, in __call__
    |     response = await self.dispatch_func(request, call_next)
    |                ^^^^^^^^^^^^^^^^^^^^^^^^^^^^^^^^^^^^^^^^^^^^
    |   File "C:\Users\Lenovo\OneDrive\Desktop\managment system\middleware\logging_middleware.py", line 24, in dispatch
    |     response = await call_next(request)
    |                ^^^^^^^^^^^^^^^^^^^^^^^^
    |   File "C:\Users\Lenovo\OneDrive\Desktop\managment system\venv\Lib\site-packages\starlette\middleware\base.py", line 168, in call_next
    |     raise app_exc from app_exc.__cause__ or app_exc.__context__
    |   File "C:\Users\Lenovo\OneDrive\Desktop\managment system\venv\Lib\site-packages\starlette\middleware\base.py", line 144, in coro
    |     await self.app(scope, receive_or_disconnect, send_no_error)
    |   File "C:\Users\Lenovo\OneDrive\Desktop\managment system\venv\Lib\site-packages\starlette\middleware\exceptions.py", line 63, in __call__
    |     await wrap_app_handling_exceptions(self.app, conn)(scope, receive, send)
    |   File "C:\Users\Lenovo\OneDrive\Desktop\managment system\venv\Lib\site-packages\starlette\_exception_handler.py", line 53, in wrapped_app
    |     raise exc
    |   File "C:\Users\Lenovo\OneDrive\Desktop\managment system\venv\Lib\site-packages\starlette\_exception_handler.py", line 42, in wrapped_app
    |     await app(scope, receive, sender)
    |   File "C:\Users\Lenovo\OneDrive\Desktop\managment system\venv\Lib\site-packages\fastapi\middleware\asyncexitstack.py", line 18, in __call__
    |     await self.app(scope, receive, send)
    |   File "C:\Users\Lenovo\OneDrive\Desktop\managment system\venv\Lib\site-packages\starlette\routing.py", line 660, in __call__
    |     await self.middleware_stack(scope, receive, send)
    |   File "C:\Users\Lenovo\OneDrive\Desktop\managment system\venv\Lib\site-packages\starlette\routing.py", line 680, in app
    |     await route.handle(scope, receive, send)
    |   File "C:\Users\Lenovo\OneDrive\Desktop\managment system\venv\Lib\site-packages\starlette\routing.py", line 276, in handle
    |     await self.app(scope, receive, send)
    |   File "C:\Users\Lenovo\OneDrive\Desktop\managment system\venv\Lib\site-packages\fastapi\routing.py", line 134, in app
    |     await wrap_app_handling_exceptions(app, request)(scope, receive, send)
    |   File "C:\Users\Lenovo\OneDrive\Desktop\managment system\venv\Lib\site-packages\starlette\_exception_handler.py", line 53, in wrapped_app
    |     raise exc
    |   File "C:\Users\Lenovo\OneDrive\Desktop\managment system\venv\Lib\site-packages\starlette\_exception_handler.py", line 42, in wrapped_app
    |     await app(scope, receive, sender)
    |   File "C:\Users\Lenovo\OneDrive\Desktop\managment system\venv\Lib\site-packages\fastapi\routing.py", line 120, in app
    |     response = await f(request)
    |                ^^^^^^^^^^^^^^^^
    |   File "C:\Users\Lenovo\OneDrive\Desktop\managment system\venv\Lib\site-packages\fastapi\routing.py", line 674, in app
    |     raw_response = await run_endpoint_function(
    |                    ^^^^^^^^^^^^^^^^^^^^^^^^^^^^
    |     ...<3 lines>...
    |     )
    |     ^
    |   File "C:\Users\Lenovo\OneDrive\Desktop\managment system\venv\Lib\site-packages\fastapi\routing.py", line 330, in run_endpoint_function
    |     return await run_in_threadpool(dependant.call, **values)
    |            ^^^^^^^^^^^^^^^^^^^^^^^^^^^^^^^^^^^^^^^^^^^^^^^^^
    |   File "C:\Users\Lenovo\OneDrive\Desktop\managment system\venv\Lib\site-packages\starlette\concurrency.py", line 32, in run_in_threadpool
    |     return await anyio.to_thread.run_sync(func)
    |            ^^^^^^^^^^^^^^^^^^^^^^^^^^^^^^^^^^^^
    |   File "C:\Users\Lenovo\OneDrive\Desktop\managment system\venv\Lib\site-packages\anyio\to_thread.py", line 63, in run_sync
    |     return await get_async_backend().run_sync_in_worker_thread(
    |            ^^^^^^^^^^^^^^^^^^^^^^^^^^^^^^^^^^^^^^^^^^^^^^^^^^^^
    |         func, args, abandon_on_cancel=abandon_on_cancel, limiter=limiter
    |         ^^^^^^^^^^^^^^^^^^^^^^^^^^^^^^^^^^^^^^^^^^^^^^^^^^^^^^^^^^^^^^^^
    |     )
    |     ^
    |   File "C:\Users\Lenovo\OneDrive\Desktop\managment system\venv\Lib\site-packages\anyio\_backends\_asyncio.py", line 2518, in run_sync_in_worker_thread
    |     return await future
    |            ^^^^^^^^^^^^
    |   File "C:\Users\Lenovo\OneDrive\Desktop\managment system\venv\Lib\site-packages\anyio\_backends\_asyncio.py", line 1002, in run
    |     result = context.run(func, *args)
    |   File "C:\Users\Lenovo\OneDrive\Desktop\managment system\app\api.py", line 270, in get_student
    |     student = service.get_student(student_id)
    |   File "C:\Users\Lenovo\OneDrive\Desktop\managment system\services\student_service.py", line 215, in get_student
    |     raise ValueError("Student not found")
    | ValueError: Student not found
    +------------------------------------

The above exception was the direct cause of the following exception:

Traceback (most recent call last):
  File "C:\Users\Lenovo\OneDrive\Desktop\managment system\venv\Lib\site-packages\starlette\middleware\errors.py", line 164, in __call__
    await self.app(scope, receive, _send)
  File "C:\Users\Lenovo\OneDrive\Desktop\managment system\venv\Lib\site-packages\starlette\middleware\base.py", line 191, in __call__
    with recv_stream, send_stream, collapse_excgroups():
                                   ~~~~~~~~~~~~~~~~~~^^
  File "C:\Python313\Lib\contextlib.py", line 162, in __exit__
    self.gen.throw(value)
    ~~~~~~~~~~~~~~^^^^^^^
  File "C:\Users\Lenovo\OneDrive\Desktop\managment system\venv\Lib\site-packages\starlette\_utils.py", line 87, in collapse_excgroups
    raise exc
  File "C:\Users\Lenovo\OneDrive\Desktop\managment system\venv\Lib\site-packages\starlette\middleware\base.py", line 193, in __call__
    response = await self.dispatch_func(request, call_next)
               ^^^^^^^^^^^^^^^^^^^^^^^^^^^^^^^^^^^^^^^^^^^^
  File "C:\Users\Lenovo\OneDrive\Desktop\managment system\middleware\rate_limit.py", line 52, in dispatch
    response = await call_next(request)
               ^^^^^^^^^^^^^^^^^^^^^^^^
  File "C:\Users\Lenovo\OneDrive\Desktop\managment system\venv\Lib\site-packages\starlette\middleware\base.py", line 168, in call_next
    raise app_exc from app_exc.__cause__ or app_exc.__context__
  File "C:\Users\Lenovo\OneDrive\Desktop\managment system\venv\Lib\site-packages\starlette\middleware\base.py", line 144, in coro
    await self.app(scope, receive_or_disconnect, send_no_error)
  File "C:\Users\Lenovo\OneDrive\Desktop\managment system\venv\Lib\site-packages\starlette\middleware\base.py", line 191, in __call__
    with recv_stream, send_stream, collapse_excgroups():
                                   ~~~~~~~~~~~~~~~~~~^^
  File "C:\Python313\Lib\contextlib.py", line 162, in __exit__
    self.gen.throw(value)
    ~~~~~~~~~~~~~~^^^^^^^
  File "C:\Users\Lenovo\OneDrive\Desktop\managment system\venv\Lib\site-packages\starlette\_utils.py", line 87, in collapse_excgroups
    raise exc
  File "C:\Users\Lenovo\OneDrive\Desktop\managment system\venv\Lib\site-packages\starlette\middleware\base.py", line 193, in __call__
    response = await self.dispatch_func(request, call_next)
               ^^^^^^^^^^^^^^^^^^^^^^^^^^^^^^^^^^^^^^^^^^^^
  File "C:\Users\Lenovo\OneDrive\Desktop\managment system\middleware\logging_middleware.py", line 24, in dispatch
    response = await call_next(request)
               ^^^^^^^^^^^^^^^^^^^^^^^^
  File "C:\Users\Lenovo\OneDrive\Desktop\managment system\venv\Lib\site-packages\starlette\middleware\base.py", line 168, in call_next
    raise app_exc from app_exc.__cause__ or app_exc.__context__
  File "C:\Users\Lenovo\OneDrive\Desktop\managment system\venv\Lib\site-packages\starlette\middleware\base.py", line 144, in coro
    await self.app(scope, receive_or_disconnect, send_no_error)
  File "C:\Users\Lenovo\OneDrive\Desktop\managment system\venv\Lib\site-packages\starlette\middleware\exceptions.py", line 63, in __call__
    await wrap_app_handling_exceptions(self.app, conn)(scope, receive, send)
  File "C:\Users\Lenovo\OneDrive\Desktop\managment system\venv\Lib\site-packages\starlette\_exception_handler.py", line 53, in wrapped_app
    raise exc
  File "C:\Users\Lenovo\OneDrive\Desktop\managment system\venv\Lib\site-packages\starlette\_exception_handler.py", line 42, in wrapped_app
    await app(scope, receive, sender)
  File "C:\Users\Lenovo\OneDrive\Desktop\managment system\venv\Lib\site-packages\fastapi\middleware\asyncexitstack.py", line 18, in __call__
    await self.app(scope, receive, send)
  File "C:\Users\Lenovo\OneDrive\Desktop\managment system\venv\Lib\site-packages\starlette\routing.py", line 660, in __call__
    await self.middleware_stack(scope, receive, send)
  File "C:\Users\Lenovo\OneDrive\Desktop\managment system\venv\Lib\site-packages\starlette\routing.py", line 680, in app
    await route.handle(scope, receive, send)
  File "C:\Users\Lenovo\OneDrive\Desktop\managment system\venv\Lib\site-packages\starlette\routing.py", line 276, in handle
    await self.app(scope, receive, send)
  File "C:\Users\Lenovo\OneDrive\Desktop\managment system\venv\Lib\site-packages\fastapi\routing.py", line 134, in app
    await wrap_app_handling_exceptions(app, request)(scope, receive, send)
  File "C:\Users\Lenovo\OneDrive\Desktop\managment system\venv\Lib\site-packages\starlette\_exception_handler.py", line 53, in wrapped_app
    raise exc
  File "C:\Users\Lenovo\OneDrive\Desktop\managment system\venv\Lib\site-packages\starlette\_exception_handler.py", line 42, in wrapped_app
    await app(scope, receive, sender)
  File "C:\Users\Lenovo\OneDrive\Desktop\managment system\venv\Lib\site-packages\fastapi\routing.py", line 120, in app
    response = await f(request)
               ^^^^^^^^^^^^^^^^
  File "C:\Users\Lenovo\OneDrive\Desktop\managment system\venv\Lib\site-packages\fastapi\routing.py", line 674, in app
    raw_response = await run_endpoint_function(
                   ^^^^^^^^^^^^^^^^^^^^^^^^^^^^
    ...<3 lines>...
    )
    ^
  File "C:\Users\Lenovo\OneDrive\Desktop\managment system\venv\Lib\site-packages\fastapi\routing.py", line 330, in run_endpoint_function
    return await run_in_threadpool(dependant.call, **values)
           ^^^^^^^^^^^^^^^^^^^^^^^^^^^^^^^^^^^^^^^^^^^^^^^^^
  File "C:\Users\Lenovo\OneDrive\Desktop\managment system\venv\Lib\site-packages\starlette\concurrency.py", line 32, in run_in_threadpool
    return await anyio.to_thread.run_sync(func)
           ^^^^^^^^^^^^^^^^^^^^^^^^^^^^^^^^^^^^
  File "C:\Users\Lenovo\OneDrive\Desktop\managment system\venv\Lib\site-packages\anyio\to_thread.py", line 63, in run_sync
    return await get_async_backend().run_sync_in_worker_thread(
           ^^^^^^^^^^^^^^^^^^^^^^^^^^^^^^^^^^^^^^^^^^^^^^^^^^^^
        func, args, abandon_on_cancel=abandon_on_cancel, limiter=limiter
        ^^^^^^^^^^^^^^^^^^^^^^^^^^^^^^^^^^^^^^^^^^^^^^^^^^^^^^^^^^^^^^^^
    )
    ^
  File "C:\Users\Lenovo\OneDrive\Desktop\managment system\venv\Lib\site-packages\anyio\_backends\_asyncio.py", line 2518, in run_sync_in_worker_thread
    return await future
           ^^^^^^^^^^^^
  File "C:\Users\Lenovo\OneDrive\Desktop\managment system\venv\Lib\site-packages\anyio\_backends\_asyncio.py", line 1002, in run
    result = context.run(func, *args)
  File "C:\Users\Lenovo\OneDrive\Desktop\managment system\app\api.py", line 270, in get_student
    student = service.get_student(student_id)
  File "C:\Users\Lenovo\OneDrive\Desktop\managment system\services\student_service.py", line 215, in get_student
    raise ValueError("Student not found")
ValueError: Student not found
2026-05-26 15:43:00,692 - INFO - Request Started | Method=GET Path=/docs
2026-05-26 15:43:00,694 - INFO - Request Completed | Method=GET Path=/docs Status=200 Time=0.0021s
2026-05-26 15:43:00,910 - INFO - Request Started | Method=GET Path=/openapi.json
2026-05-26 15:43:00,949 - INFO - Request Completed | Method=GET Path=/openapi.json Status=200 Time=0.0393s
2026-05-26 15:43:07,978 - INFO - Request Started | Method=GET Path=/students/dashboard
2026-05-26 15:43:08,017 - ERROR - Request Failed | Method=GET Path=/students/dashboard Time=0.0391s Error=(sqlite3.OperationalError) no such table: students
[SQL: SELECT anon_1.students_student_id AS anon_1_students_student_id, anon_1.students_name AS anon_1_students_name, anon_1.students_total_marks AS anon_1_students_total_marks, anon_1.students_percentage AS anon_1_students_percentage, anon_1.students_grade AS anon_1_students_grade, anon_1.students_version AS anon_1_students_version, subjects_1.id AS subjects_1_id, subjects_1.name AS subjects_1_name, student_marks_1.id AS student_marks_1_id, student_marks_1.student_id AS student_marks_1_student_id, student_marks_1.subject_id AS student_marks_1_subject_id, student_marks_1.marks AS student_marks_1_marks 
FROM (SELECT students.student_id AS students_student_id, students.name AS students_name, students.total_marks AS students_total_marks, students.percentage AS students_percentage, students.grade AS students_grade, students.version AS students_version 
FROM students 
WHERE students.student_id = ?
 LIMIT ? OFFSET ?) AS anon_1 LEFT OUTER JOIN student_marks AS student_marks_1 ON anon_1.students_student_id = student_marks_1.student_id LEFT OUTER JOIN subjects AS subjects_1 ON subjects_1.id = student_marks_1.subject_id]
[parameters: ('DASHBOARD', 1, 0)]
(Background on this error at: https://sqlalche.me/e/20/e3q8)
Traceback (most recent call last):
  File "C:\Users\Lenovo\OneDrive\Desktop\managment system\venv\Lib\site-packages\sqlalchemy\engine\base.py", line 1967, in _exec_single_context
    self.dialect.do_execute(
    ~~~~~~~~~~~~~~~~~~~~~~~^
        cursor, str_statement, effective_parameters, context
        ^^^^^^^^^^^^^^^^^^^^^^^^^^^^^^^^^^^^^^^^^^^^^^^^^^^^
    )
    ^
  File "C:\Users\Lenovo\OneDrive\Desktop\managment system\venv\Lib\site-packages\sqlalchemy\engine\default.py", line 952, in do_execute
    cursor.execute(statement, parameters)
    ~~~~~~~~~~~~~~^^^^^^^^^^^^^^^^^^^^^^^
sqlite3.OperationalError: no such table: students

The above exception was the direct cause of the following exception:

Traceback (most recent call last):
  File "C:\Users\Lenovo\OneDrive\Desktop\managment system\middleware\logging_middleware.py", line 24, in dispatch
    response = await call_next(request)
               ^^^^^^^^^^^^^^^^^^^^^^^^
  File "C:\Users\Lenovo\OneDrive\Desktop\managment system\venv\Lib\site-packages\starlette\middleware\base.py", line 168, in call_next
    raise app_exc from app_exc.__cause__ or app_exc.__context__
  File "C:\Users\Lenovo\OneDrive\Desktop\managment system\venv\Lib\site-packages\starlette\middleware\base.py", line 144, in coro
    await self.app(scope, receive_or_disconnect, send_no_error)
  File "C:\Users\Lenovo\OneDrive\Desktop\managment system\venv\Lib\site-packages\starlette\middleware\exceptions.py", line 63, in __call__
    await wrap_app_handling_exceptions(self.app, conn)(scope, receive, send)
  File "C:\Users\Lenovo\OneDrive\Desktop\managment system\venv\Lib\site-packages\starlette\_exception_handler.py", line 53, in wrapped_app
    raise exc
  File "C:\Users\Lenovo\OneDrive\Desktop\managment system\venv\Lib\site-packages\starlette\_exception_handler.py", line 42, in wrapped_app
    await app(scope, receive, sender)
  File "C:\Users\Lenovo\OneDrive\Desktop\managment system\venv\Lib\site-packages\fastapi\middleware\asyncexitstack.py", line 18, in __call__
    await self.app(scope, receive, send)
  File "C:\Users\Lenovo\OneDrive\Desktop\managment system\venv\Lib\site-packages\starlette\routing.py", line 660, in __call__
    await self.middleware_stack(scope, receive, send)
  File "C:\Users\Lenovo\OneDrive\Desktop\managment system\venv\Lib\site-packages\starlette\routing.py", line 680, in app
    await route.handle(scope, receive, send)
  File "C:\Users\Lenovo\OneDrive\Desktop\managment system\venv\Lib\site-packages\starlette\routing.py", line 276, in handle
    await self.app(scope, receive, send)
  File "C:\Users\Lenovo\OneDrive\Desktop\managment system\venv\Lib\site-packages\fastapi\routing.py", line 134, in app
    await wrap_app_handling_exceptions(app, request)(scope, receive, send)
  File "C:\Users\Lenovo\OneDrive\Desktop\managment system\venv\Lib\site-packages\starlette\_exception_handler.py", line 53, in wrapped_app
    raise exc
  File "C:\Users\Lenovo\OneDrive\Desktop\managment system\venv\Lib\site-packages\starlette\_exception_handler.py", line 42, in wrapped_app
    await app(scope, receive, sender)
  File "C:\Users\Lenovo\OneDrive\Desktop\managment system\venv\Lib\site-packages\fastapi\routing.py", line 120, in app
    response = await f(request)
               ^^^^^^^^^^^^^^^^
  File "C:\Users\Lenovo\OneDrive\Desktop\managment system\venv\Lib\site-packages\fastapi\routing.py", line 674, in app
    raw_response = await run_endpoint_function(
                   ^^^^^^^^^^^^^^^^^^^^^^^^^^^^
    ...<3 lines>...
    )
    ^
  File "C:\Users\Lenovo\OneDrive\Desktop\managment system\venv\Lib\site-packages\fastapi\routing.py", line 330, in run_endpoint_function
    return await run_in_threadpool(dependant.call, **values)
           ^^^^^^^^^^^^^^^^^^^^^^^^^^^^^^^^^^^^^^^^^^^^^^^^^
  File "C:\Users\Lenovo\OneDrive\Desktop\managment system\venv\Lib\site-packages\starlette\concurrency.py", line 32, in run_in_threadpool
    return await anyio.to_thread.run_sync(func)
           ^^^^^^^^^^^^^^^^^^^^^^^^^^^^^^^^^^^^
  File "C:\Users\Lenovo\OneDrive\Desktop\managment system\venv\Lib\site-packages\anyio\to_thread.py", line 63, in run_sync
    return await get_async_backend().run_sync_in_worker_thread(
           ^^^^^^^^^^^^^^^^^^^^^^^^^^^^^^^^^^^^^^^^^^^^^^^^^^^^
        func, args, abandon_on_cancel=abandon_on_cancel, limiter=limiter
        ^^^^^^^^^^^^^^^^^^^^^^^^^^^^^^^^^^^^^^^^^^^^^^^^^^^^^^^^^^^^^^^^
    )
    ^
  File "C:\Users\Lenovo\OneDrive\Desktop\managment system\venv\Lib\site-packages\anyio\_backends\_asyncio.py", line 2518, in run_sync_in_worker_thread
    return await future
           ^^^^^^^^^^^^
  File "C:\Users\Lenovo\OneDrive\Desktop\managment system\venv\Lib\site-packages\anyio\_backends\_asyncio.py", line 1002, in run
    result = context.run(func, *args)
  File "C:\Users\Lenovo\OneDrive\Desktop\managment system\app\api.py", line 275, in get_student
    student = service.get_student(student_id)
  File "C:\Users\Lenovo\OneDrive\Desktop\managment system\services\student_service.py", line 211, in get_student
    .first()
     ~~~~~^^
  File "C:\Users\Lenovo\OneDrive\Desktop\managment system\venv\Lib\site-packages\sqlalchemy\orm\query.py", line 2766, in first
    return self.limit(1)._iter().first()  # type: ignore
           ~~~~~~~~~~~~~~~~~~~^^
  File "C:\Users\Lenovo\OneDrive\Desktop\managment system\venv\Lib\site-packages\sqlalchemy\orm\query.py", line 2864, in _iter
    result: Union[ScalarResult[_T], Result[_T]] = self.session.execute(
                                                  ~~~~~~~~~~~~~~~~~~~~^
        statement,
        ^^^^^^^^^^
        params,
        ^^^^^^^
        execution_options={"_sa_orm_load_options": self.load_options},
        ^^^^^^^^^^^^^^^^^^^^^^^^^^^^^^^^^^^^^^^^^^^^^^^^^^^^^^^^^^^^^^
    )
    ^
  File "C:\Users\Lenovo\OneDrive\Desktop\managment system\venv\Lib\site-packages\sqlalchemy\orm\session.py", line 2351, in execute
    return self._execute_internal(
           ~~~~~~~~~~~~~~~~~~~~~~^
        statement,
        ^^^^^^^^^^
    ...<4 lines>...
        _add_event=_add_event,
        ^^^^^^^^^^^^^^^^^^^^^^
    )
    ^
  File "C:\Users\Lenovo\OneDrive\Desktop\managment system\venv\Lib\site-packages\sqlalchemy\orm\session.py", line 2249, in _execute_internal
    result: Result[Any] = compile_state_cls.orm_execute_statement(
                          ~~~~~~~~~~~~~~~~~~~~~~~~~~~~~~~~~~~~~~~^
        self,
        ^^^^^
    ...<4 lines>...
        conn,
        ^^^^^
    )
    ^
  File "C:\Users\Lenovo\OneDrive\Desktop\managment system\venv\Lib\site-packages\sqlalchemy\orm\context.py", line 306, in orm_execute_statement
    result = conn.execute(
        statement, params or {}, execution_options=execution_options
    )
  File "C:\Users\Lenovo\OneDrive\Desktop\managment system\venv\Lib\site-packages\sqlalchemy\engine\base.py", line 1419, in execute
    return meth(
        self,
        distilled_parameters,
        execution_options or NO_OPTIONS,
    )
  File "C:\Users\Lenovo\OneDrive\Desktop\managment system\venv\Lib\site-packages\sqlalchemy\sql\elements.py", line 527, in _execute_on_connection
    return connection._execute_clauseelement(
           ~~~~~~~~~~~~~~~~~~~~~~~~~~~~~~~~~^
        self, distilled_params, execution_options
        ^^^^^^^^^^^^^^^^^^^^^^^^^^^^^^^^^^^^^^^^^
    )
    ^
  File "C:\Users\Lenovo\OneDrive\Desktop\managment system\venv\Lib\site-packages\sqlalchemy\engine\base.py", line 1641, in _execute_clauseelement
    ret = self._execute_context(
        dialect,
    ...<8 lines>...
        cache_hit=cache_hit,
    )
  File "C:\Users\Lenovo\OneDrive\Desktop\managment system\venv\Lib\site-packages\sqlalchemy\engine\base.py", line 1846, in _execute_context
    return self._exec_single_context(
           ~~~~~~~~~~~~~~~~~~~~~~~~~^
        dialect, context, statement, parameters
        ^^^^^^^^^^^^^^^^^^^^^^^^^^^^^^^^^^^^^^^
    )
    ^
  File "C:\Users\Lenovo\OneDrive\Desktop\managment system\venv\Lib\site-packages\sqlalchemy\engine\base.py", line 1986, in _exec_single_context
    self._handle_dbapi_exception(
    ~~~~~~~~~~~~~~~~~~~~~~~~~~~~^
        e, str_statement, effective_parameters, cursor, context
        ^^^^^^^^^^^^^^^^^^^^^^^^^^^^^^^^^^^^^^^^^^^^^^^^^^^^^^^
    )
    ^
  File "C:\Users\Lenovo\OneDrive\Desktop\managment system\venv\Lib\site-packages\sqlalchemy\engine\base.py", line 2363, in _handle_dbapi_exception
    raise sqlalchemy_exception.with_traceback(exc_info[2]) from e
  File "C:\Users\Lenovo\OneDrive\Desktop\managment system\venv\Lib\site-packages\sqlalchemy\engine\base.py", line 1967, in _exec_single_context
    self.dialect.do_execute(
    ~~~~~~~~~~~~~~~~~~~~~~~^
        cursor, str_statement, effective_parameters, context
        ^^^^^^^^^^^^^^^^^^^^^^^^^^^^^^^^^^^^^^^^^^^^^^^^^^^^
    )
    ^
  File "C:\Users\Lenovo\OneDrive\Desktop\managment system\venv\Lib\site-packages\sqlalchemy\engine\default.py", line 952, in do_execute
    cursor.execute(statement, parameters)
    ~~~~~~~~~~~~~~^^^^^^^^^^^^^^^^^^^^^^^
sqlalchemy.exc.OperationalError: (sqlite3.OperationalError) no such table: students
[SQL: SELECT anon_1.students_student_id AS anon_1_students_student_id, anon_1.students_name AS anon_1_students_name, anon_1.students_total_marks AS anon_1_students_total_marks, anon_1.students_percentage AS anon_1_students_percentage, anon_1.students_grade AS anon_1_students_grade, anon_1.students_version AS anon_1_students_version, subjects_1.id AS subjects_1_id, subjects_1.name AS subjects_1_name, student_marks_1.id AS student_marks_1_id, student_marks_1.student_id AS student_marks_1_student_id, student_marks_1.subject_id AS student_marks_1_subject_id, student_marks_1.marks AS student_marks_1_marks 
FROM (SELECT students.student_id AS students_student_id, students.name AS students_name, students.total_marks AS students_total_marks, students.percentage AS students_percentage, students.grade AS students_grade, students.version AS students_version 
FROM students 
WHERE students.student_id = ?
 LIMIT ? OFFSET ?) AS anon_1 LEFT OUTER JOIN student_marks AS student_marks_1 ON anon_1.students_student_id = student_marks_1.student_id LEFT OUTER JOIN subjects AS subjects_1 ON subjects_1.id = student_marks_1.subject_id]
[parameters: ('DASHBOARD', 1, 0)]
(Background on this error at: https://sqlalche.me/e/20/e3q8)
2026-05-26 15:43:08,069 - ERROR - (sqlite3.OperationalError) no such table: students
[SQL: SELECT anon_1.students_student_id AS anon_1_students_student_id, anon_1.students_name AS anon_1_students_name, anon_1.students_total_marks AS anon_1_students_total_marks, anon_1.students_percentage AS anon_1_students_percentage, anon_1.students_grade AS anon_1_students_grade, anon_1.students_version AS anon_1_students_version, subjects_1.id AS subjects_1_id, subjects_1.name AS subjects_1_name, student_marks_1.id AS student_marks_1_id, student_marks_1.student_id AS student_marks_1_student_id, student_marks_1.subject_id AS student_marks_1_subject_id, student_marks_1.marks AS student_marks_1_marks 
FROM (SELECT students.student_id AS students_student_id, students.name AS students_name, students.total_marks AS students_total_marks, students.percentage AS students_percentage, students.grade AS students_grade, students.version AS students_version 
FROM students 
WHERE students.student_id = ?
 LIMIT ? OFFSET ?) AS anon_1 LEFT OUTER JOIN student_marks AS student_marks_1 ON anon_1.students_student_id = student_marks_1.student_id LEFT OUTER JOIN subjects AS subjects_1 ON subjects_1.id = student_marks_1.subject_id]
[parameters: ('DASHBOARD', 1, 0)]
(Background on this error at: https://sqlalche.me/e/20/e3q8)
Traceback (most recent call last):
  File "C:\Users\Lenovo\OneDrive\Desktop\managment system\venv\Lib\site-packages\sqlalchemy\engine\base.py", line 1967, in _exec_single_context
    self.dialect.do_execute(
    ~~~~~~~~~~~~~~~~~~~~~~~^
        cursor, str_statement, effective_parameters, context
        ^^^^^^^^^^^^^^^^^^^^^^^^^^^^^^^^^^^^^^^^^^^^^^^^^^^^
    )
    ^
  File "C:\Users\Lenovo\OneDrive\Desktop\managment system\venv\Lib\site-packages\sqlalchemy\engine\default.py", line 952, in do_execute
    cursor.execute(statement, parameters)
    ~~~~~~~~~~~~~~^^^^^^^^^^^^^^^^^^^^^^^
sqlite3.OperationalError: no such table: students

The above exception was the direct cause of the following exception:

Traceback (most recent call last):
  File "C:\Users\Lenovo\OneDrive\Desktop\managment system\venv\Lib\site-packages\starlette\middleware\errors.py", line 164, in __call__
    await self.app(scope, receive, _send)
  File "C:\Users\Lenovo\OneDrive\Desktop\managment system\venv\Lib\site-packages\starlette\middleware\base.py", line 191, in __call__
    with recv_stream, send_stream, collapse_excgroups():
                                   ~~~~~~~~~~~~~~~~~~^^
  File "C:\Python313\Lib\contextlib.py", line 162, in __exit__
    self.gen.throw(value)
    ~~~~~~~~~~~~~~^^^^^^^
  File "C:\Users\Lenovo\OneDrive\Desktop\managment system\venv\Lib\site-packages\starlette\_utils.py", line 87, in collapse_excgroups
    raise exc
  File "C:\Users\Lenovo\OneDrive\Desktop\managment system\venv\Lib\site-packages\starlette\middleware\base.py", line 193, in __call__
    response = await self.dispatch_func(request, call_next)
               ^^^^^^^^^^^^^^^^^^^^^^^^^^^^^^^^^^^^^^^^^^^^
  File "C:\Users\Lenovo\OneDrive\Desktop\managment system\middleware\rate_limit.py", line 52, in dispatch
    response = await call_next(request)
               ^^^^^^^^^^^^^^^^^^^^^^^^
  File "C:\Users\Lenovo\OneDrive\Desktop\managment system\venv\Lib\site-packages\starlette\middleware\base.py", line 168, in call_next
    raise app_exc from app_exc.__cause__ or app_exc.__context__
  File "C:\Users\Lenovo\OneDrive\Desktop\managment system\venv\Lib\site-packages\starlette\middleware\base.py", line 144, in coro
    await self.app(scope, receive_or_disconnect, send_no_error)
  File "C:\Users\Lenovo\OneDrive\Desktop\managment system\venv\Lib\site-packages\starlette\middleware\base.py", line 191, in __call__
    with recv_stream, send_stream, collapse_excgroups():
                                   ~~~~~~~~~~~~~~~~~~^^
  File "C:\Python313\Lib\contextlib.py", line 162, in __exit__
    self.gen.throw(value)
    ~~~~~~~~~~~~~~^^^^^^^
  File "C:\Users\Lenovo\OneDrive\Desktop\managment system\venv\Lib\site-packages\starlette\_utils.py", line 87, in collapse_excgroups
    raise exc
  File "C:\Users\Lenovo\OneDrive\Desktop\managment system\venv\Lib\site-packages\starlette\middleware\base.py", line 193, in __call__
    response = await self.dispatch_func(request, call_next)
               ^^^^^^^^^^^^^^^^^^^^^^^^^^^^^^^^^^^^^^^^^^^^
  File "C:\Users\Lenovo\OneDrive\Desktop\managment system\middleware\logging_middleware.py", line 24, in dispatch
    response = await call_next(request)
               ^^^^^^^^^^^^^^^^^^^^^^^^
  File "C:\Users\Lenovo\OneDrive\Desktop\managment system\venv\Lib\site-packages\starlette\middleware\base.py", line 168, in call_next
    raise app_exc from app_exc.__cause__ or app_exc.__context__
  File "C:\Users\Lenovo\OneDrive\Desktop\managment system\venv\Lib\site-packages\starlette\middleware\base.py", line 144, in coro
    await self.app(scope, receive_or_disconnect, send_no_error)
  File "C:\Users\Lenovo\OneDrive\Desktop\managment system\venv\Lib\site-packages\starlette\middleware\exceptions.py", line 63, in __call__
    await wrap_app_handling_exceptions(self.app, conn)(scope, receive, send)
  File "C:\Users\Lenovo\OneDrive\Desktop\managment system\venv\Lib\site-packages\starlette\_exception_handler.py", line 53, in wrapped_app
    raise exc
  File "C:\Users\Lenovo\OneDrive\Desktop\managment system\venv\Lib\site-packages\starlette\_exception_handler.py", line 42, in wrapped_app
    await app(scope, receive, sender)
  File "C:\Users\Lenovo\OneDrive\Desktop\managment system\venv\Lib\site-packages\fastapi\middleware\asyncexitstack.py", line 18, in __call__
    await self.app(scope, receive, send)
  File "C:\Users\Lenovo\OneDrive\Desktop\managment system\venv\Lib\site-packages\starlette\routing.py", line 660, in __call__
    await self.middleware_stack(scope, receive, send)
  File "C:\Users\Lenovo\OneDrive\Desktop\managment system\venv\Lib\site-packages\starlette\routing.py", line 680, in app
    await route.handle(scope, receive, send)
  File "C:\Users\Lenovo\OneDrive\Desktop\managment system\venv\Lib\site-packages\starlette\routing.py", line 276, in handle
    await self.app(scope, receive, send)
  File "C:\Users\Lenovo\OneDrive\Desktop\managment system\venv\Lib\site-packages\fastapi\routing.py", line 134, in app
    await wrap_app_handling_exceptions(app, request)(scope, receive, send)
  File "C:\Users\Lenovo\OneDrive\Desktop\managment system\venv\Lib\site-packages\starlette\_exception_handler.py", line 53, in wrapped_app
    raise exc
  File "C:\Users\Lenovo\OneDrive\Desktop\managment system\venv\Lib\site-packages\starlette\_exception_handler.py", line 42, in wrapped_app
    await app(scope, receive, sender)
  File "C:\Users\Lenovo\OneDrive\Desktop\managment system\venv\Lib\site-packages\fastapi\routing.py", line 120, in app
    response = await f(request)
               ^^^^^^^^^^^^^^^^
  File "C:\Users\Lenovo\OneDrive\Desktop\managment system\venv\Lib\site-packages\fastapi\routing.py", line 674, in app
    raw_response = await run_endpoint_function(
                   ^^^^^^^^^^^^^^^^^^^^^^^^^^^^
    ...<3 lines>...
    )
    ^
  File "C:\Users\Lenovo\OneDrive\Desktop\managment system\venv\Lib\site-packages\fastapi\routing.py", line 330, in run_endpoint_function
    return await run_in_threadpool(dependant.call, **values)
           ^^^^^^^^^^^^^^^^^^^^^^^^^^^^^^^^^^^^^^^^^^^^^^^^^
  File "C:\Users\Lenovo\OneDrive\Desktop\managment system\venv\Lib\site-packages\starlette\concurrency.py", line 32, in run_in_threadpool
    return await anyio.to_thread.run_sync(func)
           ^^^^^^^^^^^^^^^^^^^^^^^^^^^^^^^^^^^^
  File "C:\Users\Lenovo\OneDrive\Desktop\managment system\venv\Lib\site-packages\anyio\to_thread.py", line 63, in run_sync
    return await get_async_backend().run_sync_in_worker_thread(
           ^^^^^^^^^^^^^^^^^^^^^^^^^^^^^^^^^^^^^^^^^^^^^^^^^^^^
        func, args, abandon_on_cancel=abandon_on_cancel, limiter=limiter
        ^^^^^^^^^^^^^^^^^^^^^^^^^^^^^^^^^^^^^^^^^^^^^^^^^^^^^^^^^^^^^^^^
    )
    ^
  File "C:\Users\Lenovo\OneDrive\Desktop\managment system\venv\Lib\site-packages\anyio\_backends\_asyncio.py", line 2518, in run_sync_in_worker_thread
    return await future
           ^^^^^^^^^^^^
  File "C:\Users\Lenovo\OneDrive\Desktop\managment system\venv\Lib\site-packages\anyio\_backends\_asyncio.py", line 1002, in run
    result = context.run(func, *args)
  File "C:\Users\Lenovo\OneDrive\Desktop\managment system\app\api.py", line 275, in get_student
    student = service.get_student(student_id)
  File "C:\Users\Lenovo\OneDrive\Desktop\managment system\services\student_service.py", line 211, in get_student
    .first()
     ~~~~~^^
  File "C:\Users\Lenovo\OneDrive\Desktop\managment system\venv\Lib\site-packages\sqlalchemy\orm\query.py", line 2766, in first
    return self.limit(1)._iter().first()  # type: ignore
           ~~~~~~~~~~~~~~~~~~~^^
  File "C:\Users\Lenovo\OneDrive\Desktop\managment system\venv\Lib\site-packages\sqlalchemy\orm\query.py", line 2864, in _iter
    result: Union[ScalarResult[_T], Result[_T]] = self.session.execute(
                                                  ~~~~~~~~~~~~~~~~~~~~^
        statement,
        ^^^^^^^^^^
        params,
        ^^^^^^^
        execution_options={"_sa_orm_load_options": self.load_options},
        ^^^^^^^^^^^^^^^^^^^^^^^^^^^^^^^^^^^^^^^^^^^^^^^^^^^^^^^^^^^^^^
    )
    ^
  File "C:\Users\Lenovo\OneDrive\Desktop\managment system\venv\Lib\site-packages\sqlalchemy\orm\session.py", line 2351, in execute
    return self._execute_internal(
           ~~~~~~~~~~~~~~~~~~~~~~^
        statement,
        ^^^^^^^^^^
    ...<4 lines>...
        _add_event=_add_event,
        ^^^^^^^^^^^^^^^^^^^^^^
    )
    ^
  File "C:\Users\Lenovo\OneDrive\Desktop\managment system\venv\Lib\site-packages\sqlalchemy\orm\session.py", line 2249, in _execute_internal
    result: Result[Any] = compile_state_cls.orm_execute_statement(
                          ~~~~~~~~~~~~~~~~~~~~~~~~~~~~~~~~~~~~~~~^
        self,
        ^^^^^
    ...<4 lines>...
        conn,
        ^^^^^
    )
    ^
  File "C:\Users\Lenovo\OneDrive\Desktop\managment system\venv\Lib\site-packages\sqlalchemy\orm\context.py", line 306, in orm_execute_statement
    result = conn.execute(
        statement, params or {}, execution_options=execution_options
    )
  File "C:\Users\Lenovo\OneDrive\Desktop\managment system\venv\Lib\site-packages\sqlalchemy\engine\base.py", line 1419, in execute
    return meth(
        self,
        distilled_parameters,
        execution_options or NO_OPTIONS,
    )
  File "C:\Users\Lenovo\OneDrive\Desktop\managment system\venv\Lib\site-packages\sqlalchemy\sql\elements.py", line 527, in _execute_on_connection
    return connection._execute_clauseelement(
           ~~~~~~~~~~~~~~~~~~~~~~~~~~~~~~~~~^
        self, distilled_params, execution_options
        ^^^^^^^^^^^^^^^^^^^^^^^^^^^^^^^^^^^^^^^^^
    )
    ^
  File "C:\Users\Lenovo\OneDrive\Desktop\managment system\venv\Lib\site-packages\sqlalchemy\engine\base.py", line 1641, in _execute_clauseelement
    ret = self._execute_context(
        dialect,
    ...<8 lines>...
        cache_hit=cache_hit,
    )
  File "C:\Users\Lenovo\OneDrive\Desktop\managment system\venv\Lib\site-packages\sqlalchemy\engine\base.py", line 1846, in _execute_context
    return self._exec_single_context(
           ~~~~~~~~~~~~~~~~~~~~~~~~~^
        dialect, context, statement, parameters
        ^^^^^^^^^^^^^^^^^^^^^^^^^^^^^^^^^^^^^^^
    )
    ^
  File "C:\Users\Lenovo\OneDrive\Desktop\managment system\venv\Lib\site-packages\sqlalchemy\engine\base.py", line 1986, in _exec_single_context
    self._handle_dbapi_exception(
    ~~~~~~~~~~~~~~~~~~~~~~~~~~~~^
        e, str_statement, effective_parameters, cursor, context
        ^^^^^^^^^^^^^^^^^^^^^^^^^^^^^^^^^^^^^^^^^^^^^^^^^^^^^^^
    )
    ^
  File "C:\Users\Lenovo\OneDrive\Desktop\managment system\venv\Lib\site-packages\sqlalchemy\engine\base.py", line 2363, in _handle_dbapi_exception
    raise sqlalchemy_exception.with_traceback(exc_info[2]) from e
  File "C:\Users\Lenovo\OneDrive\Desktop\managment system\venv\Lib\site-packages\sqlalchemy\engine\base.py", line 1967, in _exec_single_context
    self.dialect.do_execute(
    ~~~~~~~~~~~~~~~~~~~~~~~^
        cursor, str_statement, effective_parameters, context
        ^^^^^^^^^^^^^^^^^^^^^^^^^^^^^^^^^^^^^^^^^^^^^^^^^^^^
    )
    ^
  File "C:\Users\Lenovo\OneDrive\Desktop\managment system\venv\Lib\site-packages\sqlalchemy\engine\default.py", line 952, in do_execute
    cursor.execute(statement, parameters)
    ~~~~~~~~~~~~~~^^^^^^^^^^^^^^^^^^^^^^^
sqlalchemy.exc.OperationalError: (sqlite3.OperationalError) no such table: students
[SQL: SELECT anon_1.students_student_id AS anon_1_students_student_id, anon_1.students_name AS anon_1_students_name, anon_1.students_total_marks AS anon_1_students_total_marks, anon_1.students_percentage AS anon_1_students_percentage, anon_1.students_grade AS anon_1_students_grade, anon_1.students_version AS anon_1_students_version, subjects_1.id AS subjects_1_id, subjects_1.name AS subjects_1_name, student_marks_1.id AS student_marks_1_id, student_marks_1.student_id AS student_marks_1_student_id, student_marks_1.subject_id AS student_marks_1_subject_id, student_marks_1.marks AS student_marks_1_marks 
FROM (SELECT students.student_id AS students_student_id, students.name AS students_name, students.total_marks AS students_total_marks, students.percentage AS students_percentage, students.grade AS students_grade, students.version AS students_version 
FROM students 
WHERE students.student_id = ?
 LIMIT ? OFFSET ?) AS anon_1 LEFT OUTER JOIN student_marks AS student_marks_1 ON anon_1.students_student_id = student_marks_1.student_id LEFT OUTER JOIN subjects AS subjects_1 ON subjects_1.id = student_marks_1.subject_id]
[parameters: ('DASHBOARD', 1, 0)]
(Background on this error at: https://sqlalche.me/e/20/e3q8)
2026-05-26 15:44:03,617 - INFO - Request Started | Method=GET Path=/docs
2026-05-26 15:44:03,617 - INFO - Request Completed | Method=GET Path=/docs Status=200 Time=0.0008s
2026-05-26 15:44:03,731 - INFO - Request Started | Method=GET Path=/openapi.json
2026-05-26 15:44:03,732 - INFO - Request Completed | Method=GET Path=/openapi.json Status=200 Time=0.0006s
2026-05-26 15:44:10,846 - INFO - Request Started | Method=GET Path=/students/dashboard
2026-05-26 15:44:10,850 - ERROR - Request Failed | Method=GET Path=/students/dashboard Time=0.0036s Error=(sqlite3.OperationalError) no such table: students
[SQL: SELECT anon_1.students_student_id AS anon_1_students_student_id, anon_1.students_name AS anon_1_students_name, anon_1.students_total_marks AS anon_1_students_total_marks, anon_1.students_percentage AS anon_1_students_percentage, anon_1.students_grade AS anon_1_students_grade, anon_1.students_version AS anon_1_students_version, subjects_1.id AS subjects_1_id, subjects_1.name AS subjects_1_name, student_marks_1.id AS student_marks_1_id, student_marks_1.student_id AS student_marks_1_student_id, student_marks_1.subject_id AS student_marks_1_subject_id, student_marks_1.marks AS student_marks_1_marks 
FROM (SELECT students.student_id AS students_student_id, students.name AS students_name, students.total_marks AS students_total_marks, students.percentage AS students_percentage, students.grade AS students_grade, students.version AS students_version 
FROM students 
WHERE students.student_id = ?
 LIMIT ? OFFSET ?) AS anon_1 LEFT OUTER JOIN student_marks AS student_marks_1 ON anon_1.students_student_id = student_marks_1.student_id LEFT OUTER JOIN subjects AS subjects_1 ON subjects_1.id = student_marks_1.subject_id]
[parameters: ('DASHBOARD', 1, 0)]
(Background on this error at: https://sqlalche.me/e/20/e3q8)
Traceback (most recent call last):
  File "C:\Users\Lenovo\OneDrive\Desktop\managment system\venv\Lib\site-packages\sqlalchemy\engine\base.py", line 1967, in _exec_single_context
    self.dialect.do_execute(
    ~~~~~~~~~~~~~~~~~~~~~~~^
        cursor, str_statement, effective_parameters, context
        ^^^^^^^^^^^^^^^^^^^^^^^^^^^^^^^^^^^^^^^^^^^^^^^^^^^^
    )
    ^
  File "C:\Users\Lenovo\OneDrive\Desktop\managment system\venv\Lib\site-packages\sqlalchemy\engine\default.py", line 952, in do_execute
    cursor.execute(statement, parameters)
    ~~~~~~~~~~~~~~^^^^^^^^^^^^^^^^^^^^^^^
sqlite3.OperationalError: no such table: students

The above exception was the direct cause of the following exception:

Traceback (most recent call last):
  File "C:\Users\Lenovo\OneDrive\Desktop\managment system\middleware\logging_middleware.py", line 24, in dispatch
    response = await call_next(request)
               ^^^^^^^^^^^^^^^^^^^^^^^^
  File "C:\Users\Lenovo\OneDrive\Desktop\managment system\venv\Lib\site-packages\starlette\middleware\base.py", line 168, in call_next
    raise app_exc from app_exc.__cause__ or app_exc.__context__
  File "C:\Users\Lenovo\OneDrive\Desktop\managment system\venv\Lib\site-packages\starlette\middleware\base.py", line 144, in coro
    await self.app(scope, receive_or_disconnect, send_no_error)
  File "C:\Users\Lenovo\OneDrive\Desktop\managment system\venv\Lib\site-packages\starlette\middleware\exceptions.py", line 63, in __call__
    await wrap_app_handling_exceptions(self.app, conn)(scope, receive, send)
  File "C:\Users\Lenovo\OneDrive\Desktop\managment system\venv\Lib\site-packages\starlette\_exception_handler.py", line 53, in wrapped_app
    raise exc
  File "C:\Users\Lenovo\OneDrive\Desktop\managment system\venv\Lib\site-packages\starlette\_exception_handler.py", line 42, in wrapped_app
    await app(scope, receive, sender)
  File "C:\Users\Lenovo\OneDrive\Desktop\managment system\venv\Lib\site-packages\fastapi\middleware\asyncexitstack.py", line 18, in __call__
    await self.app(scope, receive, send)
  File "C:\Users\Lenovo\OneDrive\Desktop\managment system\venv\Lib\site-packages\starlette\routing.py", line 660, in __call__
    await self.middleware_stack(scope, receive, send)
  File "C:\Users\Lenovo\OneDrive\Desktop\managment system\venv\Lib\site-packages\starlette\routing.py", line 680, in app
    await route.handle(scope, receive, send)
  File "C:\Users\Lenovo\OneDrive\Desktop\managment system\venv\Lib\site-packages\starlette\routing.py", line 276, in handle
    await self.app(scope, receive, send)
  File "C:\Users\Lenovo\OneDrive\Desktop\managment system\venv\Lib\site-packages\fastapi\routing.py", line 134, in app
    await wrap_app_handling_exceptions(app, request)(scope, receive, send)
  File "C:\Users\Lenovo\OneDrive\Desktop\managment system\venv\Lib\site-packages\starlette\_exception_handler.py", line 53, in wrapped_app
    raise exc
  File "C:\Users\Lenovo\OneDrive\Desktop\managment system\venv\Lib\site-packages\starlette\_exception_handler.py", line 42, in wrapped_app
    await app(scope, receive, sender)
  File "C:\Users\Lenovo\OneDrive\Desktop\managment system\venv\Lib\site-packages\fastapi\routing.py", line 120, in app
    response = await f(request)
               ^^^^^^^^^^^^^^^^
  File "C:\Users\Lenovo\OneDrive\Desktop\managment system\venv\Lib\site-packages\fastapi\routing.py", line 674, in app
    raw_response = await run_endpoint_function(
                   ^^^^^^^^^^^^^^^^^^^^^^^^^^^^
    ...<3 lines>...
    )
    ^
  File "C:\Users\Lenovo\OneDrive\Desktop\managment system\venv\Lib\site-packages\fastapi\routing.py", line 330, in run_endpoint_function
    return await run_in_threadpool(dependant.call, **values)
           ^^^^^^^^^^^^^^^^^^^^^^^^^^^^^^^^^^^^^^^^^^^^^^^^^
  File "C:\Users\Lenovo\OneDrive\Desktop\managment system\venv\Lib\site-packages\starlette\concurrency.py", line 32, in run_in_threadpool
    return await anyio.to_thread.run_sync(func)
           ^^^^^^^^^^^^^^^^^^^^^^^^^^^^^^^^^^^^
  File "C:\Users\Lenovo\OneDrive\Desktop\managment system\venv\Lib\site-packages\anyio\to_thread.py", line 63, in run_sync
    return await get_async_backend().run_sync_in_worker_thread(
           ^^^^^^^^^^^^^^^^^^^^^^^^^^^^^^^^^^^^^^^^^^^^^^^^^^^^
        func, args, abandon_on_cancel=abandon_on_cancel, limiter=limiter
        ^^^^^^^^^^^^^^^^^^^^^^^^^^^^^^^^^^^^^^^^^^^^^^^^^^^^^^^^^^^^^^^^
    )
    ^
  File "C:\Users\Lenovo\OneDrive\Desktop\managment system\venv\Lib\site-packages\anyio\_backends\_asyncio.py", line 2518, in run_sync_in_worker_thread
    return await future
           ^^^^^^^^^^^^
  File "C:\Users\Lenovo\OneDrive\Desktop\managment system\venv\Lib\site-packages\anyio\_backends\_asyncio.py", line 1002, in run
    result = context.run(func, *args)
  File "C:\Users\Lenovo\OneDrive\Desktop\managment system\app\api.py", line 275, in get_student
    student = service.get_student(student_id)
  File "C:\Users\Lenovo\OneDrive\Desktop\managment system\services\student_service.py", line 211, in get_student
    .first()
     ~~~~~^^
  File "C:\Users\Lenovo\OneDrive\Desktop\managment system\venv\Lib\site-packages\sqlalchemy\orm\query.py", line 2766, in first
    return self.limit(1)._iter().first()  # type: ignore
           ~~~~~~~~~~~~~~~~~~~^^
  File "C:\Users\Lenovo\OneDrive\Desktop\managment system\venv\Lib\site-packages\sqlalchemy\orm\query.py", line 2864, in _iter
    result: Union[ScalarResult[_T], Result[_T]] = self.session.execute(
                                                  ~~~~~~~~~~~~~~~~~~~~^
        statement,
        ^^^^^^^^^^
        params,
        ^^^^^^^
        execution_options={"_sa_orm_load_options": self.load_options},
        ^^^^^^^^^^^^^^^^^^^^^^^^^^^^^^^^^^^^^^^^^^^^^^^^^^^^^^^^^^^^^^
    )
    ^
  File "C:\Users\Lenovo\OneDrive\Desktop\managment system\venv\Lib\site-packages\sqlalchemy\orm\session.py", line 2351, in execute
    return self._execute_internal(
           ~~~~~~~~~~~~~~~~~~~~~~^
        statement,
        ^^^^^^^^^^
    ...<4 lines>...
        _add_event=_add_event,
        ^^^^^^^^^^^^^^^^^^^^^^
    )
    ^
  File "C:\Users\Lenovo\OneDrive\Desktop\managment system\venv\Lib\site-packages\sqlalchemy\orm\session.py", line 2249, in _execute_internal
    result: Result[Any] = compile_state_cls.orm_execute_statement(
                          ~~~~~~~~~~~~~~~~~~~~~~~~~~~~~~~~~~~~~~~^
        self,
        ^^^^^
    ...<4 lines>...
        conn,
        ^^^^^
    )
    ^
  File "C:\Users\Lenovo\OneDrive\Desktop\managment system\venv\Lib\site-packages\sqlalchemy\orm\context.py", line 306, in orm_execute_statement
    result = conn.execute(
        statement, params or {}, execution_options=execution_options
    )
  File "C:\Users\Lenovo\OneDrive\Desktop\managment system\venv\Lib\site-packages\sqlalchemy\engine\base.py", line 1419, in execute
    return meth(
        self,
        distilled_parameters,
        execution_options or NO_OPTIONS,
    )
  File "C:\Users\Lenovo\OneDrive\Desktop\managment system\venv\Lib\site-packages\sqlalchemy\sql\elements.py", line 527, in _execute_on_connection
    return connection._execute_clauseelement(
           ~~~~~~~~~~~~~~~~~~~~~~~~~~~~~~~~~^
        self, distilled_params, execution_options
        ^^^^^^^^^^^^^^^^^^^^^^^^^^^^^^^^^^^^^^^^^
    )
    ^
  File "C:\Users\Lenovo\OneDrive\Desktop\managment system\venv\Lib\site-packages\sqlalchemy\engine\base.py", line 1641, in _execute_clauseelement
    ret = self._execute_context(
        dialect,
    ...<8 lines>...
        cache_hit=cache_hit,
    )
  File "C:\Users\Lenovo\OneDrive\Desktop\managment system\venv\Lib\site-packages\sqlalchemy\engine\base.py", line 1846, in _execute_context
    return self._exec_single_context(
           ~~~~~~~~~~~~~~~~~~~~~~~~~^
        dialect, context, statement, parameters
        ^^^^^^^^^^^^^^^^^^^^^^^^^^^^^^^^^^^^^^^
    )
    ^
  File "C:\Users\Lenovo\OneDrive\Desktop\managment system\venv\Lib\site-packages\sqlalchemy\engine\base.py", line 1986, in _exec_single_context
    self._handle_dbapi_exception(
    ~~~~~~~~~~~~~~~~~~~~~~~~~~~~^
        e, str_statement, effective_parameters, cursor, context
        ^^^^^^^^^^^^^^^^^^^^^^^^^^^^^^^^^^^^^^^^^^^^^^^^^^^^^^^
    )
    ^
  File "C:\Users\Lenovo\OneDrive\Desktop\managment system\venv\Lib\site-packages\sqlalchemy\engine\base.py", line 2363, in _handle_dbapi_exception
    raise sqlalchemy_exception.with_traceback(exc_info[2]) from e
  File "C:\Users\Lenovo\OneDrive\Desktop\managment system\venv\Lib\site-packages\sqlalchemy\engine\base.py", line 1967, in _exec_single_context
    self.dialect.do_execute(
    ~~~~~~~~~~~~~~~~~~~~~~~^
        cursor, str_statement, effective_parameters, context
        ^^^^^^^^^^^^^^^^^^^^^^^^^^^^^^^^^^^^^^^^^^^^^^^^^^^^
    )
    ^
  File "C:\Users\Lenovo\OneDrive\Desktop\managment system\venv\Lib\site-packages\sqlalchemy\engine\default.py", line 952, in do_execute
    cursor.execute(statement, parameters)
    ~~~~~~~~~~~~~~^^^^^^^^^^^^^^^^^^^^^^^
sqlalchemy.exc.OperationalError: (sqlite3.OperationalError) no such table: students
[SQL: SELECT anon_1.students_student_id AS anon_1_students_student_id, anon_1.students_name AS anon_1_students_name, anon_1.students_total_marks AS anon_1_students_total_marks, anon_1.students_percentage AS anon_1_students_percentage, anon_1.students_grade AS anon_1_students_grade, anon_1.students_version AS anon_1_students_version, subjects_1.id AS subjects_1_id, subjects_1.name AS subjects_1_name, student_marks_1.id AS student_marks_1_id, student_marks_1.student_id AS student_marks_1_student_id, student_marks_1.subject_id AS student_marks_1_subject_id, student_marks_1.marks AS student_marks_1_marks 
FROM (SELECT students.student_id AS students_student_id, students.name AS students_name, students.total_marks AS students_total_marks, students.percentage AS students_percentage, students.grade AS students_grade, students.version AS students_version 
FROM students 
WHERE students.student_id = ?
 LIMIT ? OFFSET ?) AS anon_1 LEFT OUTER JOIN student_marks AS student_marks_1 ON anon_1.students_student_id = student_marks_1.student_id LEFT OUTER JOIN subjects AS subjects_1 ON subjects_1.id = student_marks_1.subject_id]
[parameters: ('DASHBOARD', 1, 0)]
(Background on this error at: https://sqlalche.me/e/20/e3q8)
2026-05-26 15:44:10,856 - ERROR - (sqlite3.OperationalError) no such table: students
[SQL: SELECT anon_1.students_student_id AS anon_1_students_student_id, anon_1.students_name AS anon_1_students_name, anon_1.students_total_marks AS anon_1_students_total_marks, anon_1.students_percentage AS anon_1_students_percentage, anon_1.students_grade AS anon_1_students_grade, anon_1.students_version AS anon_1_students_version, subjects_1.id AS subjects_1_id, subjects_1.name AS subjects_1_name, student_marks_1.id AS student_marks_1_id, student_marks_1.student_id AS student_marks_1_student_id, student_marks_1.subject_id AS student_marks_1_subject_id, student_marks_1.marks AS student_marks_1_marks 
FROM (SELECT students.student_id AS students_student_id, students.name AS students_name, students.total_marks AS students_total_marks, students.percentage AS students_percentage, students.grade AS students_grade, students.version AS students_version 
FROM students 
WHERE students.student_id = ?
 LIMIT ? OFFSET ?) AS anon_1 LEFT OUTER JOIN student_marks AS student_marks_1 ON anon_1.students_student_id = student_marks_1.student_id LEFT OUTER JOIN subjects AS subjects_1 ON subjects_1.id = student_marks_1.subject_id]
[parameters: ('DASHBOARD', 1, 0)]
(Background on this error at: https://sqlalche.me/e/20/e3q8)
Traceback (most recent call last):
  File "C:\Users\Lenovo\OneDrive\Desktop\managment system\venv\Lib\site-packages\sqlalchemy\engine\base.py", line 1967, in _exec_single_context
    self.dialect.do_execute(
    ~~~~~~~~~~~~~~~~~~~~~~~^
        cursor, str_statement, effective_parameters, context
        ^^^^^^^^^^^^^^^^^^^^^^^^^^^^^^^^^^^^^^^^^^^^^^^^^^^^
    )
    ^
  File "C:\Users\Lenovo\OneDrive\Desktop\managment system\venv\Lib\site-packages\sqlalchemy\engine\default.py", line 952, in do_execute
    cursor.execute(statement, parameters)
    ~~~~~~~~~~~~~~^^^^^^^^^^^^^^^^^^^^^^^
sqlite3.OperationalError: no such table: students

The above exception was the direct cause of the following exception:

Traceback (most recent call last):
  File "C:\Users\Lenovo\OneDrive\Desktop\managment system\venv\Lib\site-packages\starlette\middleware\errors.py", line 164, in __call__
    await self.app(scope, receive, _send)
  File "C:\Users\Lenovo\OneDrive\Desktop\managment system\venv\Lib\site-packages\starlette\middleware\base.py", line 191, in __call__
    with recv_stream, send_stream, collapse_excgroups():
                                   ~~~~~~~~~~~~~~~~~~^^
  File "C:\Python313\Lib\contextlib.py", line 162, in __exit__
    self.gen.throw(value)
    ~~~~~~~~~~~~~~^^^^^^^
  File "C:\Users\Lenovo\OneDrive\Desktop\managment system\venv\Lib\site-packages\starlette\_utils.py", line 87, in collapse_excgroups
    raise exc
  File "C:\Users\Lenovo\OneDrive\Desktop\managment system\venv\Lib\site-packages\starlette\middleware\base.py", line 193, in __call__
    response = await self.dispatch_func(request, call_next)
               ^^^^^^^^^^^^^^^^^^^^^^^^^^^^^^^^^^^^^^^^^^^^
  File "C:\Users\Lenovo\OneDrive\Desktop\managment system\middleware\rate_limit.py", line 52, in dispatch
    response = await call_next(request)
               ^^^^^^^^^^^^^^^^^^^^^^^^
  File "C:\Users\Lenovo\OneDrive\Desktop\managment system\venv\Lib\site-packages\starlette\middleware\base.py", line 168, in call_next
    raise app_exc from app_exc.__cause__ or app_exc.__context__
  File "C:\Users\Lenovo\OneDrive\Desktop\managment system\venv\Lib\site-packages\starlette\middleware\base.py", line 144, in coro
    await self.app(scope, receive_or_disconnect, send_no_error)
  File "C:\Users\Lenovo\OneDrive\Desktop\managment system\venv\Lib\site-packages\starlette\middleware\base.py", line 191, in __call__
    with recv_stream, send_stream, collapse_excgroups():
                                   ~~~~~~~~~~~~~~~~~~^^
  File "C:\Python313\Lib\contextlib.py", line 162, in __exit__
    self.gen.throw(value)
    ~~~~~~~~~~~~~~^^^^^^^
  File "C:\Users\Lenovo\OneDrive\Desktop\managment system\venv\Lib\site-packages\starlette\_utils.py", line 87, in collapse_excgroups
    raise exc
  File "C:\Users\Lenovo\OneDrive\Desktop\managment system\venv\Lib\site-packages\starlette\middleware\base.py", line 193, in __call__
    response = await self.dispatch_func(request, call_next)
               ^^^^^^^^^^^^^^^^^^^^^^^^^^^^^^^^^^^^^^^^^^^^
  File "C:\Users\Lenovo\OneDrive\Desktop\managment system\middleware\logging_middleware.py", line 24, in dispatch
    response = await call_next(request)
               ^^^^^^^^^^^^^^^^^^^^^^^^
  File "C:\Users\Lenovo\OneDrive\Desktop\managment system\venv\Lib\site-packages\starlette\middleware\base.py", line 168, in call_next
    raise app_exc from app_exc.__cause__ or app_exc.__context__
  File "C:\Users\Lenovo\OneDrive\Desktop\managment system\venv\Lib\site-packages\starlette\middleware\base.py", line 144, in coro
    await self.app(scope, receive_or_disconnect, send_no_error)
  File "C:\Users\Lenovo\OneDrive\Desktop\managment system\venv\Lib\site-packages\starlette\middleware\exceptions.py", line 63, in __call__
    await wrap_app_handling_exceptions(self.app, conn)(scope, receive, send)
  File "C:\Users\Lenovo\OneDrive\Desktop\managment system\venv\Lib\site-packages\starlette\_exception_handler.py", line 53, in wrapped_app
    raise exc
  File "C:\Users\Lenovo\OneDrive\Desktop\managment system\venv\Lib\site-packages\starlette\_exception_handler.py", line 42, in wrapped_app
    await app(scope, receive, sender)
  File "C:\Users\Lenovo\OneDrive\Desktop\managment system\venv\Lib\site-packages\fastapi\middleware\asyncexitstack.py", line 18, in __call__
    await self.app(scope, receive, send)
  File "C:\Users\Lenovo\OneDrive\Desktop\managment system\venv\Lib\site-packages\starlette\routing.py", line 660, in __call__
    await self.middleware_stack(scope, receive, send)
  File "C:\Users\Lenovo\OneDrive\Desktop\managment system\venv\Lib\site-packages\starlette\routing.py", line 680, in app
    await route.handle(scope, receive, send)
  File "C:\Users\Lenovo\OneDrive\Desktop\managment system\venv\Lib\site-packages\starlette\routing.py", line 276, in handle
    await self.app(scope, receive, send)
  File "C:\Users\Lenovo\OneDrive\Desktop\managment system\venv\Lib\site-packages\fastapi\routing.py", line 134, in app
    await wrap_app_handling_exceptions(app, request)(scope, receive, send)
  File "C:\Users\Lenovo\OneDrive\Desktop\managment system\venv\Lib\site-packages\starlette\_exception_handler.py", line 53, in wrapped_app
    raise exc
  File "C:\Users\Lenovo\OneDrive\Desktop\managment system\venv\Lib\site-packages\starlette\_exception_handler.py", line 42, in wrapped_app
    await app(scope, receive, sender)
  File "C:\Users\Lenovo\OneDrive\Desktop\managment system\venv\Lib\site-packages\fastapi\routing.py", line 120, in app
    response = await f(request)
               ^^^^^^^^^^^^^^^^
  File "C:\Users\Lenovo\OneDrive\Desktop\managment system\venv\Lib\site-packages\fastapi\routing.py", line 674, in app
    raw_response = await run_endpoint_function(
                   ^^^^^^^^^^^^^^^^^^^^^^^^^^^^
    ...<3 lines>...
    )
    ^
  File "C:\Users\Lenovo\OneDrive\Desktop\managment system\venv\Lib\site-packages\fastapi\routing.py", line 330, in run_endpoint_function
    return await run_in_threadpool(dependant.call, **values)
           ^^^^^^^^^^^^^^^^^^^^^^^^^^^^^^^^^^^^^^^^^^^^^^^^^
  File "C:\Users\Lenovo\OneDrive\Desktop\managment system\venv\Lib\site-packages\starlette\concurrency.py", line 32, in run_in_threadpool
    return await anyio.to_thread.run_sync(func)
           ^^^^^^^^^^^^^^^^^^^^^^^^^^^^^^^^^^^^
  File "C:\Users\Lenovo\OneDrive\Desktop\managment system\venv\Lib\site-packages\anyio\to_thread.py", line 63, in run_sync
    return await get_async_backend().run_sync_in_worker_thread(
           ^^^^^^^^^^^^^^^^^^^^^^^^^^^^^^^^^^^^^^^^^^^^^^^^^^^^
        func, args, abandon_on_cancel=abandon_on_cancel, limiter=limiter
        ^^^^^^^^^^^^^^^^^^^^^^^^^^^^^^^^^^^^^^^^^^^^^^^^^^^^^^^^^^^^^^^^
    )
    ^
  File "C:\Users\Lenovo\OneDrive\Desktop\managment system\venv\Lib\site-packages\anyio\_backends\_asyncio.py", line 2518, in run_sync_in_worker_thread
    return await future
           ^^^^^^^^^^^^
  File "C:\Users\Lenovo\OneDrive\Desktop\managment system\venv\Lib\site-packages\anyio\_backends\_asyncio.py", line 1002, in run
    result = context.run(func, *args)
  File "C:\Users\Lenovo\OneDrive\Desktop\managment system\app\api.py", line 275, in get_student
    student = service.get_student(student_id)
  File "C:\Users\Lenovo\OneDrive\Desktop\managment system\services\student_service.py", line 211, in get_student
    .first()
     ~~~~~^^
  File "C:\Users\Lenovo\OneDrive\Desktop\managment system\venv\Lib\site-packages\sqlalchemy\orm\query.py", line 2766, in first
    return self.limit(1)._iter().first()  # type: ignore
           ~~~~~~~~~~~~~~~~~~~^^
  File "C:\Users\Lenovo\OneDrive\Desktop\managment system\venv\Lib\site-packages\sqlalchemy\orm\query.py", line 2864, in _iter
    result: Union[ScalarResult[_T], Result[_T]] = self.session.execute(
                                                  ~~~~~~~~~~~~~~~~~~~~^
        statement,
        ^^^^^^^^^^
        params,
        ^^^^^^^
        execution_options={"_sa_orm_load_options": self.load_options},
        ^^^^^^^^^^^^^^^^^^^^^^^^^^^^^^^^^^^^^^^^^^^^^^^^^^^^^^^^^^^^^^
    )
    ^
  File "C:\Users\Lenovo\OneDrive\Desktop\managment system\venv\Lib\site-packages\sqlalchemy\orm\session.py", line 2351, in execute
    return self._execute_internal(
           ~~~~~~~~~~~~~~~~~~~~~~^
        statement,
        ^^^^^^^^^^
    ...<4 lines>...
        _add_event=_add_event,
        ^^^^^^^^^^^^^^^^^^^^^^
    )
    ^
  File "C:\Users\Lenovo\OneDrive\Desktop\managment system\venv\Lib\site-packages\sqlalchemy\orm\session.py", line 2249, in _execute_internal
    result: Result[Any] = compile_state_cls.orm_execute_statement(
                          ~~~~~~~~~~~~~~~~~~~~~~~~~~~~~~~~~~~~~~~^
        self,
        ^^^^^
    ...<4 lines>...
        conn,
        ^^^^^
    )
    ^
  File "C:\Users\Lenovo\OneDrive\Desktop\managment system\venv\Lib\site-packages\sqlalchemy\orm\context.py", line 306, in orm_execute_statement
    result = conn.execute(
        statement, params or {}, execution_options=execution_options
    )
  File "C:\Users\Lenovo\OneDrive\Desktop\managment system\venv\Lib\site-packages\sqlalchemy\engine\base.py", line 1419, in execute
    return meth(
        self,
        distilled_parameters,
        execution_options or NO_OPTIONS,
    )
  File "C:\Users\Lenovo\OneDrive\Desktop\managment system\venv\Lib\site-packages\sqlalchemy\sql\elements.py", line 527, in _execute_on_connection
    return connection._execute_clauseelement(
           ~~~~~~~~~~~~~~~~~~~~~~~~~~~~~~~~~^
        self, distilled_params, execution_options
        ^^^^^^^^^^^^^^^^^^^^^^^^^^^^^^^^^^^^^^^^^
    )
    ^
  File "C:\Users\Lenovo\OneDrive\Desktop\managment system\venv\Lib\site-packages\sqlalchemy\engine\base.py", line 1641, in _execute_clauseelement
    ret = self._execute_context(
        dialect,
    ...<8 lines>...
        cache_hit=cache_hit,
    )
  File "C:\Users\Lenovo\OneDrive\Desktop\managment system\venv\Lib\site-packages\sqlalchemy\engine\base.py", line 1846, in _execute_context
    return self._exec_single_context(
           ~~~~~~~~~~~~~~~~~~~~~~~~~^
        dialect, context, statement, parameters
        ^^^^^^^^^^^^^^^^^^^^^^^^^^^^^^^^^^^^^^^
    )
    ^
  File "C:\Users\Lenovo\OneDrive\Desktop\managment system\venv\Lib\site-packages\sqlalchemy\engine\base.py", line 1986, in _exec_single_context
    self._handle_dbapi_exception(
    ~~~~~~~~~~~~~~~~~~~~~~~~~~~~^
        e, str_statement, effective_parameters, cursor, context
        ^^^^^^^^^^^^^^^^^^^^^^^^^^^^^^^^^^^^^^^^^^^^^^^^^^^^^^^
    )
    ^
  File "C:\Users\Lenovo\OneDrive\Desktop\managment system\venv\Lib\site-packages\sqlalchemy\engine\base.py", line 2363, in _handle_dbapi_exception
    raise sqlalchemy_exception.with_traceback(exc_info[2]) from e
  File "C:\Users\Lenovo\OneDrive\Desktop\managment system\venv\Lib\site-packages\sqlalchemy\engine\base.py", line 1967, in _exec_single_context
    self.dialect.do_execute(
    ~~~~~~~~~~~~~~~~~~~~~~~^
        cursor, str_statement, effective_parameters, context
        ^^^^^^^^^^^^^^^^^^^^^^^^^^^^^^^^^^^^^^^^^^^^^^^^^^^^
    )
    ^
  File "C:\Users\Lenovo\OneDrive\Desktop\managment system\venv\Lib\site-packages\sqlalchemy\engine\default.py", line 952, in do_execute
    cursor.execute(statement, parameters)
    ~~~~~~~~~~~~~~^^^^^^^^^^^^^^^^^^^^^^^
sqlalchemy.exc.OperationalError: (sqlite3.OperationalError) no such table: students
[SQL: SELECT anon_1.students_student_id AS anon_1_students_student_id, anon_1.students_name AS anon_1_students_name, anon_1.students_total_marks AS anon_1_students_total_marks, anon_1.students_percentage AS anon_1_students_percentage, anon_1.students_grade AS anon_1_students_grade, anon_1.students_version AS anon_1_students_version, subjects_1.id AS subjects_1_id, subjects_1.name AS subjects_1_name, student_marks_1.id AS student_marks_1_id, student_marks_1.student_id AS student_marks_1_student_id, student_marks_1.subject_id AS student_marks_1_subject_id, student_marks_1.marks AS student_marks_1_marks 
FROM (SELECT students.student_id AS students_student_id, students.name AS students_name, students.total_marks AS students_total_marks, students.percentage AS students_percentage, students.grade AS students_grade, students.version AS students_version 
FROM students 
WHERE students.student_id = ?
 LIMIT ? OFFSET ?) AS anon_1 LEFT OUTER JOIN student_marks AS student_marks_1 ON anon_1.students_student_id = student_marks_1.student_id LEFT OUTER JOIN subjects AS subjects_1 ON subjects_1.id = student_marks_1.subject_id]
[parameters: ('DASHBOARD', 1, 0)]
(Background on this error at: https://sqlalche.me/e/20/e3q8)
2026-05-26 15:44:52,026 - INFO - Request Started | Method=GET Path=/students/subject-analysis
2026-05-26 15:44:52,028 - ERROR - Request Failed | Method=GET Path=/students/subject-analysis Time=0.0024s Error=(sqlite3.OperationalError) no such table: students
[SQL: SELECT anon_1.students_student_id AS anon_1_students_student_id, anon_1.students_name AS anon_1_students_name, anon_1.students_total_marks AS anon_1_students_total_marks, anon_1.students_percentage AS anon_1_students_percentage, anon_1.students_grade AS anon_1_students_grade, anon_1.students_version AS anon_1_students_version, subjects_1.id AS subjects_1_id, subjects_1.name AS subjects_1_name, student_marks_1.id AS student_marks_1_id, student_marks_1.student_id AS student_marks_1_student_id, student_marks_1.subject_id AS student_marks_1_subject_id, student_marks_1.marks AS student_marks_1_marks 
FROM (SELECT students.student_id AS students_student_id, students.name AS students_name, students.total_marks AS students_total_marks, students.percentage AS students_percentage, students.grade AS students_grade, students.version AS students_version 
FROM students 
WHERE students.student_id = ?
 LIMIT ? OFFSET ?) AS anon_1 LEFT OUTER JOIN student_marks AS student_marks_1 ON anon_1.students_student_id = student_marks_1.student_id LEFT OUTER JOIN subjects AS subjects_1 ON subjects_1.id = student_marks_1.subject_id]
[parameters: ('SUBJECT-ANALYSIS', 1, 0)]
(Background on this error at: https://sqlalche.me/e/20/e3q8)
Traceback (most recent call last):
  File "C:\Users\Lenovo\OneDrive\Desktop\managment system\venv\Lib\site-packages\sqlalchemy\engine\base.py", line 1967, in _exec_single_context
    self.dialect.do_execute(
    ~~~~~~~~~~~~~~~~~~~~~~~^
        cursor, str_statement, effective_parameters, context
        ^^^^^^^^^^^^^^^^^^^^^^^^^^^^^^^^^^^^^^^^^^^^^^^^^^^^
    )
    ^
  File "C:\Users\Lenovo\OneDrive\Desktop\managment system\venv\Lib\site-packages\sqlalchemy\engine\default.py", line 952, in do_execute
    cursor.execute(statement, parameters)
    ~~~~~~~~~~~~~~^^^^^^^^^^^^^^^^^^^^^^^
sqlite3.OperationalError: no such table: students

The above exception was the direct cause of the following exception:

Traceback (most recent call last):
  File "C:\Users\Lenovo\OneDrive\Desktop\managment system\middleware\logging_middleware.py", line 24, in dispatch
    response = await call_next(request)
               ^^^^^^^^^^^^^^^^^^^^^^^^
  File "C:\Users\Lenovo\OneDrive\Desktop\managment system\venv\Lib\site-packages\starlette\middleware\base.py", line 168, in call_next
    raise app_exc from app_exc.__cause__ or app_exc.__context__
  File "C:\Users\Lenovo\OneDrive\Desktop\managment system\venv\Lib\site-packages\starlette\middleware\base.py", line 144, in coro
    await self.app(scope, receive_or_disconnect, send_no_error)
  File "C:\Users\Lenovo\OneDrive\Desktop\managment system\venv\Lib\site-packages\starlette\middleware\exceptions.py", line 63, in __call__
    await wrap_app_handling_exceptions(self.app, conn)(scope, receive, send)
  File "C:\Users\Lenovo\OneDrive\Desktop\managment system\venv\Lib\site-packages\starlette\_exception_handler.py", line 53, in wrapped_app
    raise exc
  File "C:\Users\Lenovo\OneDrive\Desktop\managment system\venv\Lib\site-packages\starlette\_exception_handler.py", line 42, in wrapped_app
    await app(scope, receive, sender)
  File "C:\Users\Lenovo\OneDrive\Desktop\managment system\venv\Lib\site-packages\fastapi\middleware\asyncexitstack.py", line 18, in __call__
    await self.app(scope, receive, send)
  File "C:\Users\Lenovo\OneDrive\Desktop\managment system\venv\Lib\site-packages\starlette\routing.py", line 660, in __call__
    await self.middleware_stack(scope, receive, send)
  File "C:\Users\Lenovo\OneDrive\Desktop\managment system\venv\Lib\site-packages\starlette\routing.py", line 680, in app
    await route.handle(scope, receive, send)
  File "C:\Users\Lenovo\OneDrive\Desktop\managment system\venv\Lib\site-packages\starlette\routing.py", line 276, in handle
    await self.app(scope, receive, send)
  File "C:\Users\Lenovo\OneDrive\Desktop\managment system\venv\Lib\site-packages\fastapi\routing.py", line 134, in app
    await wrap_app_handling_exceptions(app, request)(scope, receive, send)
  File "C:\Users\Lenovo\OneDrive\Desktop\managment system\venv\Lib\site-packages\starlette\_exception_handler.py", line 53, in wrapped_app
    raise exc
  File "C:\Users\Lenovo\OneDrive\Desktop\managment system\venv\Lib\site-packages\starlette\_exception_handler.py", line 42, in wrapped_app
    await app(scope, receive, sender)
  File "C:\Users\Lenovo\OneDrive\Desktop\managment system\venv\Lib\site-packages\fastapi\routing.py", line 120, in app
    response = await f(request)
               ^^^^^^^^^^^^^^^^
  File "C:\Users\Lenovo\OneDrive\Desktop\managment system\venv\Lib\site-packages\fastapi\routing.py", line 674, in app
    raw_response = await run_endpoint_function(
                   ^^^^^^^^^^^^^^^^^^^^^^^^^^^^
    ...<3 lines>...
    )
    ^
  File "C:\Users\Lenovo\OneDrive\Desktop\managment system\venv\Lib\site-packages\fastapi\routing.py", line 330, in run_endpoint_function
    return await run_in_threadpool(dependant.call, **values)
           ^^^^^^^^^^^^^^^^^^^^^^^^^^^^^^^^^^^^^^^^^^^^^^^^^
  File "C:\Users\Lenovo\OneDrive\Desktop\managment system\venv\Lib\site-packages\starlette\concurrency.py", line 32, in run_in_threadpool
    return await anyio.to_thread.run_sync(func)
           ^^^^^^^^^^^^^^^^^^^^^^^^^^^^^^^^^^^^
  File "C:\Users\Lenovo\OneDrive\Desktop\managment system\venv\Lib\site-packages\anyio\to_thread.py", line 63, in run_sync
    return await get_async_backend().run_sync_in_worker_thread(
           ^^^^^^^^^^^^^^^^^^^^^^^^^^^^^^^^^^^^^^^^^^^^^^^^^^^^
        func, args, abandon_on_cancel=abandon_on_cancel, limiter=limiter
        ^^^^^^^^^^^^^^^^^^^^^^^^^^^^^^^^^^^^^^^^^^^^^^^^^^^^^^^^^^^^^^^^
    )
    ^
  File "C:\Users\Lenovo\OneDrive\Desktop\managment system\venv\Lib\site-packages\anyio\_backends\_asyncio.py", line 2518, in run_sync_in_worker_thread
    return await future
           ^^^^^^^^^^^^
  File "C:\Users\Lenovo\OneDrive\Desktop\managment system\venv\Lib\site-packages\anyio\_backends\_asyncio.py", line 1002, in run
    result = context.run(func, *args)
  File "C:\Users\Lenovo\OneDrive\Desktop\managment system\app\api.py", line 275, in get_student
    student = service.get_student(student_id)
  File "C:\Users\Lenovo\OneDrive\Desktop\managment system\services\student_service.py", line 211, in get_student
    .first()
     ~~~~~^^
  File "C:\Users\Lenovo\OneDrive\Desktop\managment system\venv\Lib\site-packages\sqlalchemy\orm\query.py", line 2766, in first
    return self.limit(1)._iter().first()  # type: ignore
           ~~~~~~~~~~~~~~~~~~~^^
  File "C:\Users\Lenovo\OneDrive\Desktop\managment system\venv\Lib\site-packages\sqlalchemy\orm\query.py", line 2864, in _iter
    result: Union[ScalarResult[_T], Result[_T]] = self.session.execute(
                                                  ~~~~~~~~~~~~~~~~~~~~^
        statement,
        ^^^^^^^^^^
        params,
        ^^^^^^^
        execution_options={"_sa_orm_load_options": self.load_options},
        ^^^^^^^^^^^^^^^^^^^^^^^^^^^^^^^^^^^^^^^^^^^^^^^^^^^^^^^^^^^^^^
    )
    ^
  File "C:\Users\Lenovo\OneDrive\Desktop\managment system\venv\Lib\site-packages\sqlalchemy\orm\session.py", line 2351, in execute
    return self._execute_internal(
           ~~~~~~~~~~~~~~~~~~~~~~^
        statement,
        ^^^^^^^^^^
    ...<4 lines>...
        _add_event=_add_event,
        ^^^^^^^^^^^^^^^^^^^^^^
    )
    ^
  File "C:\Users\Lenovo\OneDrive\Desktop\managment system\venv\Lib\site-packages\sqlalchemy\orm\session.py", line 2249, in _execute_internal
    result: Result[Any] = compile_state_cls.orm_execute_statement(
                          ~~~~~~~~~~~~~~~~~~~~~~~~~~~~~~~~~~~~~~~^
        self,
        ^^^^^
    ...<4 lines>...
        conn,
        ^^^^^
    )
    ^
  File "C:\Users\Lenovo\OneDrive\Desktop\managment system\venv\Lib\site-packages\sqlalchemy\orm\context.py", line 306, in orm_execute_statement
    result = conn.execute(
        statement, params or {}, execution_options=execution_options
    )
  File "C:\Users\Lenovo\OneDrive\Desktop\managment system\venv\Lib\site-packages\sqlalchemy\engine\base.py", line 1419, in execute
    return meth(
        self,
        distilled_parameters,
        execution_options or NO_OPTIONS,
    )
  File "C:\Users\Lenovo\OneDrive\Desktop\managment system\venv\Lib\site-packages\sqlalchemy\sql\elements.py", line 527, in _execute_on_connection
    return connection._execute_clauseelement(
           ~~~~~~~~~~~~~~~~~~~~~~~~~~~~~~~~~^
        self, distilled_params, execution_options
        ^^^^^^^^^^^^^^^^^^^^^^^^^^^^^^^^^^^^^^^^^
    )
    ^
  File "C:\Users\Lenovo\OneDrive\Desktop\managment system\venv\Lib\site-packages\sqlalchemy\engine\base.py", line 1641, in _execute_clauseelement
    ret = self._execute_context(
        dialect,
    ...<8 lines>...
        cache_hit=cache_hit,
    )
  File "C:\Users\Lenovo\OneDrive\Desktop\managment system\venv\Lib\site-packages\sqlalchemy\engine\base.py", line 1846, in _execute_context
    return self._exec_single_context(
           ~~~~~~~~~~~~~~~~~~~~~~~~~^
        dialect, context, statement, parameters
        ^^^^^^^^^^^^^^^^^^^^^^^^^^^^^^^^^^^^^^^
    )
    ^
  File "C:\Users\Lenovo\OneDrive\Desktop\managment system\venv\Lib\site-packages\sqlalchemy\engine\base.py", line 1986, in _exec_single_context
    self._handle_dbapi_exception(
    ~~~~~~~~~~~~~~~~~~~~~~~~~~~~^
        e, str_statement, effective_parameters, cursor, context
        ^^^^^^^^^^^^^^^^^^^^^^^^^^^^^^^^^^^^^^^^^^^^^^^^^^^^^^^
    )
    ^
  File "C:\Users\Lenovo\OneDrive\Desktop\managment system\venv\Lib\site-packages\sqlalchemy\engine\base.py", line 2363, in _handle_dbapi_exception
    raise sqlalchemy_exception.with_traceback(exc_info[2]) from e
  File "C:\Users\Lenovo\OneDrive\Desktop\managment system\venv\Lib\site-packages\sqlalchemy\engine\base.py", line 1967, in _exec_single_context
    self.dialect.do_execute(
    ~~~~~~~~~~~~~~~~~~~~~~~^
        cursor, str_statement, effective_parameters, context
        ^^^^^^^^^^^^^^^^^^^^^^^^^^^^^^^^^^^^^^^^^^^^^^^^^^^^
    )
    ^
  File "C:\Users\Lenovo\OneDrive\Desktop\managment system\venv\Lib\site-packages\sqlalchemy\engine\default.py", line 952, in do_execute
    cursor.execute(statement, parameters)
    ~~~~~~~~~~~~~~^^^^^^^^^^^^^^^^^^^^^^^
sqlalchemy.exc.OperationalError: (sqlite3.OperationalError) no such table: students
[SQL: SELECT anon_1.students_student_id AS anon_1_students_student_id, anon_1.students_name AS anon_1_students_name, anon_1.students_total_marks AS anon_1_students_total_marks, anon_1.students_percentage AS anon_1_students_percentage, anon_1.students_grade AS anon_1_students_grade, anon_1.students_version AS anon_1_students_version, subjects_1.id AS subjects_1_id, subjects_1.name AS subjects_1_name, student_marks_1.id AS student_marks_1_id, student_marks_1.student_id AS student_marks_1_student_id, student_marks_1.subject_id AS student_marks_1_subject_id, student_marks_1.marks AS student_marks_1_marks 
FROM (SELECT students.student_id AS students_student_id, students.name AS students_name, students.total_marks AS students_total_marks, students.percentage AS students_percentage, students.grade AS students_grade, students.version AS students_version 
FROM students 
WHERE students.student_id = ?
 LIMIT ? OFFSET ?) AS anon_1 LEFT OUTER JOIN student_marks AS student_marks_1 ON anon_1.students_student_id = student_marks_1.student_id LEFT OUTER JOIN subjects AS subjects_1 ON subjects_1.id = student_marks_1.subject_id]
[parameters: ('SUBJECT-ANALYSIS', 1, 0)]
(Background on this error at: https://sqlalche.me/e/20/e3q8)
2026-05-26 15:44:52,033 - ERROR - (sqlite3.OperationalError) no such table: students
[SQL: SELECT anon_1.students_student_id AS anon_1_students_student_id, anon_1.students_name AS anon_1_students_name, anon_1.students_total_marks AS anon_1_students_total_marks, anon_1.students_percentage AS anon_1_students_percentage, anon_1.students_grade AS anon_1_students_grade, anon_1.students_version AS anon_1_students_version, subjects_1.id AS subjects_1_id, subjects_1.name AS subjects_1_name, student_marks_1.id AS student_marks_1_id, student_marks_1.student_id AS student_marks_1_student_id, student_marks_1.subject_id AS student_marks_1_subject_id, student_marks_1.marks AS student_marks_1_marks 
FROM (SELECT students.student_id AS students_student_id, students.name AS students_name, students.total_marks AS students_total_marks, students.percentage AS students_percentage, students.grade AS students_grade, students.version AS students_version 
FROM students 
WHERE students.student_id = ?
 LIMIT ? OFFSET ?) AS anon_1 LEFT OUTER JOIN student_marks AS student_marks_1 ON anon_1.students_student_id = student_marks_1.student_id LEFT OUTER JOIN subjects AS subjects_1 ON subjects_1.id = student_marks_1.subject_id]
[parameters: ('SUBJECT-ANALYSIS', 1, 0)]
(Background on this error at: https://sqlalche.me/e/20/e3q8)
Traceback (most recent call last):
  File "C:\Users\Lenovo\OneDrive\Desktop\managment system\venv\Lib\site-packages\sqlalchemy\engine\base.py", line 1967, in _exec_single_context
    self.dialect.do_execute(
    ~~~~~~~~~~~~~~~~~~~~~~~^
        cursor, str_statement, effective_parameters, context
        ^^^^^^^^^^^^^^^^^^^^^^^^^^^^^^^^^^^^^^^^^^^^^^^^^^^^
    )
    ^
  File "C:\Users\Lenovo\OneDrive\Desktop\managment system\venv\Lib\site-packages\sqlalchemy\engine\default.py", line 952, in do_execute
    cursor.execute(statement, parameters)
    ~~~~~~~~~~~~~~^^^^^^^^^^^^^^^^^^^^^^^
sqlite3.OperationalError: no such table: students

The above exception was the direct cause of the following exception:

Traceback (most recent call last):
  File "C:\Users\Lenovo\OneDrive\Desktop\managment system\venv\Lib\site-packages\starlette\middleware\errors.py", line 164, in __call__
    await self.app(scope, receive, _send)
  File "C:\Users\Lenovo\OneDrive\Desktop\managment system\venv\Lib\site-packages\starlette\middleware\base.py", line 191, in __call__
    with recv_stream, send_stream, collapse_excgroups():
                                   ~~~~~~~~~~~~~~~~~~^^
  File "C:\Python313\Lib\contextlib.py", line 162, in __exit__
    self.gen.throw(value)
    ~~~~~~~~~~~~~~^^^^^^^
  File "C:\Users\Lenovo\OneDrive\Desktop\managment system\venv\Lib\site-packages\starlette\_utils.py", line 87, in collapse_excgroups
    raise exc
  File "C:\Users\Lenovo\OneDrive\Desktop\managment system\venv\Lib\site-packages\starlette\middleware\base.py", line 193, in __call__
    response = await self.dispatch_func(request, call_next)
               ^^^^^^^^^^^^^^^^^^^^^^^^^^^^^^^^^^^^^^^^^^^^
  File "C:\Users\Lenovo\OneDrive\Desktop\managment system\middleware\rate_limit.py", line 52, in dispatch
    response = await call_next(request)
               ^^^^^^^^^^^^^^^^^^^^^^^^
  File "C:\Users\Lenovo\OneDrive\Desktop\managment system\venv\Lib\site-packages\starlette\middleware\base.py", line 168, in call_next
    raise app_exc from app_exc.__cause__ or app_exc.__context__
  File "C:\Users\Lenovo\OneDrive\Desktop\managment system\venv\Lib\site-packages\starlette\middleware\base.py", line 144, in coro
    await self.app(scope, receive_or_disconnect, send_no_error)
  File "C:\Users\Lenovo\OneDrive\Desktop\managment system\venv\Lib\site-packages\starlette\middleware\base.py", line 191, in __call__
    with recv_stream, send_stream, collapse_excgroups():
                                   ~~~~~~~~~~~~~~~~~~^^
  File "C:\Python313\Lib\contextlib.py", line 162, in __exit__
    self.gen.throw(value)
    ~~~~~~~~~~~~~~^^^^^^^
  File "C:\Users\Lenovo\OneDrive\Desktop\managment system\venv\Lib\site-packages\starlette\_utils.py", line 87, in collapse_excgroups
    raise exc
  File "C:\Users\Lenovo\OneDrive\Desktop\managment system\venv\Lib\site-packages\starlette\middleware\base.py", line 193, in __call__
    response = await self.dispatch_func(request, call_next)
               ^^^^^^^^^^^^^^^^^^^^^^^^^^^^^^^^^^^^^^^^^^^^
  File "C:\Users\Lenovo\OneDrive\Desktop\managment system\middleware\logging_middleware.py", line 24, in dispatch
    response = await call_next(request)
               ^^^^^^^^^^^^^^^^^^^^^^^^
  File "C:\Users\Lenovo\OneDrive\Desktop\managment system\venv\Lib\site-packages\starlette\middleware\base.py", line 168, in call_next
    raise app_exc from app_exc.__cause__ or app_exc.__context__
  File "C:\Users\Lenovo\OneDrive\Desktop\managment system\venv\Lib\site-packages\starlette\middleware\base.py", line 144, in coro
    await self.app(scope, receive_or_disconnect, send_no_error)
  File "C:\Users\Lenovo\OneDrive\Desktop\managment system\venv\Lib\site-packages\starlette\middleware\exceptions.py", line 63, in __call__
    await wrap_app_handling_exceptions(self.app, conn)(scope, receive, send)
  File "C:\Users\Lenovo\OneDrive\Desktop\managment system\venv\Lib\site-packages\starlette\_exception_handler.py", line 53, in wrapped_app
    raise exc
  File "C:\Users\Lenovo\OneDrive\Desktop\managment system\venv\Lib\site-packages\starlette\_exception_handler.py", line 42, in wrapped_app
    await app(scope, receive, sender)
  File "C:\Users\Lenovo\OneDrive\Desktop\managment system\venv\Lib\site-packages\fastapi\middleware\asyncexitstack.py", line 18, in __call__
    await self.app(scope, receive, send)
  File "C:\Users\Lenovo\OneDrive\Desktop\managment system\venv\Lib\site-packages\starlette\routing.py", line 660, in __call__
    await self.middleware_stack(scope, receive, send)
  File "C:\Users\Lenovo\OneDrive\Desktop\managment system\venv\Lib\site-packages\starlette\routing.py", line 680, in app
    await route.handle(scope, receive, send)
  File "C:\Users\Lenovo\OneDrive\Desktop\managment system\venv\Lib\site-packages\starlette\routing.py", line 276, in handle
    await self.app(scope, receive, send)
  File "C:\Users\Lenovo\OneDrive\Desktop\managment system\venv\Lib\site-packages\fastapi\routing.py", line 134, in app
    await wrap_app_handling_exceptions(app, request)(scope, receive, send)
  File "C:\Users\Lenovo\OneDrive\Desktop\managment system\venv\Lib\site-packages\starlette\_exception_handler.py", line 53, in wrapped_app
    raise exc
  File "C:\Users\Lenovo\OneDrive\Desktop\managment system\venv\Lib\site-packages\starlette\_exception_handler.py", line 42, in wrapped_app
    await app(scope, receive, sender)
  File "C:\Users\Lenovo\OneDrive\Desktop\managment system\venv\Lib\site-packages\fastapi\routing.py", line 120, in app
    response = await f(request)
               ^^^^^^^^^^^^^^^^
  File "C:\Users\Lenovo\OneDrive\Desktop\managment system\venv\Lib\site-packages\fastapi\routing.py", line 674, in app
    raw_response = await run_endpoint_function(
                   ^^^^^^^^^^^^^^^^^^^^^^^^^^^^
    ...<3 lines>...
    )
    ^
  File "C:\Users\Lenovo\OneDrive\Desktop\managment system\venv\Lib\site-packages\fastapi\routing.py", line 330, in run_endpoint_function
    return await run_in_threadpool(dependant.call, **values)
           ^^^^^^^^^^^^^^^^^^^^^^^^^^^^^^^^^^^^^^^^^^^^^^^^^
  File "C:\Users\Lenovo\OneDrive\Desktop\managment system\venv\Lib\site-packages\starlette\concurrency.py", line 32, in run_in_threadpool
    return await anyio.to_thread.run_sync(func)
           ^^^^^^^^^^^^^^^^^^^^^^^^^^^^^^^^^^^^
  File "C:\Users\Lenovo\OneDrive\Desktop\managment system\venv\Lib\site-packages\anyio\to_thread.py", line 63, in run_sync
    return await get_async_backend().run_sync_in_worker_thread(
           ^^^^^^^^^^^^^^^^^^^^^^^^^^^^^^^^^^^^^^^^^^^^^^^^^^^^
        func, args, abandon_on_cancel=abandon_on_cancel, limiter=limiter
        ^^^^^^^^^^^^^^^^^^^^^^^^^^^^^^^^^^^^^^^^^^^^^^^^^^^^^^^^^^^^^^^^
    )
    ^
  File "C:\Users\Lenovo\OneDrive\Desktop\managment system\venv\Lib\site-packages\anyio\_backends\_asyncio.py", line 2518, in run_sync_in_worker_thread
    return await future
           ^^^^^^^^^^^^
  File "C:\Users\Lenovo\OneDrive\Desktop\managment system\venv\Lib\site-packages\anyio\_backends\_asyncio.py", line 1002, in run
    result = context.run(func, *args)
  File "C:\Users\Lenovo\OneDrive\Desktop\managment system\app\api.py", line 275, in get_student
    student = service.get_student(student_id)
  File "C:\Users\Lenovo\OneDrive\Desktop\managment system\services\student_service.py", line 211, in get_student
    .first()
     ~~~~~^^
  File "C:\Users\Lenovo\OneDrive\Desktop\managment system\venv\Lib\site-packages\sqlalchemy\orm\query.py", line 2766, in first
    return self.limit(1)._iter().first()  # type: ignore
           ~~~~~~~~~~~~~~~~~~~^^
  File "C:\Users\Lenovo\OneDrive\Desktop\managment system\venv\Lib\site-packages\sqlalchemy\orm\query.py", line 2864, in _iter
    result: Union[ScalarResult[_T], Result[_T]] = self.session.execute(
                                                  ~~~~~~~~~~~~~~~~~~~~^
        statement,
        ^^^^^^^^^^
        params,
        ^^^^^^^
        execution_options={"_sa_orm_load_options": self.load_options},
        ^^^^^^^^^^^^^^^^^^^^^^^^^^^^^^^^^^^^^^^^^^^^^^^^^^^^^^^^^^^^^^
    )
    ^
  File "C:\Users\Lenovo\OneDrive\Desktop\managment system\venv\Lib\site-packages\sqlalchemy\orm\session.py", line 2351, in execute
    return self._execute_internal(
           ~~~~~~~~~~~~~~~~~~~~~~^
        statement,
        ^^^^^^^^^^
    ...<4 lines>...
        _add_event=_add_event,
        ^^^^^^^^^^^^^^^^^^^^^^
    )
    ^
  File "C:\Users\Lenovo\OneDrive\Desktop\managment system\venv\Lib\site-packages\sqlalchemy\orm\session.py", line 2249, in _execute_internal
    result: Result[Any] = compile_state_cls.orm_execute_statement(
                          ~~~~~~~~~~~~~~~~~~~~~~~~~~~~~~~~~~~~~~~^
        self,
        ^^^^^
    ...<4 lines>...
        conn,
        ^^^^^
    )
    ^
  File "C:\Users\Lenovo\OneDrive\Desktop\managment system\venv\Lib\site-packages\sqlalchemy\orm\context.py", line 306, in orm_execute_statement
    result = conn.execute(
        statement, params or {}, execution_options=execution_options
    )
  File "C:\Users\Lenovo\OneDrive\Desktop\managment system\venv\Lib\site-packages\sqlalchemy\engine\base.py", line 1419, in execute
    return meth(
        self,
        distilled_parameters,
        execution_options or NO_OPTIONS,
    )
  File "C:\Users\Lenovo\OneDrive\Desktop\managment system\venv\Lib\site-packages\sqlalchemy\sql\elements.py", line 527, in _execute_on_connection
    return connection._execute_clauseelement(
           ~~~~~~~~~~~~~~~~~~~~~~~~~~~~~~~~~^
        self, distilled_params, execution_options
        ^^^^^^^^^^^^^^^^^^^^^^^^^^^^^^^^^^^^^^^^^
    )
    ^
  File "C:\Users\Lenovo\OneDrive\Desktop\managment system\venv\Lib\site-packages\sqlalchemy\engine\base.py", line 1641, in _execute_clauseelement
    ret = self._execute_context(
        dialect,
    ...<8 lines>...
        cache_hit=cache_hit,
    )
  File "C:\Users\Lenovo\OneDrive\Desktop\managment system\venv\Lib\site-packages\sqlalchemy\engine\base.py", line 1846, in _execute_context
    return self._exec_single_context(
           ~~~~~~~~~~~~~~~~~~~~~~~~~^
        dialect, context, statement, parameters
        ^^^^^^^^^^^^^^^^^^^^^^^^^^^^^^^^^^^^^^^
    )
    ^
  File "C:\Users\Lenovo\OneDrive\Desktop\managment system\venv\Lib\site-packages\sqlalchemy\engine\base.py", line 1986, in _exec_single_context
    self._handle_dbapi_exception(
    ~~~~~~~~~~~~~~~~~~~~~~~~~~~~^
        e, str_statement, effective_parameters, cursor, context
        ^^^^^^^^^^^^^^^^^^^^^^^^^^^^^^^^^^^^^^^^^^^^^^^^^^^^^^^
    )
    ^
  File "C:\Users\Lenovo\OneDrive\Desktop\managment system\venv\Lib\site-packages\sqlalchemy\engine\base.py", line 2363, in _handle_dbapi_exception
    raise sqlalchemy_exception.with_traceback(exc_info[2]) from e
  File "C:\Users\Lenovo\OneDrive\Desktop\managment system\venv\Lib\site-packages\sqlalchemy\engine\base.py", line 1967, in _exec_single_context
    self.dialect.do_execute(
    ~~~~~~~~~~~~~~~~~~~~~~~^
        cursor, str_statement, effective_parameters, context
        ^^^^^^^^^^^^^^^^^^^^^^^^^^^^^^^^^^^^^^^^^^^^^^^^^^^^
    )
    ^
  File "C:\Users\Lenovo\OneDrive\Desktop\managment system\venv\Lib\site-packages\sqlalchemy\engine\default.py", line 952, in do_execute
    cursor.execute(statement, parameters)
    ~~~~~~~~~~~~~~^^^^^^^^^^^^^^^^^^^^^^^
sqlalchemy.exc.OperationalError: (sqlite3.OperationalError) no such table: students
[SQL: SELECT anon_1.students_student_id AS anon_1_students_student_id, anon_1.students_name AS anon_1_students_name, anon_1.students_total_marks AS anon_1_students_total_marks, anon_1.students_percentage AS anon_1_students_percentage, anon_1.students_grade AS anon_1_students_grade, anon_1.students_version AS anon_1_students_version, subjects_1.id AS subjects_1_id, subjects_1.name AS subjects_1_name, student_marks_1.id AS student_marks_1_id, student_marks_1.student_id AS student_marks_1_student_id, student_marks_1.subject_id AS student_marks_1_subject_id, student_marks_1.marks AS student_marks_1_marks 
FROM (SELECT students.student_id AS students_student_id, students.name AS students_name, students.total_marks AS students_total_marks, students.percentage AS students_percentage, students.grade AS students_grade, students.version AS students_version 
FROM students 
WHERE students.student_id = ?
 LIMIT ? OFFSET ?) AS anon_1 LEFT OUTER JOIN student_marks AS student_marks_1 ON anon_1.students_student_id = student_marks_1.student_id LEFT OUTER JOIN subjects AS subjects_1 ON subjects_1.id = student_marks_1.subject_id]
[parameters: ('SUBJECT-ANALYSIS', 1, 0)]
(Background on this error at: https://sqlalche.me/e/20/e3q8)
2026-05-26 15:45:02,532 - INFO - Request Started | Method=GET Path=/students/dashboard
2026-05-26 15:45:02,538 - ERROR - Request Failed | Method=GET Path=/students/dashboard Time=0.0057s Error=(sqlite3.OperationalError) no such table: students
[SQL: SELECT anon_1.students_student_id AS anon_1_students_student_id, anon_1.students_name AS anon_1_students_name, anon_1.students_total_marks AS anon_1_students_total_marks, anon_1.students_percentage AS anon_1_students_percentage, anon_1.students_grade AS anon_1_students_grade, anon_1.students_version AS anon_1_students_version, subjects_1.id AS subjects_1_id, subjects_1.name AS subjects_1_name, student_marks_1.id AS student_marks_1_id, student_marks_1.student_id AS student_marks_1_student_id, student_marks_1.subject_id AS student_marks_1_subject_id, student_marks_1.marks AS student_marks_1_marks 
FROM (SELECT students.student_id AS students_student_id, students.name AS students_name, students.total_marks AS students_total_marks, students.percentage AS students_percentage, students.grade AS students_grade, students.version AS students_version 
FROM students 
WHERE students.student_id = ?
 LIMIT ? OFFSET ?) AS anon_1 LEFT OUTER JOIN student_marks AS student_marks_1 ON anon_1.students_student_id = student_marks_1.student_id LEFT OUTER JOIN subjects AS subjects_1 ON subjects_1.id = student_marks_1.subject_id]
[parameters: ('DASHBOARD', 1, 0)]
(Background on this error at: https://sqlalche.me/e/20/e3q8)
Traceback (most recent call last):
  File "C:\Users\Lenovo\OneDrive\Desktop\managment system\venv\Lib\site-packages\sqlalchemy\engine\base.py", line 1967, in _exec_single_context
    self.dialect.do_execute(
    ~~~~~~~~~~~~~~~~~~~~~~~^
        cursor, str_statement, effective_parameters, context
        ^^^^^^^^^^^^^^^^^^^^^^^^^^^^^^^^^^^^^^^^^^^^^^^^^^^^
    )
    ^
  File "C:\Users\Lenovo\OneDrive\Desktop\managment system\venv\Lib\site-packages\sqlalchemy\engine\default.py", line 952, in do_execute
    cursor.execute(statement, parameters)
    ~~~~~~~~~~~~~~^^^^^^^^^^^^^^^^^^^^^^^
sqlite3.OperationalError: no such table: students

The above exception was the direct cause of the following exception:

Traceback (most recent call last):
  File "C:\Users\Lenovo\OneDrive\Desktop\managment system\middleware\logging_middleware.py", line 24, in dispatch
    response = await call_next(request)
               ^^^^^^^^^^^^^^^^^^^^^^^^
  File "C:\Users\Lenovo\OneDrive\Desktop\managment system\venv\Lib\site-packages\starlette\middleware\base.py", line 168, in call_next
    raise app_exc from app_exc.__cause__ or app_exc.__context__
  File "C:\Users\Lenovo\OneDrive\Desktop\managment system\venv\Lib\site-packages\starlette\middleware\base.py", line 144, in coro
    await self.app(scope, receive_or_disconnect, send_no_error)
  File "C:\Users\Lenovo\OneDrive\Desktop\managment system\venv\Lib\site-packages\starlette\middleware\exceptions.py", line 63, in __call__
    await wrap_app_handling_exceptions(self.app, conn)(scope, receive, send)
  File "C:\Users\Lenovo\OneDrive\Desktop\managment system\venv\Lib\site-packages\starlette\_exception_handler.py", line 53, in wrapped_app
    raise exc
  File "C:\Users\Lenovo\OneDrive\Desktop\managment system\venv\Lib\site-packages\starlette\_exception_handler.py", line 42, in wrapped_app
    await app(scope, receive, sender)
  File "C:\Users\Lenovo\OneDrive\Desktop\managment system\venv\Lib\site-packages\fastapi\middleware\asyncexitstack.py", line 18, in __call__
    await self.app(scope, receive, send)
  File "C:\Users\Lenovo\OneDrive\Desktop\managment system\venv\Lib\site-packages\starlette\routing.py", line 660, in __call__
    await self.middleware_stack(scope, receive, send)
  File "C:\Users\Lenovo\OneDrive\Desktop\managment system\venv\Lib\site-packages\starlette\routing.py", line 680, in app
    await route.handle(scope, receive, send)
  File "C:\Users\Lenovo\OneDrive\Desktop\managment system\venv\Lib\site-packages\starlette\routing.py", line 276, in handle
    await self.app(scope, receive, send)
  File "C:\Users\Lenovo\OneDrive\Desktop\managment system\venv\Lib\site-packages\fastapi\routing.py", line 134, in app
    await wrap_app_handling_exceptions(app, request)(scope, receive, send)
  File "C:\Users\Lenovo\OneDrive\Desktop\managment system\venv\Lib\site-packages\starlette\_exception_handler.py", line 53, in wrapped_app
    raise exc
  File "C:\Users\Lenovo\OneDrive\Desktop\managment system\venv\Lib\site-packages\starlette\_exception_handler.py", line 42, in wrapped_app
    await app(scope, receive, sender)
  File "C:\Users\Lenovo\OneDrive\Desktop\managment system\venv\Lib\site-packages\fastapi\routing.py", line 120, in app
    response = await f(request)
               ^^^^^^^^^^^^^^^^
  File "C:\Users\Lenovo\OneDrive\Desktop\managment system\venv\Lib\site-packages\fastapi\routing.py", line 674, in app
    raw_response = await run_endpoint_function(
                   ^^^^^^^^^^^^^^^^^^^^^^^^^^^^
    ...<3 lines>...
    )
    ^
  File "C:\Users\Lenovo\OneDrive\Desktop\managment system\venv\Lib\site-packages\fastapi\routing.py", line 330, in run_endpoint_function
    return await run_in_threadpool(dependant.call, **values)
           ^^^^^^^^^^^^^^^^^^^^^^^^^^^^^^^^^^^^^^^^^^^^^^^^^
  File "C:\Users\Lenovo\OneDrive\Desktop\managment system\venv\Lib\site-packages\starlette\concurrency.py", line 32, in run_in_threadpool
    return await anyio.to_thread.run_sync(func)
           ^^^^^^^^^^^^^^^^^^^^^^^^^^^^^^^^^^^^
  File "C:\Users\Lenovo\OneDrive\Desktop\managment system\venv\Lib\site-packages\anyio\to_thread.py", line 63, in run_sync
    return await get_async_backend().run_sync_in_worker_thread(
           ^^^^^^^^^^^^^^^^^^^^^^^^^^^^^^^^^^^^^^^^^^^^^^^^^^^^
        func, args, abandon_on_cancel=abandon_on_cancel, limiter=limiter
        ^^^^^^^^^^^^^^^^^^^^^^^^^^^^^^^^^^^^^^^^^^^^^^^^^^^^^^^^^^^^^^^^
    )
    ^
  File "C:\Users\Lenovo\OneDrive\Desktop\managment system\venv\Lib\site-packages\anyio\_backends\_asyncio.py", line 2518, in run_sync_in_worker_thread
    return await future
           ^^^^^^^^^^^^
  File "C:\Users\Lenovo\OneDrive\Desktop\managment system\venv\Lib\site-packages\anyio\_backends\_asyncio.py", line 1002, in run
    result = context.run(func, *args)
  File "C:\Users\Lenovo\OneDrive\Desktop\managment system\app\api.py", line 275, in get_student
    student = service.get_student(student_id)
  File "C:\Users\Lenovo\OneDrive\Desktop\managment system\services\student_service.py", line 211, in get_student
    .first()
     ~~~~~^^
  File "C:\Users\Lenovo\OneDrive\Desktop\managment system\venv\Lib\site-packages\sqlalchemy\orm\query.py", line 2766, in first
    return self.limit(1)._iter().first()  # type: ignore
           ~~~~~~~~~~~~~~~~~~~^^
  File "C:\Users\Lenovo\OneDrive\Desktop\managment system\venv\Lib\site-packages\sqlalchemy\orm\query.py", line 2864, in _iter
    result: Union[ScalarResult[_T], Result[_T]] = self.session.execute(
                                                  ~~~~~~~~~~~~~~~~~~~~^
        statement,
        ^^^^^^^^^^
        params,
        ^^^^^^^
        execution_options={"_sa_orm_load_options": self.load_options},
        ^^^^^^^^^^^^^^^^^^^^^^^^^^^^^^^^^^^^^^^^^^^^^^^^^^^^^^^^^^^^^^
    )
    ^
  File "C:\Users\Lenovo\OneDrive\Desktop\managment system\venv\Lib\site-packages\sqlalchemy\orm\session.py", line 2351, in execute
    return self._execute_internal(
           ~~~~~~~~~~~~~~~~~~~~~~^
        statement,
        ^^^^^^^^^^
    ...<4 lines>...
        _add_event=_add_event,
        ^^^^^^^^^^^^^^^^^^^^^^
    )
    ^
  File "C:\Users\Lenovo\OneDrive\Desktop\managment system\venv\Lib\site-packages\sqlalchemy\orm\session.py", line 2249, in _execute_internal
    result: Result[Any] = compile_state_cls.orm_execute_statement(
                          ~~~~~~~~~~~~~~~~~~~~~~~~~~~~~~~~~~~~~~~^
        self,
        ^^^^^
    ...<4 lines>...
        conn,
        ^^^^^
    )
    ^
  File "C:\Users\Lenovo\OneDrive\Desktop\managment system\venv\Lib\site-packages\sqlalchemy\orm\context.py", line 306, in orm_execute_statement
    result = conn.execute(
        statement, params or {}, execution_options=execution_options
    )
  File "C:\Users\Lenovo\OneDrive\Desktop\managment system\venv\Lib\site-packages\sqlalchemy\engine\base.py", line 1419, in execute
    return meth(
        self,
        distilled_parameters,
        execution_options or NO_OPTIONS,
    )
  File "C:\Users\Lenovo\OneDrive\Desktop\managment system\venv\Lib\site-packages\sqlalchemy\sql\elements.py", line 527, in _execute_on_connection
    return connection._execute_clauseelement(
           ~~~~~~~~~~~~~~~~~~~~~~~~~~~~~~~~~^
        self, distilled_params, execution_options
        ^^^^^^^^^^^^^^^^^^^^^^^^^^^^^^^^^^^^^^^^^
    )
    ^
  File "C:\Users\Lenovo\OneDrive\Desktop\managment system\venv\Lib\site-packages\sqlalchemy\engine\base.py", line 1641, in _execute_clauseelement
    ret = self._execute_context(
        dialect,
    ...<8 lines>...
        cache_hit=cache_hit,
    )
  File "C:\Users\Lenovo\OneDrive\Desktop\managment system\venv\Lib\site-packages\sqlalchemy\engine\base.py", line 1846, in _execute_context
    return self._exec_single_context(
           ~~~~~~~~~~~~~~~~~~~~~~~~~^
        dialect, context, statement, parameters
        ^^^^^^^^^^^^^^^^^^^^^^^^^^^^^^^^^^^^^^^
    )
    ^
  File "C:\Users\Lenovo\OneDrive\Desktop\managment system\venv\Lib\site-packages\sqlalchemy\engine\base.py", line 1986, in _exec_single_context
    self._handle_dbapi_exception(
    ~~~~~~~~~~~~~~~~~~~~~~~~~~~~^
        e, str_statement, effective_parameters, cursor, context
        ^^^^^^^^^^^^^^^^^^^^^^^^^^^^^^^^^^^^^^^^^^^^^^^^^^^^^^^
    )
    ^
  File "C:\Users\Lenovo\OneDrive\Desktop\managment system\venv\Lib\site-packages\sqlalchemy\engine\base.py", line 2363, in _handle_dbapi_exception
    raise sqlalchemy_exception.with_traceback(exc_info[2]) from e
  File "C:\Users\Lenovo\OneDrive\Desktop\managment system\venv\Lib\site-packages\sqlalchemy\engine\base.py", line 1967, in _exec_single_context
    self.dialect.do_execute(
    ~~~~~~~~~~~~~~~~~~~~~~~^
        cursor, str_statement, effective_parameters, context
        ^^^^^^^^^^^^^^^^^^^^^^^^^^^^^^^^^^^^^^^^^^^^^^^^^^^^
    )
    ^
  File "C:\Users\Lenovo\OneDrive\Desktop\managment system\venv\Lib\site-packages\sqlalchemy\engine\default.py", line 952, in do_execute
    cursor.execute(statement, parameters)
    ~~~~~~~~~~~~~~^^^^^^^^^^^^^^^^^^^^^^^
sqlalchemy.exc.OperationalError: (sqlite3.OperationalError) no such table: students
[SQL: SELECT anon_1.students_student_id AS anon_1_students_student_id, anon_1.students_name AS anon_1_students_name, anon_1.students_total_marks AS anon_1_students_total_marks, anon_1.students_percentage AS anon_1_students_percentage, anon_1.students_grade AS anon_1_students_grade, anon_1.students_version AS anon_1_students_version, subjects_1.id AS subjects_1_id, subjects_1.name AS subjects_1_name, student_marks_1.id AS student_marks_1_id, student_marks_1.student_id AS student_marks_1_student_id, student_marks_1.subject_id AS student_marks_1_subject_id, student_marks_1.marks AS student_marks_1_marks 
FROM (SELECT students.student_id AS students_student_id, students.name AS students_name, students.total_marks AS students_total_marks, students.percentage AS students_percentage, students.grade AS students_grade, students.version AS students_version 
FROM students 
WHERE students.student_id = ?
 LIMIT ? OFFSET ?) AS anon_1 LEFT OUTER JOIN student_marks AS student_marks_1 ON anon_1.students_student_id = student_marks_1.student_id LEFT OUTER JOIN subjects AS subjects_1 ON subjects_1.id = student_marks_1.subject_id]
[parameters: ('DASHBOARD', 1, 0)]
(Background on this error at: https://sqlalche.me/e/20/e3q8)
2026-05-26 15:45:02,544 - ERROR - (sqlite3.OperationalError) no such table: students
[SQL: SELECT anon_1.students_student_id AS anon_1_students_student_id, anon_1.students_name AS anon_1_students_name, anon_1.students_total_marks AS anon_1_students_total_marks, anon_1.students_percentage AS anon_1_students_percentage, anon_1.students_grade AS anon_1_students_grade, anon_1.students_version AS anon_1_students_version, subjects_1.id AS subjects_1_id, subjects_1.name AS subjects_1_name, student_marks_1.id AS student_marks_1_id, student_marks_1.student_id AS student_marks_1_student_id, student_marks_1.subject_id AS student_marks_1_subject_id, student_marks_1.marks AS student_marks_1_marks 
FROM (SELECT students.student_id AS students_student_id, students.name AS students_name, students.total_marks AS students_total_marks, students.percentage AS students_percentage, students.grade AS students_grade, students.version AS students_version 
FROM students 
WHERE students.student_id = ?
 LIMIT ? OFFSET ?) AS anon_1 LEFT OUTER JOIN student_marks AS student_marks_1 ON anon_1.students_student_id = student_marks_1.student_id LEFT OUTER JOIN subjects AS subjects_1 ON subjects_1.id = student_marks_1.subject_id]
[parameters: ('DASHBOARD', 1, 0)]
(Background on this error at: https://sqlalche.me/e/20/e3q8)
Traceback (most recent call last):
  File "C:\Users\Lenovo\OneDrive\Desktop\managment system\venv\Lib\site-packages\sqlalchemy\engine\base.py", line 1967, in _exec_single_context
    self.dialect.do_execute(
    ~~~~~~~~~~~~~~~~~~~~~~~^
        cursor, str_statement, effective_parameters, context
        ^^^^^^^^^^^^^^^^^^^^^^^^^^^^^^^^^^^^^^^^^^^^^^^^^^^^
    )
    ^
  File "C:\Users\Lenovo\OneDrive\Desktop\managment system\venv\Lib\site-packages\sqlalchemy\engine\default.py", line 952, in do_execute
    cursor.execute(statement, parameters)
    ~~~~~~~~~~~~~~^^^^^^^^^^^^^^^^^^^^^^^
sqlite3.OperationalError: no such table: students

The above exception was the direct cause of the following exception:

Traceback (most recent call last):
  File "C:\Users\Lenovo\OneDrive\Desktop\managment system\venv\Lib\site-packages\starlette\middleware\errors.py", line 164, in __call__
    await self.app(scope, receive, _send)
  File "C:\Users\Lenovo\OneDrive\Desktop\managment system\venv\Lib\site-packages\starlette\middleware\base.py", line 191, in __call__
    with recv_stream, send_stream, collapse_excgroups():
                                   ~~~~~~~~~~~~~~~~~~^^
  File "C:\Python313\Lib\contextlib.py", line 162, in __exit__
    self.gen.throw(value)
    ~~~~~~~~~~~~~~^^^^^^^
  File "C:\Users\Lenovo\OneDrive\Desktop\managment system\venv\Lib\site-packages\starlette\_utils.py", line 87, in collapse_excgroups
    raise exc
  File "C:\Users\Lenovo\OneDrive\Desktop\managment system\venv\Lib\site-packages\starlette\middleware\base.py", line 193, in __call__
    response = await self.dispatch_func(request, call_next)
               ^^^^^^^^^^^^^^^^^^^^^^^^^^^^^^^^^^^^^^^^^^^^
  File "C:\Users\Lenovo\OneDrive\Desktop\managment system\middleware\rate_limit.py", line 52, in dispatch
    response = await call_next(request)
               ^^^^^^^^^^^^^^^^^^^^^^^^
  File "C:\Users\Lenovo\OneDrive\Desktop\managment system\venv\Lib\site-packages\starlette\middleware\base.py", line 168, in call_next
    raise app_exc from app_exc.__cause__ or app_exc.__context__
  File "C:\Users\Lenovo\OneDrive\Desktop\managment system\venv\Lib\site-packages\starlette\middleware\base.py", line 144, in coro
    await self.app(scope, receive_or_disconnect, send_no_error)
  File "C:\Users\Lenovo\OneDrive\Desktop\managment system\venv\Lib\site-packages\starlette\middleware\base.py", line 191, in __call__
    with recv_stream, send_stream, collapse_excgroups():
                                   ~~~~~~~~~~~~~~~~~~^^
  File "C:\Python313\Lib\contextlib.py", line 162, in __exit__
    self.gen.throw(value)
    ~~~~~~~~~~~~~~^^^^^^^
  File "C:\Users\Lenovo\OneDrive\Desktop\managment system\venv\Lib\site-packages\starlette\_utils.py", line 87, in collapse_excgroups
    raise exc
  File "C:\Users\Lenovo\OneDrive\Desktop\managment system\venv\Lib\site-packages\starlette\middleware\base.py", line 193, in __call__
    response = await self.dispatch_func(request, call_next)
               ^^^^^^^^^^^^^^^^^^^^^^^^^^^^^^^^^^^^^^^^^^^^
  File "C:\Users\Lenovo\OneDrive\Desktop\managment system\middleware\logging_middleware.py", line 24, in dispatch
    response = await call_next(request)
               ^^^^^^^^^^^^^^^^^^^^^^^^
  File "C:\Users\Lenovo\OneDrive\Desktop\managment system\venv\Lib\site-packages\starlette\middleware\base.py", line 168, in call_next
    raise app_exc from app_exc.__cause__ or app_exc.__context__
  File "C:\Users\Lenovo\OneDrive\Desktop\managment system\venv\Lib\site-packages\starlette\middleware\base.py", line 144, in coro
    await self.app(scope, receive_or_disconnect, send_no_error)
  File "C:\Users\Lenovo\OneDrive\Desktop\managment system\venv\Lib\site-packages\starlette\middleware\exceptions.py", line 63, in __call__
    await wrap_app_handling_exceptions(self.app, conn)(scope, receive, send)
  File "C:\Users\Lenovo\OneDrive\Desktop\managment system\venv\Lib\site-packages\starlette\_exception_handler.py", line 53, in wrapped_app
    raise exc
  File "C:\Users\Lenovo\OneDrive\Desktop\managment system\venv\Lib\site-packages\starlette\_exception_handler.py", line 42, in wrapped_app
    await app(scope, receive, sender)
  File "C:\Users\Lenovo\OneDrive\Desktop\managment system\venv\Lib\site-packages\fastapi\middleware\asyncexitstack.py", line 18, in __call__
    await self.app(scope, receive, send)
  File "C:\Users\Lenovo\OneDrive\Desktop\managment system\venv\Lib\site-packages\starlette\routing.py", line 660, in __call__
    await self.middleware_stack(scope, receive, send)
  File "C:\Users\Lenovo\OneDrive\Desktop\managment system\venv\Lib\site-packages\starlette\routing.py", line 680, in app
    await route.handle(scope, receive, send)
  File "C:\Users\Lenovo\OneDrive\Desktop\managment system\venv\Lib\site-packages\starlette\routing.py", line 276, in handle
    await self.app(scope, receive, send)
  File "C:\Users\Lenovo\OneDrive\Desktop\managment system\venv\Lib\site-packages\fastapi\routing.py", line 134, in app
    await wrap_app_handling_exceptions(app, request)(scope, receive, send)
  File "C:\Users\Lenovo\OneDrive\Desktop\managment system\venv\Lib\site-packages\starlette\_exception_handler.py", line 53, in wrapped_app
    raise exc
  File "C:\Users\Lenovo\OneDrive\Desktop\managment system\venv\Lib\site-packages\starlette\_exception_handler.py", line 42, in wrapped_app
    await app(scope, receive, sender)
  File "C:\Users\Lenovo\OneDrive\Desktop\managment system\venv\Lib\site-packages\fastapi\routing.py", line 120, in app
    response = await f(request)
               ^^^^^^^^^^^^^^^^
  File "C:\Users\Lenovo\OneDrive\Desktop\managment system\venv\Lib\site-packages\fastapi\routing.py", line 674, in app
    raw_response = await run_endpoint_function(
                   ^^^^^^^^^^^^^^^^^^^^^^^^^^^^
    ...<3 lines>...
    )
    ^
  File "C:\Users\Lenovo\OneDrive\Desktop\managment system\venv\Lib\site-packages\fastapi\routing.py", line 330, in run_endpoint_function
    return await run_in_threadpool(dependant.call, **values)
           ^^^^^^^^^^^^^^^^^^^^^^^^^^^^^^^^^^^^^^^^^^^^^^^^^
  File "C:\Users\Lenovo\OneDrive\Desktop\managment system\venv\Lib\site-packages\starlette\concurrency.py", line 32, in run_in_threadpool
    return await anyio.to_thread.run_sync(func)
           ^^^^^^^^^^^^^^^^^^^^^^^^^^^^^^^^^^^^
  File "C:\Users\Lenovo\OneDrive\Desktop\managment system\venv\Lib\site-packages\anyio\to_thread.py", line 63, in run_sync
    return await get_async_backend().run_sync_in_worker_thread(
           ^^^^^^^^^^^^^^^^^^^^^^^^^^^^^^^^^^^^^^^^^^^^^^^^^^^^
        func, args, abandon_on_cancel=abandon_on_cancel, limiter=limiter
        ^^^^^^^^^^^^^^^^^^^^^^^^^^^^^^^^^^^^^^^^^^^^^^^^^^^^^^^^^^^^^^^^
    )
    ^
  File "C:\Users\Lenovo\OneDrive\Desktop\managment system\venv\Lib\site-packages\anyio\_backends\_asyncio.py", line 2518, in run_sync_in_worker_thread
    return await future
           ^^^^^^^^^^^^
  File "C:\Users\Lenovo\OneDrive\Desktop\managment system\venv\Lib\site-packages\anyio\_backends\_asyncio.py", line 1002, in run
    result = context.run(func, *args)
  File "C:\Users\Lenovo\OneDrive\Desktop\managment system\app\api.py", line 275, in get_student
    student = service.get_student(student_id)
  File "C:\Users\Lenovo\OneDrive\Desktop\managment system\services\student_service.py", line 211, in get_student
    .first()
     ~~~~~^^
  File "C:\Users\Lenovo\OneDrive\Desktop\managment system\venv\Lib\site-packages\sqlalchemy\orm\query.py", line 2766, in first
    return self.limit(1)._iter().first()  # type: ignore
           ~~~~~~~~~~~~~~~~~~~^^
  File "C:\Users\Lenovo\OneDrive\Desktop\managment system\venv\Lib\site-packages\sqlalchemy\orm\query.py", line 2864, in _iter
    result: Union[ScalarResult[_T], Result[_T]] = self.session.execute(
                                                  ~~~~~~~~~~~~~~~~~~~~^
        statement,
        ^^^^^^^^^^
        params,
        ^^^^^^^
        execution_options={"_sa_orm_load_options": self.load_options},
        ^^^^^^^^^^^^^^^^^^^^^^^^^^^^^^^^^^^^^^^^^^^^^^^^^^^^^^^^^^^^^^
    )
    ^
  File "C:\Users\Lenovo\OneDrive\Desktop\managment system\venv\Lib\site-packages\sqlalchemy\orm\session.py", line 2351, in execute
    return self._execute_internal(
           ~~~~~~~~~~~~~~~~~~~~~~^
        statement,
        ^^^^^^^^^^
    ...<4 lines>...
        _add_event=_add_event,
        ^^^^^^^^^^^^^^^^^^^^^^
    )
    ^
  File "C:\Users\Lenovo\OneDrive\Desktop\managment system\venv\Lib\site-packages\sqlalchemy\orm\session.py", line 2249, in _execute_internal
    result: Result[Any] = compile_state_cls.orm_execute_statement(
                          ~~~~~~~~~~~~~~~~~~~~~~~~~~~~~~~~~~~~~~~^
        self,
        ^^^^^
    ...<4 lines>...
        conn,
        ^^^^^
    )
    ^
  File "C:\Users\Lenovo\OneDrive\Desktop\managment system\venv\Lib\site-packages\sqlalchemy\orm\context.py", line 306, in orm_execute_statement
    result = conn.execute(
        statement, params or {}, execution_options=execution_options
    )
  File "C:\Users\Lenovo\OneDrive\Desktop\managment system\venv\Lib\site-packages\sqlalchemy\engine\base.py", line 1419, in execute
    return meth(
        self,
        distilled_parameters,
        execution_options or NO_OPTIONS,
    )
  File "C:\Users\Lenovo\OneDrive\Desktop\managment system\venv\Lib\site-packages\sqlalchemy\sql\elements.py", line 527, in _execute_on_connection
    return connection._execute_clauseelement(
           ~~~~~~~~~~~~~~~~~~~~~~~~~~~~~~~~~^
        self, distilled_params, execution_options
        ^^^^^^^^^^^^^^^^^^^^^^^^^^^^^^^^^^^^^^^^^
    )
    ^
  File "C:\Users\Lenovo\OneDrive\Desktop\managment system\venv\Lib\site-packages\sqlalchemy\engine\base.py", line 1641, in _execute_clauseelement
    ret = self._execute_context(
        dialect,
    ...<8 lines>...
        cache_hit=cache_hit,
    )
  File "C:\Users\Lenovo\OneDrive\Desktop\managment system\venv\Lib\site-packages\sqlalchemy\engine\base.py", line 1846, in _execute_context
    return self._exec_single_context(
           ~~~~~~~~~~~~~~~~~~~~~~~~~^
        dialect, context, statement, parameters
        ^^^^^^^^^^^^^^^^^^^^^^^^^^^^^^^^^^^^^^^
    )
    ^
  File "C:\Users\Lenovo\OneDrive\Desktop\managment system\venv\Lib\site-packages\sqlalchemy\engine\base.py", line 1986, in _exec_single_context
    self._handle_dbapi_exception(
    ~~~~~~~~~~~~~~~~~~~~~~~~~~~~^
        e, str_statement, effective_parameters, cursor, context
        ^^^^^^^^^^^^^^^^^^^^^^^^^^^^^^^^^^^^^^^^^^^^^^^^^^^^^^^
    )
    ^
  File "C:\Users\Lenovo\OneDrive\Desktop\managment system\venv\Lib\site-packages\sqlalchemy\engine\base.py", line 2363, in _handle_dbapi_exception
    raise sqlalchemy_exception.with_traceback(exc_info[2]) from e
  File "C:\Users\Lenovo\OneDrive\Desktop\managment system\venv\Lib\site-packages\sqlalchemy\engine\base.py", line 1967, in _exec_single_context
    self.dialect.do_execute(
    ~~~~~~~~~~~~~~~~~~~~~~~^
        cursor, str_statement, effective_parameters, context
        ^^^^^^^^^^^^^^^^^^^^^^^^^^^^^^^^^^^^^^^^^^^^^^^^^^^^
    )
    ^
  File "C:\Users\Lenovo\OneDrive\Desktop\managment system\venv\Lib\site-packages\sqlalchemy\engine\default.py", line 952, in do_execute
    cursor.execute(statement, parameters)
    ~~~~~~~~~~~~~~^^^^^^^^^^^^^^^^^^^^^^^
sqlalchemy.exc.OperationalError: (sqlite3.OperationalError) no such table: students
[SQL: SELECT anon_1.students_student_id AS anon_1_students_student_id, anon_1.students_name AS anon_1_students_name, anon_1.students_total_marks AS anon_1_students_total_marks, anon_1.students_percentage AS anon_1_students_percentage, anon_1.students_grade AS anon_1_students_grade, anon_1.students_version AS anon_1_students_version, subjects_1.id AS subjects_1_id, subjects_1.name AS subjects_1_name, student_marks_1.id AS student_marks_1_id, student_marks_1.student_id AS student_marks_1_student_id, student_marks_1.subject_id AS student_marks_1_subject_id, student_marks_1.marks AS student_marks_1_marks 
FROM (SELECT students.student_id AS students_student_id, students.name AS students_name, students.total_marks AS students_total_marks, students.percentage AS students_percentage, students.grade AS students_grade, students.version AS students_version 
FROM students 
WHERE students.student_id = ?
 LIMIT ? OFFSET ?) AS anon_1 LEFT OUTER JOIN student_marks AS student_marks_1 ON anon_1.students_student_id = student_marks_1.student_id LEFT OUTER JOIN subjects AS subjects_1 ON subjects_1.id = student_marks_1.subject_id]
[parameters: ('DASHBOARD', 1, 0)]
(Background on this error at: https://sqlalche.me/e/20/e3q8)
2026-05-26 15:47:46,699 - INFO - Request Started | Method=GET Path=/docs
2026-05-26 15:47:46,701 - INFO - Request Completed | Method=GET Path=/docs Status=200 Time=0.0020s
2026-05-26 15:47:46,840 - INFO - Request Started | Method=GET Path=/openapi.json
2026-05-26 15:47:46,861 - INFO - Request Completed | Method=GET Path=/openapi.json Status=200 Time=0.0216s
2026-05-26 15:47:53,790 - INFO - Request Started | Method=GET Path=/students/dashboard
2026-05-26 15:47:53,821 - ERROR - Request Failed | Method=GET Path=/students/dashboard Time=0.0310s Error=(sqlite3.OperationalError) no such table: students
[SQL: SELECT anon_1.students_student_id AS anon_1_students_student_id, anon_1.students_name AS anon_1_students_name, anon_1.students_total_marks AS anon_1_students_total_marks, anon_1.students_percentage AS anon_1_students_percentage, anon_1.students_grade AS anon_1_students_grade, anon_1.students_version AS anon_1_students_version, subjects_1.id AS subjects_1_id, subjects_1.name AS subjects_1_name, student_marks_1.id AS student_marks_1_id, student_marks_1.student_id AS student_marks_1_student_id, student_marks_1.subject_id AS student_marks_1_subject_id, student_marks_1.marks AS student_marks_1_marks 
FROM (SELECT students.student_id AS students_student_id, students.name AS students_name, students.total_marks AS students_total_marks, students.percentage AS students_percentage, students.grade AS students_grade, students.version AS students_version 
FROM students 
WHERE students.student_id = ?
 LIMIT ? OFFSET ?) AS anon_1 LEFT OUTER JOIN student_marks AS student_marks_1 ON anon_1.students_student_id = student_marks_1.student_id LEFT OUTER JOIN subjects AS subjects_1 ON subjects_1.id = student_marks_1.subject_id]
[parameters: ('DASHBOARD', 1, 0)]
(Background on this error at: https://sqlalche.me/e/20/e3q8)
Traceback (most recent call last):
  File "C:\Users\Lenovo\OneDrive\Desktop\managment system\venv\Lib\site-packages\sqlalchemy\engine\base.py", line 1967, in _exec_single_context
    self.dialect.do_execute(
    ~~~~~~~~~~~~~~~~~~~~~~~^
        cursor, str_statement, effective_parameters, context
        ^^^^^^^^^^^^^^^^^^^^^^^^^^^^^^^^^^^^^^^^^^^^^^^^^^^^
    )
    ^
  File "C:\Users\Lenovo\OneDrive\Desktop\managment system\venv\Lib\site-packages\sqlalchemy\engine\default.py", line 952, in do_execute
    cursor.execute(statement, parameters)
    ~~~~~~~~~~~~~~^^^^^^^^^^^^^^^^^^^^^^^
sqlite3.OperationalError: no such table: students

The above exception was the direct cause of the following exception:

Traceback (most recent call last):
  File "C:\Users\Lenovo\OneDrive\Desktop\managment system\middleware\logging_middleware.py", line 24, in dispatch
    response = await call_next(request)
               ^^^^^^^^^^^^^^^^^^^^^^^^
  File "C:\Users\Lenovo\OneDrive\Desktop\managment system\venv\Lib\site-packages\starlette\middleware\base.py", line 168, in call_next
    raise app_exc from app_exc.__cause__ or app_exc.__context__
  File "C:\Users\Lenovo\OneDrive\Desktop\managment system\venv\Lib\site-packages\starlette\middleware\base.py", line 144, in coro
    await self.app(scope, receive_or_disconnect, send_no_error)
  File "C:\Users\Lenovo\OneDrive\Desktop\managment system\venv\Lib\site-packages\starlette\middleware\exceptions.py", line 63, in __call__
    await wrap_app_handling_exceptions(self.app, conn)(scope, receive, send)
  File "C:\Users\Lenovo\OneDrive\Desktop\managment system\venv\Lib\site-packages\starlette\_exception_handler.py", line 53, in wrapped_app
    raise exc
  File "C:\Users\Lenovo\OneDrive\Desktop\managment system\venv\Lib\site-packages\starlette\_exception_handler.py", line 42, in wrapped_app
    await app(scope, receive, sender)
  File "C:\Users\Lenovo\OneDrive\Desktop\managment system\venv\Lib\site-packages\fastapi\middleware\asyncexitstack.py", line 18, in __call__
    await self.app(scope, receive, send)
  File "C:\Users\Lenovo\OneDrive\Desktop\managment system\venv\Lib\site-packages\starlette\routing.py", line 660, in __call__
    await self.middleware_stack(scope, receive, send)
  File "C:\Users\Lenovo\OneDrive\Desktop\managment system\venv\Lib\site-packages\starlette\routing.py", line 680, in app
    await route.handle(scope, receive, send)
  File "C:\Users\Lenovo\OneDrive\Desktop\managment system\venv\Lib\site-packages\starlette\routing.py", line 276, in handle
    await self.app(scope, receive, send)
  File "C:\Users\Lenovo\OneDrive\Desktop\managment system\venv\Lib\site-packages\fastapi\routing.py", line 134, in app
    await wrap_app_handling_exceptions(app, request)(scope, receive, send)
  File "C:\Users\Lenovo\OneDrive\Desktop\managment system\venv\Lib\site-packages\starlette\_exception_handler.py", line 53, in wrapped_app
    raise exc
  File "C:\Users\Lenovo\OneDrive\Desktop\managment system\venv\Lib\site-packages\starlette\_exception_handler.py", line 42, in wrapped_app
    await app(scope, receive, sender)
  File "C:\Users\Lenovo\OneDrive\Desktop\managment system\venv\Lib\site-packages\fastapi\routing.py", line 120, in app
    response = await f(request)
               ^^^^^^^^^^^^^^^^
  File "C:\Users\Lenovo\OneDrive\Desktop\managment system\venv\Lib\site-packages\fastapi\routing.py", line 674, in app
    raw_response = await run_endpoint_function(
                   ^^^^^^^^^^^^^^^^^^^^^^^^^^^^
    ...<3 lines>...
    )
    ^
  File "C:\Users\Lenovo\OneDrive\Desktop\managment system\venv\Lib\site-packages\fastapi\routing.py", line 330, in run_endpoint_function
    return await run_in_threadpool(dependant.call, **values)
           ^^^^^^^^^^^^^^^^^^^^^^^^^^^^^^^^^^^^^^^^^^^^^^^^^
  File "C:\Users\Lenovo\OneDrive\Desktop\managment system\venv\Lib\site-packages\starlette\concurrency.py", line 32, in run_in_threadpool
    return await anyio.to_thread.run_sync(func)
           ^^^^^^^^^^^^^^^^^^^^^^^^^^^^^^^^^^^^
  File "C:\Users\Lenovo\OneDrive\Desktop\managment system\venv\Lib\site-packages\anyio\to_thread.py", line 63, in run_sync
    return await get_async_backend().run_sync_in_worker_thread(
           ^^^^^^^^^^^^^^^^^^^^^^^^^^^^^^^^^^^^^^^^^^^^^^^^^^^^
        func, args, abandon_on_cancel=abandon_on_cancel, limiter=limiter
        ^^^^^^^^^^^^^^^^^^^^^^^^^^^^^^^^^^^^^^^^^^^^^^^^^^^^^^^^^^^^^^^^
    )
    ^
  File "C:\Users\Lenovo\OneDrive\Desktop\managment system\venv\Lib\site-packages\anyio\_backends\_asyncio.py", line 2518, in run_sync_in_worker_thread
    return await future
           ^^^^^^^^^^^^
  File "C:\Users\Lenovo\OneDrive\Desktop\managment system\venv\Lib\site-packages\anyio\_backends\_asyncio.py", line 1002, in run
    result = context.run(func, *args)
  File "C:\Users\Lenovo\OneDrive\Desktop\managment system\app\api.py", line 275, in get_student
    student = service.get_student(student_id)
  File "C:\Users\Lenovo\OneDrive\Desktop\managment system\services\student_service.py", line 211, in get_student
    .first()
     ~~~~~^^
  File "C:\Users\Lenovo\OneDrive\Desktop\managment system\venv\Lib\site-packages\sqlalchemy\orm\query.py", line 2766, in first
    return self.limit(1)._iter().first()  # type: ignore
           ~~~~~~~~~~~~~~~~~~~^^
  File "C:\Users\Lenovo\OneDrive\Desktop\managment system\venv\Lib\site-packages\sqlalchemy\orm\query.py", line 2864, in _iter
    result: Union[ScalarResult[_T], Result[_T]] = self.session.execute(
                                                  ~~~~~~~~~~~~~~~~~~~~^
        statement,
        ^^^^^^^^^^
        params,
        ^^^^^^^
        execution_options={"_sa_orm_load_options": self.load_options},
        ^^^^^^^^^^^^^^^^^^^^^^^^^^^^^^^^^^^^^^^^^^^^^^^^^^^^^^^^^^^^^^
    )
    ^
  File "C:\Users\Lenovo\OneDrive\Desktop\managment system\venv\Lib\site-packages\sqlalchemy\orm\session.py", line 2351, in execute
    return self._execute_internal(
           ~~~~~~~~~~~~~~~~~~~~~~^
        statement,
        ^^^^^^^^^^
    ...<4 lines>...
        _add_event=_add_event,
        ^^^^^^^^^^^^^^^^^^^^^^
    )
    ^
  File "C:\Users\Lenovo\OneDrive\Desktop\managment system\venv\Lib\site-packages\sqlalchemy\orm\session.py", line 2249, in _execute_internal
    result: Result[Any] = compile_state_cls.orm_execute_statement(
                          ~~~~~~~~~~~~~~~~~~~~~~~~~~~~~~~~~~~~~~~^
        self,
        ^^^^^
    ...<4 lines>...
        conn,
        ^^^^^
    )
    ^
  File "C:\Users\Lenovo\OneDrive\Desktop\managment system\venv\Lib\site-packages\sqlalchemy\orm\context.py", line 306, in orm_execute_statement
    result = conn.execute(
        statement, params or {}, execution_options=execution_options
    )
  File "C:\Users\Lenovo\OneDrive\Desktop\managment system\venv\Lib\site-packages\sqlalchemy\engine\base.py", line 1419, in execute
    return meth(
        self,
        distilled_parameters,
        execution_options or NO_OPTIONS,
    )
  File "C:\Users\Lenovo\OneDrive\Desktop\managment system\venv\Lib\site-packages\sqlalchemy\sql\elements.py", line 527, in _execute_on_connection
    return connection._execute_clauseelement(
           ~~~~~~~~~~~~~~~~~~~~~~~~~~~~~~~~~^
        self, distilled_params, execution_options
        ^^^^^^^^^^^^^^^^^^^^^^^^^^^^^^^^^^^^^^^^^
    )
    ^
  File "C:\Users\Lenovo\OneDrive\Desktop\managment system\venv\Lib\site-packages\sqlalchemy\engine\base.py", line 1641, in _execute_clauseelement
    ret = self._execute_context(
        dialect,
    ...<8 lines>...
        cache_hit=cache_hit,
    )
  File "C:\Users\Lenovo\OneDrive\Desktop\managment system\venv\Lib\site-packages\sqlalchemy\engine\base.py", line 1846, in _execute_context
    return self._exec_single_context(
           ~~~~~~~~~~~~~~~~~~~~~~~~~^
        dialect, context, statement, parameters
        ^^^^^^^^^^^^^^^^^^^^^^^^^^^^^^^^^^^^^^^
    )
    ^
  File "C:\Users\Lenovo\OneDrive\Desktop\managment system\venv\Lib\site-packages\sqlalchemy\engine\base.py", line 1986, in _exec_single_context
    self._handle_dbapi_exception(
    ~~~~~~~~~~~~~~~~~~~~~~~~~~~~^
        e, str_statement, effective_parameters, cursor, context
        ^^^^^^^^^^^^^^^^^^^^^^^^^^^^^^^^^^^^^^^^^^^^^^^^^^^^^^^
    )
    ^
  File "C:\Users\Lenovo\OneDrive\Desktop\managment system\venv\Lib\site-packages\sqlalchemy\engine\base.py", line 2363, in _handle_dbapi_exception
    raise sqlalchemy_exception.with_traceback(exc_info[2]) from e
  File "C:\Users\Lenovo\OneDrive\Desktop\managment system\venv\Lib\site-packages\sqlalchemy\engine\base.py", line 1967, in _exec_single_context
    self.dialect.do_execute(
    ~~~~~~~~~~~~~~~~~~~~~~~^
        cursor, str_statement, effective_parameters, context
        ^^^^^^^^^^^^^^^^^^^^^^^^^^^^^^^^^^^^^^^^^^^^^^^^^^^^
    )
    ^
  File "C:\Users\Lenovo\OneDrive\Desktop\managment system\venv\Lib\site-packages\sqlalchemy\engine\default.py", line 952, in do_execute
    cursor.execute(statement, parameters)
    ~~~~~~~~~~~~~~^^^^^^^^^^^^^^^^^^^^^^^
sqlalchemy.exc.OperationalError: (sqlite3.OperationalError) no such table: students
[SQL: SELECT anon_1.students_student_id AS anon_1_students_student_id, anon_1.students_name AS anon_1_students_name, anon_1.students_total_marks AS anon_1_students_total_marks, anon_1.students_percentage AS anon_1_students_percentage, anon_1.students_grade AS anon_1_students_grade, anon_1.students_version AS anon_1_students_version, subjects_1.id AS subjects_1_id, subjects_1.name AS subjects_1_name, student_marks_1.id AS student_marks_1_id, student_marks_1.student_id AS student_marks_1_student_id, student_marks_1.subject_id AS student_marks_1_subject_id, student_marks_1.marks AS student_marks_1_marks 
FROM (SELECT students.student_id AS students_student_id, students.name AS students_name, students.total_marks AS students_total_marks, students.percentage AS students_percentage, students.grade AS students_grade, students.version AS students_version 
FROM students 
WHERE students.student_id = ?
 LIMIT ? OFFSET ?) AS anon_1 LEFT OUTER JOIN student_marks AS student_marks_1 ON anon_1.students_student_id = student_marks_1.student_id LEFT OUTER JOIN subjects AS subjects_1 ON subjects_1.id = student_marks_1.subject_id]
[parameters: ('DASHBOARD', 1, 0)]
(Background on this error at: https://sqlalche.me/e/20/e3q8)
2026-05-26 15:47:53,842 - ERROR - (sqlite3.OperationalError) no such table: students
[SQL: SELECT anon_1.students_student_id AS anon_1_students_student_id, anon_1.students_name AS anon_1_students_name, anon_1.students_total_marks AS anon_1_students_total_marks, anon_1.students_percentage AS anon_1_students_percentage, anon_1.students_grade AS anon_1_students_grade, anon_1.students_version AS anon_1_students_version, subjects_1.id AS subjects_1_id, subjects_1.name AS subjects_1_name, student_marks_1.id AS student_marks_1_id, student_marks_1.student_id AS student_marks_1_student_id, student_marks_1.subject_id AS student_marks_1_subject_id, student_marks_1.marks AS student_marks_1_marks 
FROM (SELECT students.student_id AS students_student_id, students.name AS students_name, students.total_marks AS students_total_marks, students.percentage AS students_percentage, students.grade AS students_grade, students.version AS students_version 
FROM students 
WHERE students.student_id = ?
 LIMIT ? OFFSET ?) AS anon_1 LEFT OUTER JOIN student_marks AS student_marks_1 ON anon_1.students_student_id = student_marks_1.student_id LEFT OUTER JOIN subjects AS subjects_1 ON subjects_1.id = student_marks_1.subject_id]
[parameters: ('DASHBOARD', 1, 0)]
(Background on this error at: https://sqlalche.me/e/20/e3q8)
Traceback (most recent call last):
  File "C:\Users\Lenovo\OneDrive\Desktop\managment system\venv\Lib\site-packages\sqlalchemy\engine\base.py", line 1967, in _exec_single_context
    self.dialect.do_execute(
    ~~~~~~~~~~~~~~~~~~~~~~~^
        cursor, str_statement, effective_parameters, context
        ^^^^^^^^^^^^^^^^^^^^^^^^^^^^^^^^^^^^^^^^^^^^^^^^^^^^
    )
    ^
  File "C:\Users\Lenovo\OneDrive\Desktop\managment system\venv\Lib\site-packages\sqlalchemy\engine\default.py", line 952, in do_execute
    cursor.execute(statement, parameters)
    ~~~~~~~~~~~~~~^^^^^^^^^^^^^^^^^^^^^^^
sqlite3.OperationalError: no such table: students

The above exception was the direct cause of the following exception:

Traceback (most recent call last):
  File "C:\Users\Lenovo\OneDrive\Desktop\managment system\venv\Lib\site-packages\starlette\middleware\errors.py", line 164, in __call__
    await self.app(scope, receive, _send)
  File "C:\Users\Lenovo\OneDrive\Desktop\managment system\venv\Lib\site-packages\starlette\middleware\base.py", line 191, in __call__
    with recv_stream, send_stream, collapse_excgroups():
                                   ~~~~~~~~~~~~~~~~~~^^
  File "C:\Python313\Lib\contextlib.py", line 162, in __exit__
    self.gen.throw(value)
    ~~~~~~~~~~~~~~^^^^^^^
  File "C:\Users\Lenovo\OneDrive\Desktop\managment system\venv\Lib\site-packages\starlette\_utils.py", line 87, in collapse_excgroups
    raise exc
  File "C:\Users\Lenovo\OneDrive\Desktop\managment system\venv\Lib\site-packages\starlette\middleware\base.py", line 193, in __call__
    response = await self.dispatch_func(request, call_next)
               ^^^^^^^^^^^^^^^^^^^^^^^^^^^^^^^^^^^^^^^^^^^^
  File "C:\Users\Lenovo\OneDrive\Desktop\managment system\middleware\rate_limit.py", line 52, in dispatch
    response = await call_next(request)
               ^^^^^^^^^^^^^^^^^^^^^^^^
  File "C:\Users\Lenovo\OneDrive\Desktop\managment system\venv\Lib\site-packages\starlette\middleware\base.py", line 168, in call_next
    raise app_exc from app_exc.__cause__ or app_exc.__context__
  File "C:\Users\Lenovo\OneDrive\Desktop\managment system\venv\Lib\site-packages\starlette\middleware\base.py", line 144, in coro
    await self.app(scope, receive_or_disconnect, send_no_error)
  File "C:\Users\Lenovo\OneDrive\Desktop\managment system\venv\Lib\site-packages\starlette\middleware\base.py", line 191, in __call__
    with recv_stream, send_stream, collapse_excgroups():
                                   ~~~~~~~~~~~~~~~~~~^^
  File "C:\Python313\Lib\contextlib.py", line 162, in __exit__
    self.gen.throw(value)
    ~~~~~~~~~~~~~~^^^^^^^
  File "C:\Users\Lenovo\OneDrive\Desktop\managment system\venv\Lib\site-packages\starlette\_utils.py", line 87, in collapse_excgroups
    raise exc
  File "C:\Users\Lenovo\OneDrive\Desktop\managment system\venv\Lib\site-packages\starlette\middleware\base.py", line 193, in __call__
    response = await self.dispatch_func(request, call_next)
               ^^^^^^^^^^^^^^^^^^^^^^^^^^^^^^^^^^^^^^^^^^^^
  File "C:\Users\Lenovo\OneDrive\Desktop\managment system\middleware\logging_middleware.py", line 24, in dispatch
    response = await call_next(request)
               ^^^^^^^^^^^^^^^^^^^^^^^^
  File "C:\Users\Lenovo\OneDrive\Desktop\managment system\venv\Lib\site-packages\starlette\middleware\base.py", line 168, in call_next
    raise app_exc from app_exc.__cause__ or app_exc.__context__
  File "C:\Users\Lenovo\OneDrive\Desktop\managment system\venv\Lib\site-packages\starlette\middleware\base.py", line 144, in coro
    await self.app(scope, receive_or_disconnect, send_no_error)
  File "C:\Users\Lenovo\OneDrive\Desktop\managment system\venv\Lib\site-packages\starlette\middleware\exceptions.py", line 63, in __call__
    await wrap_app_handling_exceptions(self.app, conn)(scope, receive, send)
  File "C:\Users\Lenovo\OneDrive\Desktop\managment system\venv\Lib\site-packages\starlette\_exception_handler.py", line 53, in wrapped_app
    raise exc
  File "C:\Users\Lenovo\OneDrive\Desktop\managment system\venv\Lib\site-packages\starlette\_exception_handler.py", line 42, in wrapped_app
    await app(scope, receive, sender)
  File "C:\Users\Lenovo\OneDrive\Desktop\managment system\venv\Lib\site-packages\fastapi\middleware\asyncexitstack.py", line 18, in __call__
    await self.app(scope, receive, send)
  File "C:\Users\Lenovo\OneDrive\Desktop\managment system\venv\Lib\site-packages\starlette\routing.py", line 660, in __call__
    await self.middleware_stack(scope, receive, send)
  File "C:\Users\Lenovo\OneDrive\Desktop\managment system\venv\Lib\site-packages\starlette\routing.py", line 680, in app
    await route.handle(scope, receive, send)
  File "C:\Users\Lenovo\OneDrive\Desktop\managment system\venv\Lib\site-packages\starlette\routing.py", line 276, in handle
    await self.app(scope, receive, send)
  File "C:\Users\Lenovo\OneDrive\Desktop\managment system\venv\Lib\site-packages\fastapi\routing.py", line 134, in app
    await wrap_app_handling_exceptions(app, request)(scope, receive, send)
  File "C:\Users\Lenovo\OneDrive\Desktop\managment system\venv\Lib\site-packages\starlette\_exception_handler.py", line 53, in wrapped_app
    raise exc
  File "C:\Users\Lenovo\OneDrive\Desktop\managment system\venv\Lib\site-packages\starlette\_exception_handler.py", line 42, in wrapped_app
    await app(scope, receive, sender)
  File "C:\Users\Lenovo\OneDrive\Desktop\managment system\venv\Lib\site-packages\fastapi\routing.py", line 120, in app
    response = await f(request)
               ^^^^^^^^^^^^^^^^
  File "C:\Users\Lenovo\OneDrive\Desktop\managment system\venv\Lib\site-packages\fastapi\routing.py", line 674, in app
    raw_response = await run_endpoint_function(
                   ^^^^^^^^^^^^^^^^^^^^^^^^^^^^
    ...<3 lines>...
    )
    ^
  File "C:\Users\Lenovo\OneDrive\Desktop\managment system\venv\Lib\site-packages\fastapi\routing.py", line 330, in run_endpoint_function
    return await run_in_threadpool(dependant.call, **values)
           ^^^^^^^^^^^^^^^^^^^^^^^^^^^^^^^^^^^^^^^^^^^^^^^^^
  File "C:\Users\Lenovo\OneDrive\Desktop\managment system\venv\Lib\site-packages\starlette\concurrency.py", line 32, in run_in_threadpool
    return await anyio.to_thread.run_sync(func)
           ^^^^^^^^^^^^^^^^^^^^^^^^^^^^^^^^^^^^
  File "C:\Users\Lenovo\OneDrive\Desktop\managment system\venv\Lib\site-packages\anyio\to_thread.py", line 63, in run_sync
    return await get_async_backend().run_sync_in_worker_thread(
           ^^^^^^^^^^^^^^^^^^^^^^^^^^^^^^^^^^^^^^^^^^^^^^^^^^^^
        func, args, abandon_on_cancel=abandon_on_cancel, limiter=limiter
        ^^^^^^^^^^^^^^^^^^^^^^^^^^^^^^^^^^^^^^^^^^^^^^^^^^^^^^^^^^^^^^^^
    )
    ^
  File "C:\Users\Lenovo\OneDrive\Desktop\managment system\venv\Lib\site-packages\anyio\_backends\_asyncio.py", line 2518, in run_sync_in_worker_thread
    return await future
           ^^^^^^^^^^^^
  File "C:\Users\Lenovo\OneDrive\Desktop\managment system\venv\Lib\site-packages\anyio\_backends\_asyncio.py", line 1002, in run
    result = context.run(func, *args)
  File "C:\Users\Lenovo\OneDrive\Desktop\managment system\app\api.py", line 275, in get_student
    student = service.get_student(student_id)
  File "C:\Users\Lenovo\OneDrive\Desktop\managment system\services\student_service.py", line 211, in get_student
    .first()
     ~~~~~^^
  File "C:\Users\Lenovo\OneDrive\Desktop\managment system\venv\Lib\site-packages\sqlalchemy\orm\query.py", line 2766, in first
    return self.limit(1)._iter().first()  # type: ignore
           ~~~~~~~~~~~~~~~~~~~^^
  File "C:\Users\Lenovo\OneDrive\Desktop\managment system\venv\Lib\site-packages\sqlalchemy\orm\query.py", line 2864, in _iter
    result: Union[ScalarResult[_T], Result[_T]] = self.session.execute(
                                                  ~~~~~~~~~~~~~~~~~~~~^
        statement,
        ^^^^^^^^^^
        params,
        ^^^^^^^
        execution_options={"_sa_orm_load_options": self.load_options},
        ^^^^^^^^^^^^^^^^^^^^^^^^^^^^^^^^^^^^^^^^^^^^^^^^^^^^^^^^^^^^^^
    )
    ^
  File "C:\Users\Lenovo\OneDrive\Desktop\managment system\venv\Lib\site-packages\sqlalchemy\orm\session.py", line 2351, in execute
    return self._execute_internal(
           ~~~~~~~~~~~~~~~~~~~~~~^
        statement,
        ^^^^^^^^^^
    ...<4 lines>...
        _add_event=_add_event,
        ^^^^^^^^^^^^^^^^^^^^^^
    )
    ^
  File "C:\Users\Lenovo\OneDrive\Desktop\managment system\venv\Lib\site-packages\sqlalchemy\orm\session.py", line 2249, in _execute_internal
    result: Result[Any] = compile_state_cls.orm_execute_statement(
                          ~~~~~~~~~~~~~~~~~~~~~~~~~~~~~~~~~~~~~~~^
        self,
        ^^^^^
    ...<4 lines>...
        conn,
        ^^^^^
    )
    ^
  File "C:\Users\Lenovo\OneDrive\Desktop\managment system\venv\Lib\site-packages\sqlalchemy\orm\context.py", line 306, in orm_execute_statement
    result = conn.execute(
        statement, params or {}, execution_options=execution_options
    )
  File "C:\Users\Lenovo\OneDrive\Desktop\managment system\venv\Lib\site-packages\sqlalchemy\engine\base.py", line 1419, in execute
    return meth(
        self,
        distilled_parameters,
        execution_options or NO_OPTIONS,
    )
  File "C:\Users\Lenovo\OneDrive\Desktop\managment system\venv\Lib\site-packages\sqlalchemy\sql\elements.py", line 527, in _execute_on_connection
    return connection._execute_clauseelement(
           ~~~~~~~~~~~~~~~~~~~~~~~~~~~~~~~~~^
        self, distilled_params, execution_options
        ^^^^^^^^^^^^^^^^^^^^^^^^^^^^^^^^^^^^^^^^^
    )
    ^
  File "C:\Users\Lenovo\OneDrive\Desktop\managment system\venv\Lib\site-packages\sqlalchemy\engine\base.py", line 1641, in _execute_clauseelement
    ret = self._execute_context(
        dialect,
    ...<8 lines>...
        cache_hit=cache_hit,
    )
  File "C:\Users\Lenovo\OneDrive\Desktop\managment system\venv\Lib\site-packages\sqlalchemy\engine\base.py", line 1846, in _execute_context
    return self._exec_single_context(
           ~~~~~~~~~~~~~~~~~~~~~~~~~^
        dialect, context, statement, parameters
        ^^^^^^^^^^^^^^^^^^^^^^^^^^^^^^^^^^^^^^^
    )
    ^
  File "C:\Users\Lenovo\OneDrive\Desktop\managment system\venv\Lib\site-packages\sqlalchemy\engine\base.py", line 1986, in _exec_single_context
    self._handle_dbapi_exception(
    ~~~~~~~~~~~~~~~~~~~~~~~~~~~~^
        e, str_statement, effective_parameters, cursor, context
        ^^^^^^^^^^^^^^^^^^^^^^^^^^^^^^^^^^^^^^^^^^^^^^^^^^^^^^^
    )
    ^
  File "C:\Users\Lenovo\OneDrive\Desktop\managment system\venv\Lib\site-packages\sqlalchemy\engine\base.py", line 2363, in _handle_dbapi_exception
    raise sqlalchemy_exception.with_traceback(exc_info[2]) from e
  File "C:\Users\Lenovo\OneDrive\Desktop\managment system\venv\Lib\site-packages\sqlalchemy\engine\base.py", line 1967, in _exec_single_context
    self.dialect.do_execute(
    ~~~~~~~~~~~~~~~~~~~~~~~^
        cursor, str_statement, effective_parameters, context
        ^^^^^^^^^^^^^^^^^^^^^^^^^^^^^^^^^^^^^^^^^^^^^^^^^^^^
    )
    ^
  File "C:\Users\Lenovo\OneDrive\Desktop\managment system\venv\Lib\site-packages\sqlalchemy\engine\default.py", line 952, in do_execute
    cursor.execute(statement, parameters)
    ~~~~~~~~~~~~~~^^^^^^^^^^^^^^^^^^^^^^^
sqlalchemy.exc.OperationalError: (sqlite3.OperationalError) no such table: students
[SQL: SELECT anon_1.students_student_id AS anon_1_students_student_id, anon_1.students_name AS anon_1_students_name, anon_1.students_total_marks AS anon_1_students_total_marks, anon_1.students_percentage AS anon_1_students_percentage, anon_1.students_grade AS anon_1_students_grade, anon_1.students_version AS anon_1_students_version, subjects_1.id AS subjects_1_id, subjects_1.name AS subjects_1_name, student_marks_1.id AS student_marks_1_id, student_marks_1.student_id AS student_marks_1_student_id, student_marks_1.subject_id AS student_marks_1_subject_id, student_marks_1.marks AS student_marks_1_marks 
FROM (SELECT students.student_id AS students_student_id, students.name AS students_name, students.total_marks AS students_total_marks, students.percentage AS students_percentage, students.grade AS students_grade, students.version AS students_version 
FROM students 
WHERE students.student_id = ?
 LIMIT ? OFFSET ?) AS anon_1 LEFT OUTER JOIN student_marks AS student_marks_1 ON anon_1.students_student_id = student_marks_1.student_id LEFT OUTER JOIN subjects AS subjects_1 ON subjects_1.id = student_marks_1.subject_id]
[parameters: ('DASHBOARD', 1, 0)]
(Background on this error at: https://sqlalche.me/e/20/e3q8)
2026-05-26 15:48:14,870 - INFO - Request Started | Method=GET Path=/students
2026-05-26 15:48:14,876 - ERROR - Request Failed | Method=GET Path=/students Time=0.0068s Error=(sqlite3.OperationalError) no such table: students
[SQL: SELECT anon_1.students_student_id AS anon_1_students_student_id, anon_1.students_name AS anon_1_students_name, anon_1.students_total_marks AS anon_1_students_total_marks, anon_1.students_percentage AS anon_1_students_percentage, anon_1.students_grade AS anon_1_students_grade, anon_1.students_version AS anon_1_students_version, subjects_1.id AS subjects_1_id, subjects_1.name AS subjects_1_name, student_marks_1.id AS student_marks_1_id, student_marks_1.student_id AS student_marks_1_student_id, student_marks_1.subject_id AS student_marks_1_subject_id, student_marks_1.marks AS student_marks_1_marks 
FROM (SELECT students.student_id AS students_student_id, students.name AS students_name, students.total_marks AS students_total_marks, students.percentage AS students_percentage, students.grade AS students_grade, students.version AS students_version 
FROM students
 LIMIT ? OFFSET ?) AS anon_1 LEFT OUTER JOIN student_marks AS student_marks_1 ON anon_1.students_student_id = student_marks_1.student_id LEFT OUTER JOIN subjects AS subjects_1 ON subjects_1.id = student_marks_1.subject_id]
[parameters: (10, 0)]
(Background on this error at: https://sqlalche.me/e/20/e3q8)
Traceback (most recent call last):
  File "C:\Users\Lenovo\OneDrive\Desktop\managment system\venv\Lib\site-packages\sqlalchemy\engine\base.py", line 1967, in _exec_single_context
    self.dialect.do_execute(
    ~~~~~~~~~~~~~~~~~~~~~~~^
        cursor, str_statement, effective_parameters, context
        ^^^^^^^^^^^^^^^^^^^^^^^^^^^^^^^^^^^^^^^^^^^^^^^^^^^^
    )
    ^
  File "C:\Users\Lenovo\OneDrive\Desktop\managment system\venv\Lib\site-packages\sqlalchemy\engine\default.py", line 952, in do_execute
    cursor.execute(statement, parameters)
    ~~~~~~~~~~~~~~^^^^^^^^^^^^^^^^^^^^^^^
sqlite3.OperationalError: no such table: students

The above exception was the direct cause of the following exception:

Traceback (most recent call last):
  File "C:\Users\Lenovo\OneDrive\Desktop\managment system\middleware\logging_middleware.py", line 24, in dispatch
    response = await call_next(request)
               ^^^^^^^^^^^^^^^^^^^^^^^^
  File "C:\Users\Lenovo\OneDrive\Desktop\managment system\venv\Lib\site-packages\starlette\middleware\base.py", line 168, in call_next
    raise app_exc from app_exc.__cause__ or app_exc.__context__
  File "C:\Users\Lenovo\OneDrive\Desktop\managment system\venv\Lib\site-packages\starlette\middleware\base.py", line 144, in coro
    await self.app(scope, receive_or_disconnect, send_no_error)
  File "C:\Users\Lenovo\OneDrive\Desktop\managment system\venv\Lib\site-packages\starlette\middleware\exceptions.py", line 63, in __call__
    await wrap_app_handling_exceptions(self.app, conn)(scope, receive, send)
  File "C:\Users\Lenovo\OneDrive\Desktop\managment system\venv\Lib\site-packages\starlette\_exception_handler.py", line 53, in wrapped_app
    raise exc
  File "C:\Users\Lenovo\OneDrive\Desktop\managment system\venv\Lib\site-packages\starlette\_exception_handler.py", line 42, in wrapped_app
    await app(scope, receive, sender)
  File "C:\Users\Lenovo\OneDrive\Desktop\managment system\venv\Lib\site-packages\fastapi\middleware\asyncexitstack.py", line 18, in __call__
    await self.app(scope, receive, send)
  File "C:\Users\Lenovo\OneDrive\Desktop\managment system\venv\Lib\site-packages\starlette\routing.py", line 660, in __call__
    await self.middleware_stack(scope, receive, send)
  File "C:\Users\Lenovo\OneDrive\Desktop\managment system\venv\Lib\site-packages\starlette\routing.py", line 680, in app
    await route.handle(scope, receive, send)
  File "C:\Users\Lenovo\OneDrive\Desktop\managment system\venv\Lib\site-packages\starlette\routing.py", line 276, in handle
    await self.app(scope, receive, send)
  File "C:\Users\Lenovo\OneDrive\Desktop\managment system\venv\Lib\site-packages\fastapi\routing.py", line 134, in app
    await wrap_app_handling_exceptions(app, request)(scope, receive, send)
  File "C:\Users\Lenovo\OneDrive\Desktop\managment system\venv\Lib\site-packages\starlette\_exception_handler.py", line 53, in wrapped_app
    raise exc
  File "C:\Users\Lenovo\OneDrive\Desktop\managment system\venv\Lib\site-packages\starlette\_exception_handler.py", line 42, in wrapped_app
    await app(scope, receive, sender)
  File "C:\Users\Lenovo\OneDrive\Desktop\managment system\venv\Lib\site-packages\fastapi\routing.py", line 120, in app
    response = await f(request)
               ^^^^^^^^^^^^^^^^
  File "C:\Users\Lenovo\OneDrive\Desktop\managment system\venv\Lib\site-packages\fastapi\routing.py", line 674, in app
    raw_response = await run_endpoint_function(
                   ^^^^^^^^^^^^^^^^^^^^^^^^^^^^
    ...<3 lines>...
    )
    ^
  File "C:\Users\Lenovo\OneDrive\Desktop\managment system\venv\Lib\site-packages\fastapi\routing.py", line 330, in run_endpoint_function
    return await run_in_threadpool(dependant.call, **values)
           ^^^^^^^^^^^^^^^^^^^^^^^^^^^^^^^^^^^^^^^^^^^^^^^^^
  File "C:\Users\Lenovo\OneDrive\Desktop\managment system\venv\Lib\site-packages\starlette\concurrency.py", line 32, in run_in_threadpool
    return await anyio.to_thread.run_sync(func)
           ^^^^^^^^^^^^^^^^^^^^^^^^^^^^^^^^^^^^
  File "C:\Users\Lenovo\OneDrive\Desktop\managment system\venv\Lib\site-packages\anyio\to_thread.py", line 63, in run_sync
    return await get_async_backend().run_sync_in_worker_thread(
           ^^^^^^^^^^^^^^^^^^^^^^^^^^^^^^^^^^^^^^^^^^^^^^^^^^^^
        func, args, abandon_on_cancel=abandon_on_cancel, limiter=limiter
        ^^^^^^^^^^^^^^^^^^^^^^^^^^^^^^^^^^^^^^^^^^^^^^^^^^^^^^^^^^^^^^^^
    )
    ^
  File "C:\Users\Lenovo\OneDrive\Desktop\managment system\venv\Lib\site-packages\anyio\_backends\_asyncio.py", line 2518, in run_sync_in_worker_thread
    return await future
           ^^^^^^^^^^^^
  File "C:\Users\Lenovo\OneDrive\Desktop\managment system\venv\Lib\site-packages\anyio\_backends\_asyncio.py", line 1002, in run
    result = context.run(func, *args)
  File "C:\Users\Lenovo\OneDrive\Desktop\managment system\app\api.py", line 233, in get_students
    students = service.get_students(
        page,
    ...<5 lines>...
        failed
    )
  File "C:\Users\Lenovo\OneDrive\Desktop\managment system\services\student_service.py", line 257, in get_students
    .all()
     ~~~^^
  File "C:\Users\Lenovo\OneDrive\Desktop\managment system\venv\Lib\site-packages\sqlalchemy\orm\query.py", line 2711, in all
    return self._iter().all()  # type: ignore
           ~~~~~~~~~~^^
  File "C:\Users\Lenovo\OneDrive\Desktop\managment system\venv\Lib\site-packages\sqlalchemy\orm\query.py", line 2864, in _iter
    result: Union[ScalarResult[_T], Result[_T]] = self.session.execute(
                                                  ~~~~~~~~~~~~~~~~~~~~^
        statement,
        ^^^^^^^^^^
        params,
        ^^^^^^^
        execution_options={"_sa_orm_load_options": self.load_options},
        ^^^^^^^^^^^^^^^^^^^^^^^^^^^^^^^^^^^^^^^^^^^^^^^^^^^^^^^^^^^^^^
    )
    ^
  File "C:\Users\Lenovo\OneDrive\Desktop\managment system\venv\Lib\site-packages\sqlalchemy\orm\session.py", line 2351, in execute
    return self._execute_internal(
           ~~~~~~~~~~~~~~~~~~~~~~^
        statement,
        ^^^^^^^^^^
    ...<4 lines>...
        _add_event=_add_event,
        ^^^^^^^^^^^^^^^^^^^^^^
    )
    ^
  File "C:\Users\Lenovo\OneDrive\Desktop\managment system\venv\Lib\site-packages\sqlalchemy\orm\session.py", line 2249, in _execute_internal
    result: Result[Any] = compile_state_cls.orm_execute_statement(
                          ~~~~~~~~~~~~~~~~~~~~~~~~~~~~~~~~~~~~~~~^
        self,
        ^^^^^
    ...<4 lines>...
        conn,
        ^^^^^
    )
    ^
  File "C:\Users\Lenovo\OneDrive\Desktop\managment system\venv\Lib\site-packages\sqlalchemy\orm\context.py", line 306, in orm_execute_statement
    result = conn.execute(
        statement, params or {}, execution_options=execution_options
    )
  File "C:\Users\Lenovo\OneDrive\Desktop\managment system\venv\Lib\site-packages\sqlalchemy\engine\base.py", line 1419, in execute
    return meth(
        self,
        distilled_parameters,
        execution_options or NO_OPTIONS,
    )
  File "C:\Users\Lenovo\OneDrive\Desktop\managment system\venv\Lib\site-packages\sqlalchemy\sql\elements.py", line 527, in _execute_on_connection
    return connection._execute_clauseelement(
           ~~~~~~~~~~~~~~~~~~~~~~~~~~~~~~~~~^
        self, distilled_params, execution_options
        ^^^^^^^^^^^^^^^^^^^^^^^^^^^^^^^^^^^^^^^^^
    )
    ^
  File "C:\Users\Lenovo\OneDrive\Desktop\managment system\venv\Lib\site-packages\sqlalchemy\engine\base.py", line 1641, in _execute_clauseelement
    ret = self._execute_context(
        dialect,
    ...<8 lines>...
        cache_hit=cache_hit,
    )
  File "C:\Users\Lenovo\OneDrive\Desktop\managment system\venv\Lib\site-packages\sqlalchemy\engine\base.py", line 1846, in _execute_context
    return self._exec_single_context(
           ~~~~~~~~~~~~~~~~~~~~~~~~~^
        dialect, context, statement, parameters
        ^^^^^^^^^^^^^^^^^^^^^^^^^^^^^^^^^^^^^^^
    )
    ^
  File "C:\Users\Lenovo\OneDrive\Desktop\managment system\venv\Lib\site-packages\sqlalchemy\engine\base.py", line 1986, in _exec_single_context
    self._handle_dbapi_exception(
    ~~~~~~~~~~~~~~~~~~~~~~~~~~~~^
        e, str_statement, effective_parameters, cursor, context
        ^^^^^^^^^^^^^^^^^^^^^^^^^^^^^^^^^^^^^^^^^^^^^^^^^^^^^^^
    )
    ^
  File "C:\Users\Lenovo\OneDrive\Desktop\managment system\venv\Lib\site-packages\sqlalchemy\engine\base.py", line 2363, in _handle_dbapi_exception
    raise sqlalchemy_exception.with_traceback(exc_info[2]) from e
  File "C:\Users\Lenovo\OneDrive\Desktop\managment system\venv\Lib\site-packages\sqlalchemy\engine\base.py", line 1967, in _exec_single_context
    self.dialect.do_execute(
    ~~~~~~~~~~~~~~~~~~~~~~~^
        cursor, str_statement, effective_parameters, context
        ^^^^^^^^^^^^^^^^^^^^^^^^^^^^^^^^^^^^^^^^^^^^^^^^^^^^
    )
    ^
  File "C:\Users\Lenovo\OneDrive\Desktop\managment system\venv\Lib\site-packages\sqlalchemy\engine\default.py", line 952, in do_execute
    cursor.execute(statement, parameters)
    ~~~~~~~~~~~~~~^^^^^^^^^^^^^^^^^^^^^^^
sqlalchemy.exc.OperationalError: (sqlite3.OperationalError) no such table: students
[SQL: SELECT anon_1.students_student_id AS anon_1_students_student_id, anon_1.students_name AS anon_1_students_name, anon_1.students_total_marks AS anon_1_students_total_marks, anon_1.students_percentage AS anon_1_students_percentage, anon_1.students_grade AS anon_1_students_grade, anon_1.students_version AS anon_1_students_version, subjects_1.id AS subjects_1_id, subjects_1.name AS subjects_1_name, student_marks_1.id AS student_marks_1_id, student_marks_1.student_id AS student_marks_1_student_id, student_marks_1.subject_id AS student_marks_1_subject_id, student_marks_1.marks AS student_marks_1_marks 
FROM (SELECT students.student_id AS students_student_id, students.name AS students_name, students.total_marks AS students_total_marks, students.percentage AS students_percentage, students.grade AS students_grade, students.version AS students_version 
FROM students
 LIMIT ? OFFSET ?) AS anon_1 LEFT OUTER JOIN student_marks AS student_marks_1 ON anon_1.students_student_id = student_marks_1.student_id LEFT OUTER JOIN subjects AS subjects_1 ON subjects_1.id = student_marks_1.subject_id]
[parameters: (10, 0)]
(Background on this error at: https://sqlalche.me/e/20/e3q8)
2026-05-26 15:48:14,888 - ERROR - (sqlite3.OperationalError) no such table: students
[SQL: SELECT anon_1.students_student_id AS anon_1_students_student_id, anon_1.students_name AS anon_1_students_name, anon_1.students_total_marks AS anon_1_students_total_marks, anon_1.students_percentage AS anon_1_students_percentage, anon_1.students_grade AS anon_1_students_grade, anon_1.students_version AS anon_1_students_version, subjects_1.id AS subjects_1_id, subjects_1.name AS subjects_1_name, student_marks_1.id AS student_marks_1_id, student_marks_1.student_id AS student_marks_1_student_id, student_marks_1.subject_id AS student_marks_1_subject_id, student_marks_1.marks AS student_marks_1_marks 
FROM (SELECT students.student_id AS students_student_id, students.name AS students_name, students.total_marks AS students_total_marks, students.percentage AS students_percentage, students.grade AS students_grade, students.version AS students_version 
FROM students
 LIMIT ? OFFSET ?) AS anon_1 LEFT OUTER JOIN student_marks AS student_marks_1 ON anon_1.students_student_id = student_marks_1.student_id LEFT OUTER JOIN subjects AS subjects_1 ON subjects_1.id = student_marks_1.subject_id]
[parameters: (10, 0)]
(Background on this error at: https://sqlalche.me/e/20/e3q8)
Traceback (most recent call last):
  File "C:\Users\Lenovo\OneDrive\Desktop\managment system\venv\Lib\site-packages\sqlalchemy\engine\base.py", line 1967, in _exec_single_context
    self.dialect.do_execute(
    ~~~~~~~~~~~~~~~~~~~~~~~^
        cursor, str_statement, effective_parameters, context
        ^^^^^^^^^^^^^^^^^^^^^^^^^^^^^^^^^^^^^^^^^^^^^^^^^^^^
    )
    ^
  File "C:\Users\Lenovo\OneDrive\Desktop\managment system\venv\Lib\site-packages\sqlalchemy\engine\default.py", line 952, in do_execute
    cursor.execute(statement, parameters)
    ~~~~~~~~~~~~~~^^^^^^^^^^^^^^^^^^^^^^^
sqlite3.OperationalError: no such table: students

The above exception was the direct cause of the following exception:

Traceback (most recent call last):
  File "C:\Users\Lenovo\OneDrive\Desktop\managment system\venv\Lib\site-packages\starlette\middleware\errors.py", line 164, in __call__
    await self.app(scope, receive, _send)
  File "C:\Users\Lenovo\OneDrive\Desktop\managment system\venv\Lib\site-packages\starlette\middleware\base.py", line 191, in __call__
    with recv_stream, send_stream, collapse_excgroups():
                                   ~~~~~~~~~~~~~~~~~~^^
  File "C:\Python313\Lib\contextlib.py", line 162, in __exit__
    self.gen.throw(value)
    ~~~~~~~~~~~~~~^^^^^^^
  File "C:\Users\Lenovo\OneDrive\Desktop\managment system\venv\Lib\site-packages\starlette\_utils.py", line 87, in collapse_excgroups
    raise exc
  File "C:\Users\Lenovo\OneDrive\Desktop\managment system\venv\Lib\site-packages\starlette\middleware\base.py", line 193, in __call__
    response = await self.dispatch_func(request, call_next)
               ^^^^^^^^^^^^^^^^^^^^^^^^^^^^^^^^^^^^^^^^^^^^
  File "C:\Users\Lenovo\OneDrive\Desktop\managment system\middleware\rate_limit.py", line 52, in dispatch
    response = await call_next(request)
               ^^^^^^^^^^^^^^^^^^^^^^^^
  File "C:\Users\Lenovo\OneDrive\Desktop\managment system\venv\Lib\site-packages\starlette\middleware\base.py", line 168, in call_next
    raise app_exc from app_exc.__cause__ or app_exc.__context__
  File "C:\Users\Lenovo\OneDrive\Desktop\managment system\venv\Lib\site-packages\starlette\middleware\base.py", line 144, in coro
    await self.app(scope, receive_or_disconnect, send_no_error)
  File "C:\Users\Lenovo\OneDrive\Desktop\managment system\venv\Lib\site-packages\starlette\middleware\base.py", line 191, in __call__
    with recv_stream, send_stream, collapse_excgroups():
                                   ~~~~~~~~~~~~~~~~~~^^
  File "C:\Python313\Lib\contextlib.py", line 162, in __exit__
    self.gen.throw(value)
    ~~~~~~~~~~~~~~^^^^^^^
  File "C:\Users\Lenovo\OneDrive\Desktop\managment system\venv\Lib\site-packages\starlette\_utils.py", line 87, in collapse_excgroups
    raise exc
  File "C:\Users\Lenovo\OneDrive\Desktop\managment system\venv\Lib\site-packages\starlette\middleware\base.py", line 193, in __call__
    response = await self.dispatch_func(request, call_next)
               ^^^^^^^^^^^^^^^^^^^^^^^^^^^^^^^^^^^^^^^^^^^^
  File "C:\Users\Lenovo\OneDrive\Desktop\managment system\middleware\logging_middleware.py", line 24, in dispatch
    response = await call_next(request)
               ^^^^^^^^^^^^^^^^^^^^^^^^
  File "C:\Users\Lenovo\OneDrive\Desktop\managment system\venv\Lib\site-packages\starlette\middleware\base.py", line 168, in call_next
    raise app_exc from app_exc.__cause__ or app_exc.__context__
  File "C:\Users\Lenovo\OneDrive\Desktop\managment system\venv\Lib\site-packages\starlette\middleware\base.py", line 144, in coro
    await self.app(scope, receive_or_disconnect, send_no_error)
  File "C:\Users\Lenovo\OneDrive\Desktop\managment system\venv\Lib\site-packages\starlette\middleware\exceptions.py", line 63, in __call__
    await wrap_app_handling_exceptions(self.app, conn)(scope, receive, send)
  File "C:\Users\Lenovo\OneDrive\Desktop\managment system\venv\Lib\site-packages\starlette\_exception_handler.py", line 53, in wrapped_app
    raise exc
  File "C:\Users\Lenovo\OneDrive\Desktop\managment system\venv\Lib\site-packages\starlette\_exception_handler.py", line 42, in wrapped_app
    await app(scope, receive, sender)
  File "C:\Users\Lenovo\OneDrive\Desktop\managment system\venv\Lib\site-packages\fastapi\middleware\asyncexitstack.py", line 18, in __call__
    await self.app(scope, receive, send)
  File "C:\Users\Lenovo\OneDrive\Desktop\managment system\venv\Lib\site-packages\starlette\routing.py", line 660, in __call__
    await self.middleware_stack(scope, receive, send)
  File "C:\Users\Lenovo\OneDrive\Desktop\managment system\venv\Lib\site-packages\starlette\routing.py", line 680, in app
    await route.handle(scope, receive, send)
  File "C:\Users\Lenovo\OneDrive\Desktop\managment system\venv\Lib\site-packages\starlette\routing.py", line 276, in handle
    await self.app(scope, receive, send)
  File "C:\Users\Lenovo\OneDrive\Desktop\managment system\venv\Lib\site-packages\fastapi\routing.py", line 134, in app
    await wrap_app_handling_exceptions(app, request)(scope, receive, send)
  File "C:\Users\Lenovo\OneDrive\Desktop\managment system\venv\Lib\site-packages\starlette\_exception_handler.py", line 53, in wrapped_app
    raise exc
  File "C:\Users\Lenovo\OneDrive\Desktop\managment system\venv\Lib\site-packages\starlette\_exception_handler.py", line 42, in wrapped_app
    await app(scope, receive, sender)
  File "C:\Users\Lenovo\OneDrive\Desktop\managment system\venv\Lib\site-packages\fastapi\routing.py", line 120, in app
    response = await f(request)
               ^^^^^^^^^^^^^^^^
  File "C:\Users\Lenovo\OneDrive\Desktop\managment system\venv\Lib\site-packages\fastapi\routing.py", line 674, in app
    raw_response = await run_endpoint_function(
                   ^^^^^^^^^^^^^^^^^^^^^^^^^^^^
    ...<3 lines>...
    )
    ^
  File "C:\Users\Lenovo\OneDrive\Desktop\managment system\venv\Lib\site-packages\fastapi\routing.py", line 330, in run_endpoint_function
    return await run_in_threadpool(dependant.call, **values)
           ^^^^^^^^^^^^^^^^^^^^^^^^^^^^^^^^^^^^^^^^^^^^^^^^^
  File "C:\Users\Lenovo\OneDrive\Desktop\managment system\venv\Lib\site-packages\starlette\concurrency.py", line 32, in run_in_threadpool
    return await anyio.to_thread.run_sync(func)
           ^^^^^^^^^^^^^^^^^^^^^^^^^^^^^^^^^^^^
  File "C:\Users\Lenovo\OneDrive\Desktop\managment system\venv\Lib\site-packages\anyio\to_thread.py", line 63, in run_sync
    return await get_async_backend().run_sync_in_worker_thread(
           ^^^^^^^^^^^^^^^^^^^^^^^^^^^^^^^^^^^^^^^^^^^^^^^^^^^^
        func, args, abandon_on_cancel=abandon_on_cancel, limiter=limiter
        ^^^^^^^^^^^^^^^^^^^^^^^^^^^^^^^^^^^^^^^^^^^^^^^^^^^^^^^^^^^^^^^^
    )
    ^
  File "C:\Users\Lenovo\OneDrive\Desktop\managment system\venv\Lib\site-packages\anyio\_backends\_asyncio.py", line 2518, in run_sync_in_worker_thread
    return await future
           ^^^^^^^^^^^^
  File "C:\Users\Lenovo\OneDrive\Desktop\managment system\venv\Lib\site-packages\anyio\_backends\_asyncio.py", line 1002, in run
    result = context.run(func, *args)
  File "C:\Users\Lenovo\OneDrive\Desktop\managment system\app\api.py", line 233, in get_students
    students = service.get_students(
        page,
    ...<5 lines>...
        failed
    )
  File "C:\Users\Lenovo\OneDrive\Desktop\managment system\services\student_service.py", line 257, in get_students
    .all()
     ~~~^^
  File "C:\Users\Lenovo\OneDrive\Desktop\managment system\venv\Lib\site-packages\sqlalchemy\orm\query.py", line 2711, in all
    return self._iter().all()  # type: ignore
           ~~~~~~~~~~^^
  File "C:\Users\Lenovo\OneDrive\Desktop\managment system\venv\Lib\site-packages\sqlalchemy\orm\query.py", line 2864, in _iter
    result: Union[ScalarResult[_T], Result[_T]] = self.session.execute(
                                                  ~~~~~~~~~~~~~~~~~~~~^
        statement,
        ^^^^^^^^^^
        params,
        ^^^^^^^
        execution_options={"_sa_orm_load_options": self.load_options},
        ^^^^^^^^^^^^^^^^^^^^^^^^^^^^^^^^^^^^^^^^^^^^^^^^^^^^^^^^^^^^^^
    )
    ^
  File "C:\Users\Lenovo\OneDrive\Desktop\managment system\venv\Lib\site-packages\sqlalchemy\orm\session.py", line 2351, in execute
    return self._execute_internal(
           ~~~~~~~~~~~~~~~~~~~~~~^
        statement,
        ^^^^^^^^^^
    ...<4 lines>...
        _add_event=_add_event,
        ^^^^^^^^^^^^^^^^^^^^^^
    )
    ^
  File "C:\Users\Lenovo\OneDrive\Desktop\managment system\venv\Lib\site-packages\sqlalchemy\orm\session.py", line 2249, in _execute_internal
    result: Result[Any] = compile_state_cls.orm_execute_statement(
                          ~~~~~~~~~~~~~~~~~~~~~~~~~~~~~~~~~~~~~~~^
        self,
        ^^^^^
    ...<4 lines>...
        conn,
        ^^^^^
    )
    ^
  File "C:\Users\Lenovo\OneDrive\Desktop\managment system\venv\Lib\site-packages\sqlalchemy\orm\context.py", line 306, in orm_execute_statement
    result = conn.execute(
        statement, params or {}, execution_options=execution_options
    )
  File "C:\Users\Lenovo\OneDrive\Desktop\managment system\venv\Lib\site-packages\sqlalchemy\engine\base.py", line 1419, in execute
    return meth(
        self,
        distilled_parameters,
        execution_options or NO_OPTIONS,
    )
  File "C:\Users\Lenovo\OneDrive\Desktop\managment system\venv\Lib\site-packages\sqlalchemy\sql\elements.py", line 527, in _execute_on_connection
    return connection._execute_clauseelement(
           ~~~~~~~~~~~~~~~~~~~~~~~~~~~~~~~~~^
        self, distilled_params, execution_options
        ^^^^^^^^^^^^^^^^^^^^^^^^^^^^^^^^^^^^^^^^^
    )
    ^
  File "C:\Users\Lenovo\OneDrive\Desktop\managment system\venv\Lib\site-packages\sqlalchemy\engine\base.py", line 1641, in _execute_clauseelement
    ret = self._execute_context(
        dialect,
    ...<8 lines>...
        cache_hit=cache_hit,
    )
  File "C:\Users\Lenovo\OneDrive\Desktop\managment system\venv\Lib\site-packages\sqlalchemy\engine\base.py", line 1846, in _execute_context
    return self._exec_single_context(
           ~~~~~~~~~~~~~~~~~~~~~~~~~^
        dialect, context, statement, parameters
        ^^^^^^^^^^^^^^^^^^^^^^^^^^^^^^^^^^^^^^^
    )
    ^
  File "C:\Users\Lenovo\OneDrive\Desktop\managment system\venv\Lib\site-packages\sqlalchemy\engine\base.py", line 1986, in _exec_single_context
    self._handle_dbapi_exception(
    ~~~~~~~~~~~~~~~~~~~~~~~~~~~~^
        e, str_statement, effective_parameters, cursor, context
        ^^^^^^^^^^^^^^^^^^^^^^^^^^^^^^^^^^^^^^^^^^^^^^^^^^^^^^^
    )
    ^
  File "C:\Users\Lenovo\OneDrive\Desktop\managment system\venv\Lib\site-packages\sqlalchemy\engine\base.py", line 2363, in _handle_dbapi_exception
    raise sqlalchemy_exception.with_traceback(exc_info[2]) from e
  File "C:\Users\Lenovo\OneDrive\Desktop\managment system\venv\Lib\site-packages\sqlalchemy\engine\base.py", line 1967, in _exec_single_context
    self.dialect.do_execute(
    ~~~~~~~~~~~~~~~~~~~~~~~^
        cursor, str_statement, effective_parameters, context
        ^^^^^^^^^^^^^^^^^^^^^^^^^^^^^^^^^^^^^^^^^^^^^^^^^^^^
    )
    ^
  File "C:\Users\Lenovo\OneDrive\Desktop\managment system\venv\Lib\site-packages\sqlalchemy\engine\default.py", line 952, in do_execute
    cursor.execute(statement, parameters)
    ~~~~~~~~~~~~~~^^^^^^^^^^^^^^^^^^^^^^^
sqlalchemy.exc.OperationalError: (sqlite3.OperationalError) no such table: students
[SQL: SELECT anon_1.students_student_id AS anon_1_students_student_id, anon_1.students_name AS anon_1_students_name, anon_1.students_total_marks AS anon_1_students_total_marks, anon_1.students_percentage AS anon_1_students_percentage, anon_1.students_grade AS anon_1_students_grade, anon_1.students_version AS anon_1_students_version, subjects_1.id AS subjects_1_id, subjects_1.name AS subjects_1_name, student_marks_1.id AS student_marks_1_id, student_marks_1.student_id AS student_marks_1_student_id, student_marks_1.subject_id AS student_marks_1_subject_id, student_marks_1.marks AS student_marks_1_marks 
FROM (SELECT students.student_id AS students_student_id, students.name AS students_name, students.total_marks AS students_total_marks, students.percentage AS students_percentage, students.grade AS students_grade, students.version AS students_version 
FROM students
 LIMIT ? OFFSET ?) AS anon_1 LEFT OUTER JOIN student_marks AS student_marks_1 ON anon_1.students_student_id = student_marks_1.student_id LEFT OUTER JOIN subjects AS subjects_1 ON subjects_1.id = student_marks_1.subject_id]
[parameters: (10, 0)]
(Background on this error at: https://sqlalche.me/e/20/e3q8)
2026-05-26 15:49:22,114 - INFO - Request Started | Method=POST Path=/students
2026-05-26 15:49:22,123 - ERROR - Request Failed | Method=POST Path=/students Time=0.0087s Error=(sqlite3.OperationalError) no such table: students
[SQL: SELECT students.student_id AS students_student_id, students.name AS students_name, students.total_marks AS students_total_marks, students.percentage AS students_percentage, students.grade AS students_grade, students.version AS students_version 
FROM students 
WHERE students.student_id = ?
 LIMIT ? OFFSET ?]
[parameters: ('S01', 1, 0)]
(Background on this error at: https://sqlalche.me/e/20/e3q8)
Traceback (most recent call last):
  File "C:\Users\Lenovo\OneDrive\Desktop\managment system\venv\Lib\site-packages\sqlalchemy\engine\base.py", line 1967, in _exec_single_context
    self.dialect.do_execute(
    ~~~~~~~~~~~~~~~~~~~~~~~^
        cursor, str_statement, effective_parameters, context
        ^^^^^^^^^^^^^^^^^^^^^^^^^^^^^^^^^^^^^^^^^^^^^^^^^^^^
    )
    ^
  File "C:\Users\Lenovo\OneDrive\Desktop\managment system\venv\Lib\site-packages\sqlalchemy\engine\default.py", line 952, in do_execute
    cursor.execute(statement, parameters)
    ~~~~~~~~~~~~~~^^^^^^^^^^^^^^^^^^^^^^^
sqlite3.OperationalError: no such table: students

The above exception was the direct cause of the following exception:

Traceback (most recent call last):
  File "C:\Users\Lenovo\OneDrive\Desktop\managment system\middleware\logging_middleware.py", line 24, in dispatch
    response = await call_next(request)
               ^^^^^^^^^^^^^^^^^^^^^^^^
  File "C:\Users\Lenovo\OneDrive\Desktop\managment system\venv\Lib\site-packages\starlette\middleware\base.py", line 168, in call_next
    raise app_exc from app_exc.__cause__ or app_exc.__context__
  File "C:\Users\Lenovo\OneDrive\Desktop\managment system\venv\Lib\site-packages\starlette\middleware\base.py", line 144, in coro
    await self.app(scope, receive_or_disconnect, send_no_error)
  File "C:\Users\Lenovo\OneDrive\Desktop\managment system\venv\Lib\site-packages\starlette\middleware\exceptions.py", line 63, in __call__
    await wrap_app_handling_exceptions(self.app, conn)(scope, receive, send)
  File "C:\Users\Lenovo\OneDrive\Desktop\managment system\venv\Lib\site-packages\starlette\_exception_handler.py", line 53, in wrapped_app
    raise exc
  File "C:\Users\Lenovo\OneDrive\Desktop\managment system\venv\Lib\site-packages\starlette\_exception_handler.py", line 42, in wrapped_app
    await app(scope, receive, sender)
  File "C:\Users\Lenovo\OneDrive\Desktop\managment system\venv\Lib\site-packages\fastapi\middleware\asyncexitstack.py", line 18, in __call__
    await self.app(scope, receive, send)
  File "C:\Users\Lenovo\OneDrive\Desktop\managment system\venv\Lib\site-packages\starlette\routing.py", line 660, in __call__
    await self.middleware_stack(scope, receive, send)
  File "C:\Users\Lenovo\OneDrive\Desktop\managment system\venv\Lib\site-packages\starlette\routing.py", line 680, in app
    await route.handle(scope, receive, send)
  File "C:\Users\Lenovo\OneDrive\Desktop\managment system\venv\Lib\site-packages\starlette\routing.py", line 276, in handle
    await self.app(scope, receive, send)
  File "C:\Users\Lenovo\OneDrive\Desktop\managment system\venv\Lib\site-packages\fastapi\routing.py", line 134, in app
    await wrap_app_handling_exceptions(app, request)(scope, receive, send)
  File "C:\Users\Lenovo\OneDrive\Desktop\managment system\venv\Lib\site-packages\starlette\_exception_handler.py", line 53, in wrapped_app
    raise exc
  File "C:\Users\Lenovo\OneDrive\Desktop\managment system\venv\Lib\site-packages\starlette\_exception_handler.py", line 42, in wrapped_app
    await app(scope, receive, sender)
  File "C:\Users\Lenovo\OneDrive\Desktop\managment system\venv\Lib\site-packages\fastapi\routing.py", line 120, in app
    response = await f(request)
               ^^^^^^^^^^^^^^^^
  File "C:\Users\Lenovo\OneDrive\Desktop\managment system\venv\Lib\site-packages\fastapi\routing.py", line 674, in app
    raw_response = await run_endpoint_function(
                   ^^^^^^^^^^^^^^^^^^^^^^^^^^^^
    ...<3 lines>...
    )
    ^
  File "C:\Users\Lenovo\OneDrive\Desktop\managment system\venv\Lib\site-packages\fastapi\routing.py", line 330, in run_endpoint_function
    return await run_in_threadpool(dependant.call, **values)
           ^^^^^^^^^^^^^^^^^^^^^^^^^^^^^^^^^^^^^^^^^^^^^^^^^
  File "C:\Users\Lenovo\OneDrive\Desktop\managment system\venv\Lib\site-packages\starlette\concurrency.py", line 32, in run_in_threadpool
    return await anyio.to_thread.run_sync(func)
           ^^^^^^^^^^^^^^^^^^^^^^^^^^^^^^^^^^^^
  File "C:\Users\Lenovo\OneDrive\Desktop\managment system\venv\Lib\site-packages\anyio\to_thread.py", line 63, in run_sync
    return await get_async_backend().run_sync_in_worker_thread(
           ^^^^^^^^^^^^^^^^^^^^^^^^^^^^^^^^^^^^^^^^^^^^^^^^^^^^
        func, args, abandon_on_cancel=abandon_on_cancel, limiter=limiter
        ^^^^^^^^^^^^^^^^^^^^^^^^^^^^^^^^^^^^^^^^^^^^^^^^^^^^^^^^^^^^^^^^
    )
    ^
  File "C:\Users\Lenovo\OneDrive\Desktop\managment system\venv\Lib\site-packages\anyio\_backends\_asyncio.py", line 2518, in run_sync_in_worker_thread
    return await future
           ^^^^^^^^^^^^
  File "C:\Users\Lenovo\OneDrive\Desktop\managment system\venv\Lib\site-packages\anyio\_backends\_asyncio.py", line 1002, in run
    result = context.run(func, *args)
  File "C:\Users\Lenovo\OneDrive\Desktop\managment system\app\api.py", line 172, in add_student
    service.add_student(
    ~~~~~~~~~~~~~~~~~~~^
        data.student_id,
        ^^^^^^^^^^^^^^^^
        data.name,
        ^^^^^^^^^^
        data.marks
        ^^^^^^^^^^
    )
    ^
  File "C:\Users\Lenovo\OneDrive\Desktop\managment system\services\student_service.py", line 114, in add_student
    .first()
     ~~~~~^^
  File "C:\Users\Lenovo\OneDrive\Desktop\managment system\venv\Lib\site-packages\sqlalchemy\orm\query.py", line 2766, in first
    return self.limit(1)._iter().first()  # type: ignore
           ~~~~~~~~~~~~~~~~~~~^^
  File "C:\Users\Lenovo\OneDrive\Desktop\managment system\venv\Lib\site-packages\sqlalchemy\orm\query.py", line 2864, in _iter
    result: Union[ScalarResult[_T], Result[_T]] = self.session.execute(
                                                  ~~~~~~~~~~~~~~~~~~~~^
        statement,
        ^^^^^^^^^^
        params,
        ^^^^^^^
        execution_options={"_sa_orm_load_options": self.load_options},
        ^^^^^^^^^^^^^^^^^^^^^^^^^^^^^^^^^^^^^^^^^^^^^^^^^^^^^^^^^^^^^^
    )
    ^
  File "C:\Users\Lenovo\OneDrive\Desktop\managment system\venv\Lib\site-packages\sqlalchemy\orm\session.py", line 2351, in execute
    return self._execute_internal(
           ~~~~~~~~~~~~~~~~~~~~~~^
        statement,
        ^^^^^^^^^^
    ...<4 lines>...
        _add_event=_add_event,
        ^^^^^^^^^^^^^^^^^^^^^^
    )
    ^
  File "C:\Users\Lenovo\OneDrive\Desktop\managment system\venv\Lib\site-packages\sqlalchemy\orm\session.py", line 2249, in _execute_internal
    result: Result[Any] = compile_state_cls.orm_execute_statement(
                          ~~~~~~~~~~~~~~~~~~~~~~~~~~~~~~~~~~~~~~~^
        self,
        ^^^^^
    ...<4 lines>...
        conn,
        ^^^^^
    )
    ^
  File "C:\Users\Lenovo\OneDrive\Desktop\managment system\venv\Lib\site-packages\sqlalchemy\orm\context.py", line 306, in orm_execute_statement
    result = conn.execute(
        statement, params or {}, execution_options=execution_options
    )
  File "C:\Users\Lenovo\OneDrive\Desktop\managment system\venv\Lib\site-packages\sqlalchemy\engine\base.py", line 1419, in execute
    return meth(
        self,
        distilled_parameters,
        execution_options or NO_OPTIONS,
    )
  File "C:\Users\Lenovo\OneDrive\Desktop\managment system\venv\Lib\site-packages\sqlalchemy\sql\elements.py", line 527, in _execute_on_connection
    return connection._execute_clauseelement(
           ~~~~~~~~~~~~~~~~~~~~~~~~~~~~~~~~~^
        self, distilled_params, execution_options
        ^^^^^^^^^^^^^^^^^^^^^^^^^^^^^^^^^^^^^^^^^
    )
    ^
  File "C:\Users\Lenovo\OneDrive\Desktop\managment system\venv\Lib\site-packages\sqlalchemy\engine\base.py", line 1641, in _execute_clauseelement
    ret = self._execute_context(
        dialect,
    ...<8 lines>...
        cache_hit=cache_hit,
    )
  File "C:\Users\Lenovo\OneDrive\Desktop\managment system\venv\Lib\site-packages\sqlalchemy\engine\base.py", line 1846, in _execute_context
    return self._exec_single_context(
           ~~~~~~~~~~~~~~~~~~~~~~~~~^
        dialect, context, statement, parameters
        ^^^^^^^^^^^^^^^^^^^^^^^^^^^^^^^^^^^^^^^
    )
    ^
  File "C:\Users\Lenovo\OneDrive\Desktop\managment system\venv\Lib\site-packages\sqlalchemy\engine\base.py", line 1986, in _exec_single_context
    self._handle_dbapi_exception(
    ~~~~~~~~~~~~~~~~~~~~~~~~~~~~^
        e, str_statement, effective_parameters, cursor, context
        ^^^^^^^^^^^^^^^^^^^^^^^^^^^^^^^^^^^^^^^^^^^^^^^^^^^^^^^
    )
    ^
  File "C:\Users\Lenovo\OneDrive\Desktop\managment system\venv\Lib\site-packages\sqlalchemy\engine\base.py", line 2363, in _handle_dbapi_exception
    raise sqlalchemy_exception.with_traceback(exc_info[2]) from e
  File "C:\Users\Lenovo\OneDrive\Desktop\managment system\venv\Lib\site-packages\sqlalchemy\engine\base.py", line 1967, in _exec_single_context
    self.dialect.do_execute(
    ~~~~~~~~~~~~~~~~~~~~~~~^
        cursor, str_statement, effective_parameters, context
        ^^^^^^^^^^^^^^^^^^^^^^^^^^^^^^^^^^^^^^^^^^^^^^^^^^^^
    )
    ^
  File "C:\Users\Lenovo\OneDrive\Desktop\managment system\venv\Lib\site-packages\sqlalchemy\engine\default.py", line 952, in do_execute
    cursor.execute(statement, parameters)
    ~~~~~~~~~~~~~~^^^^^^^^^^^^^^^^^^^^^^^
sqlalchemy.exc.OperationalError: (sqlite3.OperationalError) no such table: students
[SQL: SELECT students.student_id AS students_student_id, students.name AS students_name, students.total_marks AS students_total_marks, students.percentage AS students_percentage, students.grade AS students_grade, students.version AS students_version 
FROM students 
WHERE students.student_id = ?
 LIMIT ? OFFSET ?]
[parameters: ('S01', 1, 0)]
(Background on this error at: https://sqlalche.me/e/20/e3q8)
2026-05-26 15:49:22,132 - ERROR - (sqlite3.OperationalError) no such table: students
[SQL: SELECT students.student_id AS students_student_id, students.name AS students_name, students.total_marks AS students_total_marks, students.percentage AS students_percentage, students.grade AS students_grade, students.version AS students_version 
FROM students 
WHERE students.student_id = ?
 LIMIT ? OFFSET ?]
[parameters: ('S01', 1, 0)]
(Background on this error at: https://sqlalche.me/e/20/e3q8)
Traceback (most recent call last):
  File "C:\Users\Lenovo\OneDrive\Desktop\managment system\venv\Lib\site-packages\sqlalchemy\engine\base.py", line 1967, in _exec_single_context
    self.dialect.do_execute(
    ~~~~~~~~~~~~~~~~~~~~~~~^
        cursor, str_statement, effective_parameters, context
        ^^^^^^^^^^^^^^^^^^^^^^^^^^^^^^^^^^^^^^^^^^^^^^^^^^^^
    )
    ^
  File "C:\Users\Lenovo\OneDrive\Desktop\managment system\venv\Lib\site-packages\sqlalchemy\engine\default.py", line 952, in do_execute
    cursor.execute(statement, parameters)
    ~~~~~~~~~~~~~~^^^^^^^^^^^^^^^^^^^^^^^
sqlite3.OperationalError: no such table: students

The above exception was the direct cause of the following exception:

Traceback (most recent call last):
  File "C:\Users\Lenovo\OneDrive\Desktop\managment system\venv\Lib\site-packages\starlette\middleware\errors.py", line 164, in __call__
    await self.app(scope, receive, _send)
  File "C:\Users\Lenovo\OneDrive\Desktop\managment system\venv\Lib\site-packages\starlette\middleware\base.py", line 191, in __call__
    with recv_stream, send_stream, collapse_excgroups():
                                   ~~~~~~~~~~~~~~~~~~^^
  File "C:\Python313\Lib\contextlib.py", line 162, in __exit__
    self.gen.throw(value)
    ~~~~~~~~~~~~~~^^^^^^^
  File "C:\Users\Lenovo\OneDrive\Desktop\managment system\venv\Lib\site-packages\starlette\_utils.py", line 87, in collapse_excgroups
    raise exc
  File "C:\Users\Lenovo\OneDrive\Desktop\managment system\venv\Lib\site-packages\starlette\middleware\base.py", line 193, in __call__
    response = await self.dispatch_func(request, call_next)
               ^^^^^^^^^^^^^^^^^^^^^^^^^^^^^^^^^^^^^^^^^^^^
  File "C:\Users\Lenovo\OneDrive\Desktop\managment system\middleware\rate_limit.py", line 52, in dispatch
    response = await call_next(request)
               ^^^^^^^^^^^^^^^^^^^^^^^^
  File "C:\Users\Lenovo\OneDrive\Desktop\managment system\venv\Lib\site-packages\starlette\middleware\base.py", line 168, in call_next
    raise app_exc from app_exc.__cause__ or app_exc.__context__
  File "C:\Users\Lenovo\OneDrive\Desktop\managment system\venv\Lib\site-packages\starlette\middleware\base.py", line 144, in coro
    await self.app(scope, receive_or_disconnect, send_no_error)
  File "C:\Users\Lenovo\OneDrive\Desktop\managment system\venv\Lib\site-packages\starlette\middleware\base.py", line 191, in __call__
    with recv_stream, send_stream, collapse_excgroups():
                                   ~~~~~~~~~~~~~~~~~~^^
  File "C:\Python313\Lib\contextlib.py", line 162, in __exit__
    self.gen.throw(value)
    ~~~~~~~~~~~~~~^^^^^^^
  File "C:\Users\Lenovo\OneDrive\Desktop\managment system\venv\Lib\site-packages\starlette\_utils.py", line 87, in collapse_excgroups
    raise exc
  File "C:\Users\Lenovo\OneDrive\Desktop\managment system\venv\Lib\site-packages\starlette\middleware\base.py", line 193, in __call__
    response = await self.dispatch_func(request, call_next)
               ^^^^^^^^^^^^^^^^^^^^^^^^^^^^^^^^^^^^^^^^^^^^
  File "C:\Users\Lenovo\OneDrive\Desktop\managment system\middleware\logging_middleware.py", line 24, in dispatch
    response = await call_next(request)
               ^^^^^^^^^^^^^^^^^^^^^^^^
  File "C:\Users\Lenovo\OneDrive\Desktop\managment system\venv\Lib\site-packages\starlette\middleware\base.py", line 168, in call_next
    raise app_exc from app_exc.__cause__ or app_exc.__context__
  File "C:\Users\Lenovo\OneDrive\Desktop\managment system\venv\Lib\site-packages\starlette\middleware\base.py", line 144, in coro
    await self.app(scope, receive_or_disconnect, send_no_error)
  File "C:\Users\Lenovo\OneDrive\Desktop\managment system\venv\Lib\site-packages\starlette\middleware\exceptions.py", line 63, in __call__
    await wrap_app_handling_exceptions(self.app, conn)(scope, receive, send)
  File "C:\Users\Lenovo\OneDrive\Desktop\managment system\venv\Lib\site-packages\starlette\_exception_handler.py", line 53, in wrapped_app
    raise exc
  File "C:\Users\Lenovo\OneDrive\Desktop\managment system\venv\Lib\site-packages\starlette\_exception_handler.py", line 42, in wrapped_app
    await app(scope, receive, sender)
  File "C:\Users\Lenovo\OneDrive\Desktop\managment system\venv\Lib\site-packages\fastapi\middleware\asyncexitstack.py", line 18, in __call__
    await self.app(scope, receive, send)
  File "C:\Users\Lenovo\OneDrive\Desktop\managment system\venv\Lib\site-packages\starlette\routing.py", line 660, in __call__
    await self.middleware_stack(scope, receive, send)
  File "C:\Users\Lenovo\OneDrive\Desktop\managment system\venv\Lib\site-packages\starlette\routing.py", line 680, in app
    await route.handle(scope, receive, send)
  File "C:\Users\Lenovo\OneDrive\Desktop\managment system\venv\Lib\site-packages\starlette\routing.py", line 276, in handle
    await self.app(scope, receive, send)
  File "C:\Users\Lenovo\OneDrive\Desktop\managment system\venv\Lib\site-packages\fastapi\routing.py", line 134, in app
    await wrap_app_handling_exceptions(app, request)(scope, receive, send)
  File "C:\Users\Lenovo\OneDrive\Desktop\managment system\venv\Lib\site-packages\starlette\_exception_handler.py", line 53, in wrapped_app
    raise exc
  File "C:\Users\Lenovo\OneDrive\Desktop\managment system\venv\Lib\site-packages\starlette\_exception_handler.py", line 42, in wrapped_app
    await app(scope, receive, sender)
  File "C:\Users\Lenovo\OneDrive\Desktop\managment system\venv\Lib\site-packages\fastapi\routing.py", line 120, in app
    response = await f(request)
               ^^^^^^^^^^^^^^^^
  File "C:\Users\Lenovo\OneDrive\Desktop\managment system\venv\Lib\site-packages\fastapi\routing.py", line 674, in app
    raw_response = await run_endpoint_function(
                   ^^^^^^^^^^^^^^^^^^^^^^^^^^^^
    ...<3 lines>...
    )
    ^
  File "C:\Users\Lenovo\OneDrive\Desktop\managment system\venv\Lib\site-packages\fastapi\routing.py", line 330, in run_endpoint_function
    return await run_in_threadpool(dependant.call, **values)
           ^^^^^^^^^^^^^^^^^^^^^^^^^^^^^^^^^^^^^^^^^^^^^^^^^
  File "C:\Users\Lenovo\OneDrive\Desktop\managment system\venv\Lib\site-packages\starlette\concurrency.py", line 32, in run_in_threadpool
    return await anyio.to_thread.run_sync(func)
           ^^^^^^^^^^^^^^^^^^^^^^^^^^^^^^^^^^^^
  File "C:\Users\Lenovo\OneDrive\Desktop\managment system\venv\Lib\site-packages\anyio\to_thread.py", line 63, in run_sync
    return await get_async_backend().run_sync_in_worker_thread(
           ^^^^^^^^^^^^^^^^^^^^^^^^^^^^^^^^^^^^^^^^^^^^^^^^^^^^
        func, args, abandon_on_cancel=abandon_on_cancel, limiter=limiter
        ^^^^^^^^^^^^^^^^^^^^^^^^^^^^^^^^^^^^^^^^^^^^^^^^^^^^^^^^^^^^^^^^
    )
    ^
  File "C:\Users\Lenovo\OneDrive\Desktop\managment system\venv\Lib\site-packages\anyio\_backends\_asyncio.py", line 2518, in run_sync_in_worker_thread
    return await future
           ^^^^^^^^^^^^
  File "C:\Users\Lenovo\OneDrive\Desktop\managment system\venv\Lib\site-packages\anyio\_backends\_asyncio.py", line 1002, in run
    result = context.run(func, *args)
  File "C:\Users\Lenovo\OneDrive\Desktop\managment system\app\api.py", line 172, in add_student
    service.add_student(
    ~~~~~~~~~~~~~~~~~~~^
        data.student_id,
        ^^^^^^^^^^^^^^^^
        data.name,
        ^^^^^^^^^^
        data.marks
        ^^^^^^^^^^
    )
    ^
  File "C:\Users\Lenovo\OneDrive\Desktop\managment system\services\student_service.py", line 114, in add_student
    .first()
     ~~~~~^^
  File "C:\Users\Lenovo\OneDrive\Desktop\managment system\venv\Lib\site-packages\sqlalchemy\orm\query.py", line 2766, in first
    return self.limit(1)._iter().first()  # type: ignore
           ~~~~~~~~~~~~~~~~~~~^^
  File "C:\Users\Lenovo\OneDrive\Desktop\managment system\venv\Lib\site-packages\sqlalchemy\orm\query.py", line 2864, in _iter
    result: Union[ScalarResult[_T], Result[_T]] = self.session.execute(
                                                  ~~~~~~~~~~~~~~~~~~~~^
        statement,
        ^^^^^^^^^^
        params,
        ^^^^^^^
        execution_options={"_sa_orm_load_options": self.load_options},
        ^^^^^^^^^^^^^^^^^^^^^^^^^^^^^^^^^^^^^^^^^^^^^^^^^^^^^^^^^^^^^^
    )
    ^
  File "C:\Users\Lenovo\OneDrive\Desktop\managment system\venv\Lib\site-packages\sqlalchemy\orm\session.py", line 2351, in execute
    return self._execute_internal(
           ~~~~~~~~~~~~~~~~~~~~~~^
        statement,
        ^^^^^^^^^^
    ...<4 lines>...
        _add_event=_add_event,
        ^^^^^^^^^^^^^^^^^^^^^^
    )
    ^
  File "C:\Users\Lenovo\OneDrive\Desktop\managment system\venv\Lib\site-packages\sqlalchemy\orm\session.py", line 2249, in _execute_internal
    result: Result[Any] = compile_state_cls.orm_execute_statement(
                          ~~~~~~~~~~~~~~~~~~~~~~~~~~~~~~~~~~~~~~~^
        self,
        ^^^^^
    ...<4 lines>...
        conn,
        ^^^^^
    )
    ^
  File "C:\Users\Lenovo\OneDrive\Desktop\managment system\venv\Lib\site-packages\sqlalchemy\orm\context.py", line 306, in orm_execute_statement
    result = conn.execute(
        statement, params or {}, execution_options=execution_options
    )
  File "C:\Users\Lenovo\OneDrive\Desktop\managment system\venv\Lib\site-packages\sqlalchemy\engine\base.py", line 1419, in execute
    return meth(
        self,
        distilled_parameters,
        execution_options or NO_OPTIONS,
    )
  File "C:\Users\Lenovo\OneDrive\Desktop\managment system\venv\Lib\site-packages\sqlalchemy\sql\elements.py", line 527, in _execute_on_connection
    return connection._execute_clauseelement(
           ~~~~~~~~~~~~~~~~~~~~~~~~~~~~~~~~~^
        self, distilled_params, execution_options
        ^^^^^^^^^^^^^^^^^^^^^^^^^^^^^^^^^^^^^^^^^
    )
    ^
  File "C:\Users\Lenovo\OneDrive\Desktop\managment system\venv\Lib\site-packages\sqlalchemy\engine\base.py", line 1641, in _execute_clauseelement
    ret = self._execute_context(
        dialect,
    ...<8 lines>...
        cache_hit=cache_hit,
    )
  File "C:\Users\Lenovo\OneDrive\Desktop\managment system\venv\Lib\site-packages\sqlalchemy\engine\base.py", line 1846, in _execute_context
    return self._exec_single_context(
           ~~~~~~~~~~~~~~~~~~~~~~~~~^
        dialect, context, statement, parameters
        ^^^^^^^^^^^^^^^^^^^^^^^^^^^^^^^^^^^^^^^
    )
    ^
  File "C:\Users\Lenovo\OneDrive\Desktop\managment system\venv\Lib\site-packages\sqlalchemy\engine\base.py", line 1986, in _exec_single_context
    self._handle_dbapi_exception(
    ~~~~~~~~~~~~~~~~~~~~~~~~~~~~^
        e, str_statement, effective_parameters, cursor, context
        ^^^^^^^^^^^^^^^^^^^^^^^^^^^^^^^^^^^^^^^^^^^^^^^^^^^^^^^
    )
    ^
  File "C:\Users\Lenovo\OneDrive\Desktop\managment system\venv\Lib\site-packages\sqlalchemy\engine\base.py", line 2363, in _handle_dbapi_exception
    raise sqlalchemy_exception.with_traceback(exc_info[2]) from e
  File "C:\Users\Lenovo\OneDrive\Desktop\managment system\venv\Lib\site-packages\sqlalchemy\engine\base.py", line 1967, in _exec_single_context
    self.dialect.do_execute(
    ~~~~~~~~~~~~~~~~~~~~~~~^
        cursor, str_statement, effective_parameters, context
        ^^^^^^^^^^^^^^^^^^^^^^^^^^^^^^^^^^^^^^^^^^^^^^^^^^^^
    )
    ^
  File "C:\Users\Lenovo\OneDrive\Desktop\managment system\venv\Lib\site-packages\sqlalchemy\engine\default.py", line 952, in do_execute
    cursor.execute(statement, parameters)
    ~~~~~~~~~~~~~~^^^^^^^^^^^^^^^^^^^^^^^
sqlalchemy.exc.OperationalError: (sqlite3.OperationalError) no such table: students
[SQL: SELECT students.student_id AS students_student_id, students.name AS students_name, students.total_marks AS students_total_marks, students.percentage AS students_percentage, students.grade AS students_grade, students.version AS students_version 
FROM students 
WHERE students.student_id = ?
 LIMIT ? OFFSET ?]
[parameters: ('S01', 1, 0)]
(Background on this error at: https://sqlalche.me/e/20/e3q8)
2026-05-26 15:52:09,384 - INFO - Request Started | Method=GET Path=/docs
2026-05-26 15:52:09,386 - INFO - Request Completed | Method=GET Path=/docs Status=200 Time=0.0020s
2026-05-26 15:52:09,498 - INFO - Request Started | Method=GET Path=/openapi.json
2026-05-26 15:52:09,516 - INFO - Request Completed | Method=GET Path=/openapi.json Status=200 Time=0.0180s
2026-05-26 15:52:24,441 - INFO - Request Started | Method=GET Path=/students/dashboard
2026-05-26 15:52:24,474 - ERROR - Request Failed | Method=GET Path=/students/dashboard Time=0.0325s Error=Student not found
Traceback (most recent call last):
  File "C:\Users\Lenovo\OneDrive\Desktop\managment system\middleware\logging_middleware.py", line 24, in dispatch
    response = await call_next(request)
               ^^^^^^^^^^^^^^^^^^^^^^^^
  File "C:\Users\Lenovo\OneDrive\Desktop\managment system\venv\Lib\site-packages\starlette\middleware\base.py", line 168, in call_next
    raise app_exc from app_exc.__cause__ or app_exc.__context__
  File "C:\Users\Lenovo\OneDrive\Desktop\managment system\venv\Lib\site-packages\starlette\middleware\base.py", line 144, in coro
    await self.app(scope, receive_or_disconnect, send_no_error)
  File "C:\Users\Lenovo\OneDrive\Desktop\managment system\venv\Lib\site-packages\starlette\middleware\exceptions.py", line 63, in __call__
    await wrap_app_handling_exceptions(self.app, conn)(scope, receive, send)
  File "C:\Users\Lenovo\OneDrive\Desktop\managment system\venv\Lib\site-packages\starlette\_exception_handler.py", line 53, in wrapped_app
    raise exc
  File "C:\Users\Lenovo\OneDrive\Desktop\managment system\venv\Lib\site-packages\starlette\_exception_handler.py", line 42, in wrapped_app
    await app(scope, receive, sender)
  File "C:\Users\Lenovo\OneDrive\Desktop\managment system\venv\Lib\site-packages\fastapi\middleware\asyncexitstack.py", line 18, in __call__
    await self.app(scope, receive, send)
  File "C:\Users\Lenovo\OneDrive\Desktop\managment system\venv\Lib\site-packages\starlette\routing.py", line 660, in __call__
    await self.middleware_stack(scope, receive, send)
  File "C:\Users\Lenovo\OneDrive\Desktop\managment system\venv\Lib\site-packages\starlette\routing.py", line 680, in app
    await route.handle(scope, receive, send)
  File "C:\Users\Lenovo\OneDrive\Desktop\managment system\venv\Lib\site-packages\starlette\routing.py", line 276, in handle
    await self.app(scope, receive, send)
  File "C:\Users\Lenovo\OneDrive\Desktop\managment system\venv\Lib\site-packages\fastapi\routing.py", line 134, in app
    await wrap_app_handling_exceptions(app, request)(scope, receive, send)
  File "C:\Users\Lenovo\OneDrive\Desktop\managment system\venv\Lib\site-packages\starlette\_exception_handler.py", line 53, in wrapped_app
    raise exc
  File "C:\Users\Lenovo\OneDrive\Desktop\managment system\venv\Lib\site-packages\starlette\_exception_handler.py", line 42, in wrapped_app
    await app(scope, receive, sender)
  File "C:\Users\Lenovo\OneDrive\Desktop\managment system\venv\Lib\site-packages\fastapi\routing.py", line 120, in app
    response = await f(request)
               ^^^^^^^^^^^^^^^^
  File "C:\Users\Lenovo\OneDrive\Desktop\managment system\venv\Lib\site-packages\fastapi\routing.py", line 674, in app
    raw_response = await run_endpoint_function(
                   ^^^^^^^^^^^^^^^^^^^^^^^^^^^^
    ...<3 lines>...
    )
    ^
  File "C:\Users\Lenovo\OneDrive\Desktop\managment system\venv\Lib\site-packages\fastapi\routing.py", line 330, in run_endpoint_function
    return await run_in_threadpool(dependant.call, **values)
           ^^^^^^^^^^^^^^^^^^^^^^^^^^^^^^^^^^^^^^^^^^^^^^^^^
  File "C:\Users\Lenovo\OneDrive\Desktop\managment system\venv\Lib\site-packages\starlette\concurrency.py", line 32, in run_in_threadpool
    return await anyio.to_thread.run_sync(func)
           ^^^^^^^^^^^^^^^^^^^^^^^^^^^^^^^^^^^^
  File "C:\Users\Lenovo\OneDrive\Desktop\managment system\venv\Lib\site-packages\anyio\to_thread.py", line 63, in run_sync
    return await get_async_backend().run_sync_in_worker_thread(
           ^^^^^^^^^^^^^^^^^^^^^^^^^^^^^^^^^^^^^^^^^^^^^^^^^^^^
        func, args, abandon_on_cancel=abandon_on_cancel, limiter=limiter
        ^^^^^^^^^^^^^^^^^^^^^^^^^^^^^^^^^^^^^^^^^^^^^^^^^^^^^^^^^^^^^^^^
    )
    ^
  File "C:\Users\Lenovo\OneDrive\Desktop\managment system\venv\Lib\site-packages\anyio\_backends\_asyncio.py", line 2518, in run_sync_in_worker_thread
    return await future
           ^^^^^^^^^^^^
  File "C:\Users\Lenovo\OneDrive\Desktop\managment system\venv\Lib\site-packages\anyio\_backends\_asyncio.py", line 1002, in run
    result = context.run(func, *args)
  File "C:\Users\Lenovo\OneDrive\Desktop\managment system\app\api.py", line 275, in get_student
    student = service.get_student(student_id)
  File "C:\Users\Lenovo\OneDrive\Desktop\managment system\services\student_service.py", line 215, in get_student
    raise ValueError("Student not found")
ValueError: Student not found
2026-05-26 15:52:24,483 - ERROR - Student not found
  + Exception Group Traceback (most recent call last):
  |   File "C:\Users\Lenovo\OneDrive\Desktop\managment system\venv\Lib\site-packages\starlette\_utils.py", line 81, in collapse_excgroups
  |     yield
  |   File "C:\Users\Lenovo\OneDrive\Desktop\managment system\venv\Lib\site-packages\starlette\middleware\base.py", line 192, in __call__
  |     async with anyio.create_task_group() as task_group:
  |                ~~~~~~~~~~~~~~~~~~~~~~~^^
  |   File "C:\Users\Lenovo\OneDrive\Desktop\managment system\venv\Lib\site-packages\anyio\_backends\_asyncio.py", line 799, in __aexit__
  |     raise BaseExceptionGroup(
  |         "unhandled errors in a TaskGroup", self._exceptions
  |     ) from None
  | ExceptionGroup: unhandled errors in a TaskGroup (1 sub-exception)
  +-+---------------- 1 ----------------
    | Traceback (most recent call last):
    |   File "C:\Users\Lenovo\OneDrive\Desktop\managment system\venv\Lib\site-packages\starlette\middleware\errors.py", line 164, in __call__
    |     await self.app(scope, receive, _send)
    |   File "C:\Users\Lenovo\OneDrive\Desktop\managment system\venv\Lib\site-packages\starlette\middleware\base.py", line 191, in __call__
    |     with recv_stream, send_stream, collapse_excgroups():
    |                                    ~~~~~~~~~~~~~~~~~~^^
    |   File "C:\Python313\Lib\contextlib.py", line 162, in __exit__
    |     self.gen.throw(value)
    |     ~~~~~~~~~~~~~~^^^^^^^
    |   File "C:\Users\Lenovo\OneDrive\Desktop\managment system\venv\Lib\site-packages\starlette\_utils.py", line 87, in collapse_excgroups
    |     raise exc
    |   File "C:\Users\Lenovo\OneDrive\Desktop\managment system\venv\Lib\site-packages\starlette\middleware\base.py", line 193, in __call__
    |     response = await self.dispatch_func(request, call_next)
    |                ^^^^^^^^^^^^^^^^^^^^^^^^^^^^^^^^^^^^^^^^^^^^
    |   File "C:\Users\Lenovo\OneDrive\Desktop\managment system\middleware\rate_limit.py", line 52, in dispatch
    |     response = await call_next(request)
    |                ^^^^^^^^^^^^^^^^^^^^^^^^
    |   File "C:\Users\Lenovo\OneDrive\Desktop\managment system\venv\Lib\site-packages\starlette\middleware\base.py", line 168, in call_next
    |     raise app_exc from app_exc.__cause__ or app_exc.__context__
    |   File "C:\Users\Lenovo\OneDrive\Desktop\managment system\venv\Lib\site-packages\starlette\middleware\base.py", line 144, in coro
    |     await self.app(scope, receive_or_disconnect, send_no_error)
    |   File "C:\Users\Lenovo\OneDrive\Desktop\managment system\venv\Lib\site-packages\starlette\middleware\base.py", line 191, in __call__
    |     with recv_stream, send_stream, collapse_excgroups():
    |                                    ~~~~~~~~~~~~~~~~~~^^
    |   File "C:\Python313\Lib\contextlib.py", line 162, in __exit__
    |     self.gen.throw(value)
    |     ~~~~~~~~~~~~~~^^^^^^^
    |   File "C:\Users\Lenovo\OneDrive\Desktop\managment system\venv\Lib\site-packages\starlette\_utils.py", line 87, in collapse_excgroups
    |     raise exc
    |   File "C:\Users\Lenovo\OneDrive\Desktop\managment system\venv\Lib\site-packages\starlette\middleware\base.py", line 193, in __call__
    |     response = await self.dispatch_func(request, call_next)
    |                ^^^^^^^^^^^^^^^^^^^^^^^^^^^^^^^^^^^^^^^^^^^^
    |   File "C:\Users\Lenovo\OneDrive\Desktop\managment system\middleware\logging_middleware.py", line 24, in dispatch
    |     response = await call_next(request)
    |                ^^^^^^^^^^^^^^^^^^^^^^^^
    |   File "C:\Users\Lenovo\OneDrive\Desktop\managment system\venv\Lib\site-packages\starlette\middleware\base.py", line 168, in call_next
    |     raise app_exc from app_exc.__cause__ or app_exc.__context__
    |   File "C:\Users\Lenovo\OneDrive\Desktop\managment system\venv\Lib\site-packages\starlette\middleware\base.py", line 144, in coro
    |     await self.app(scope, receive_or_disconnect, send_no_error)
    |   File "C:\Users\Lenovo\OneDrive\Desktop\managment system\venv\Lib\site-packages\starlette\middleware\exceptions.py", line 63, in __call__
    |     await wrap_app_handling_exceptions(self.app, conn)(scope, receive, send)
    |   File "C:\Users\Lenovo\OneDrive\Desktop\managment system\venv\Lib\site-packages\starlette\_exception_handler.py", line 53, in wrapped_app
    |     raise exc
    |   File "C:\Users\Lenovo\OneDrive\Desktop\managment system\venv\Lib\site-packages\starlette\_exception_handler.py", line 42, in wrapped_app
    |     await app(scope, receive, sender)
    |   File "C:\Users\Lenovo\OneDrive\Desktop\managment system\venv\Lib\site-packages\fastapi\middleware\asyncexitstack.py", line 18, in __call__
    |     await self.app(scope, receive, send)
    |   File "C:\Users\Lenovo\OneDrive\Desktop\managment system\venv\Lib\site-packages\starlette\routing.py", line 660, in __call__
    |     await self.middleware_stack(scope, receive, send)
    |   File "C:\Users\Lenovo\OneDrive\Desktop\managment system\venv\Lib\site-packages\starlette\routing.py", line 680, in app
    |     await route.handle(scope, receive, send)
    |   File "C:\Users\Lenovo\OneDrive\Desktop\managment system\venv\Lib\site-packages\starlette\routing.py", line 276, in handle
    |     await self.app(scope, receive, send)
    |   File "C:\Users\Lenovo\OneDrive\Desktop\managment system\venv\Lib\site-packages\fastapi\routing.py", line 134, in app
    |     await wrap_app_handling_exceptions(app, request)(scope, receive, send)
    |   File "C:\Users\Lenovo\OneDrive\Desktop\managment system\venv\Lib\site-packages\starlette\_exception_handler.py", line 53, in wrapped_app
    |     raise exc
    |   File "C:\Users\Lenovo\OneDrive\Desktop\managment system\venv\Lib\site-packages\starlette\_exception_handler.py", line 42, in wrapped_app
    |     await app(scope, receive, sender)
    |   File "C:\Users\Lenovo\OneDrive\Desktop\managment system\venv\Lib\site-packages\fastapi\routing.py", line 120, in app
    |     response = await f(request)
    |                ^^^^^^^^^^^^^^^^
    |   File "C:\Users\Lenovo\OneDrive\Desktop\managment system\venv\Lib\site-packages\fastapi\routing.py", line 674, in app
    |     raw_response = await run_endpoint_function(
    |                    ^^^^^^^^^^^^^^^^^^^^^^^^^^^^
    |     ...<3 lines>...
    |     )
    |     ^
    |   File "C:\Users\Lenovo\OneDrive\Desktop\managment system\venv\Lib\site-packages\fastapi\routing.py", line 330, in run_endpoint_function
    |     return await run_in_threadpool(dependant.call, **values)
    |            ^^^^^^^^^^^^^^^^^^^^^^^^^^^^^^^^^^^^^^^^^^^^^^^^^
    |   File "C:\Users\Lenovo\OneDrive\Desktop\managment system\venv\Lib\site-packages\starlette\concurrency.py", line 32, in run_in_threadpool
    |     return await anyio.to_thread.run_sync(func)
    |            ^^^^^^^^^^^^^^^^^^^^^^^^^^^^^^^^^^^^
    |   File "C:\Users\Lenovo\OneDrive\Desktop\managment system\venv\Lib\site-packages\anyio\to_thread.py", line 63, in run_sync
    |     return await get_async_backend().run_sync_in_worker_thread(
    |            ^^^^^^^^^^^^^^^^^^^^^^^^^^^^^^^^^^^^^^^^^^^^^^^^^^^^
    |         func, args, abandon_on_cancel=abandon_on_cancel, limiter=limiter
    |         ^^^^^^^^^^^^^^^^^^^^^^^^^^^^^^^^^^^^^^^^^^^^^^^^^^^^^^^^^^^^^^^^
    |     )
    |     ^
    |   File "C:\Users\Lenovo\OneDrive\Desktop\managment system\venv\Lib\site-packages\anyio\_backends\_asyncio.py", line 2518, in run_sync_in_worker_thread
    |     return await future
    |            ^^^^^^^^^^^^
    |   File "C:\Users\Lenovo\OneDrive\Desktop\managment system\venv\Lib\site-packages\anyio\_backends\_asyncio.py", line 1002, in run
    |     result = context.run(func, *args)
    |   File "C:\Users\Lenovo\OneDrive\Desktop\managment system\app\api.py", line 275, in get_student
    |     student = service.get_student(student_id)
    |   File "C:\Users\Lenovo\OneDrive\Desktop\managment system\services\student_service.py", line 215, in get_student
    |     raise ValueError("Student not found")
    | ValueError: Student not found
    +------------------------------------

The above exception was the direct cause of the following exception:

Traceback (most recent call last):
  File "C:\Users\Lenovo\OneDrive\Desktop\managment system\venv\Lib\site-packages\starlette\middleware\errors.py", line 164, in __call__
    await self.app(scope, receive, _send)
  File "C:\Users\Lenovo\OneDrive\Desktop\managment system\venv\Lib\site-packages\starlette\middleware\base.py", line 191, in __call__
    with recv_stream, send_stream, collapse_excgroups():
                                   ~~~~~~~~~~~~~~~~~~^^
  File "C:\Python313\Lib\contextlib.py", line 162, in __exit__
    self.gen.throw(value)
    ~~~~~~~~~~~~~~^^^^^^^
  File "C:\Users\Lenovo\OneDrive\Desktop\managment system\venv\Lib\site-packages\starlette\_utils.py", line 87, in collapse_excgroups
    raise exc
  File "C:\Users\Lenovo\OneDrive\Desktop\managment system\venv\Lib\site-packages\starlette\middleware\base.py", line 193, in __call__
    response = await self.dispatch_func(request, call_next)
               ^^^^^^^^^^^^^^^^^^^^^^^^^^^^^^^^^^^^^^^^^^^^
  File "C:\Users\Lenovo\OneDrive\Desktop\managment system\middleware\rate_limit.py", line 52, in dispatch
    response = await call_next(request)
               ^^^^^^^^^^^^^^^^^^^^^^^^
  File "C:\Users\Lenovo\OneDrive\Desktop\managment system\venv\Lib\site-packages\starlette\middleware\base.py", line 168, in call_next
    raise app_exc from app_exc.__cause__ or app_exc.__context__
  File "C:\Users\Lenovo\OneDrive\Desktop\managment system\venv\Lib\site-packages\starlette\middleware\base.py", line 144, in coro
    await self.app(scope, receive_or_disconnect, send_no_error)
  File "C:\Users\Lenovo\OneDrive\Desktop\managment system\venv\Lib\site-packages\starlette\middleware\base.py", line 191, in __call__
    with recv_stream, send_stream, collapse_excgroups():
                                   ~~~~~~~~~~~~~~~~~~^^
  File "C:\Python313\Lib\contextlib.py", line 162, in __exit__
    self.gen.throw(value)
    ~~~~~~~~~~~~~~^^^^^^^
  File "C:\Users\Lenovo\OneDrive\Desktop\managment system\venv\Lib\site-packages\starlette\_utils.py", line 87, in collapse_excgroups
    raise exc
  File "C:\Users\Lenovo\OneDrive\Desktop\managment system\venv\Lib\site-packages\starlette\middleware\base.py", line 193, in __call__
    response = await self.dispatch_func(request, call_next)
               ^^^^^^^^^^^^^^^^^^^^^^^^^^^^^^^^^^^^^^^^^^^^
  File "C:\Users\Lenovo\OneDrive\Desktop\managment system\middleware\logging_middleware.py", line 24, in dispatch
    response = await call_next(request)
               ^^^^^^^^^^^^^^^^^^^^^^^^
  File "C:\Users\Lenovo\OneDrive\Desktop\managment system\venv\Lib\site-packages\starlette\middleware\base.py", line 168, in call_next
    raise app_exc from app_exc.__cause__ or app_exc.__context__
  File "C:\Users\Lenovo\OneDrive\Desktop\managment system\venv\Lib\site-packages\starlette\middleware\base.py", line 144, in coro
    await self.app(scope, receive_or_disconnect, send_no_error)
  File "C:\Users\Lenovo\OneDrive\Desktop\managment system\venv\Lib\site-packages\starlette\middleware\exceptions.py", line 63, in __call__
    await wrap_app_handling_exceptions(self.app, conn)(scope, receive, send)
  File "C:\Users\Lenovo\OneDrive\Desktop\managment system\venv\Lib\site-packages\starlette\_exception_handler.py", line 53, in wrapped_app
    raise exc
  File "C:\Users\Lenovo\OneDrive\Desktop\managment system\venv\Lib\site-packages\starlette\_exception_handler.py", line 42, in wrapped_app
    await app(scope, receive, sender)
  File "C:\Users\Lenovo\OneDrive\Desktop\managment system\venv\Lib\site-packages\fastapi\middleware\asyncexitstack.py", line 18, in __call__
    await self.app(scope, receive, send)
  File "C:\Users\Lenovo\OneDrive\Desktop\managment system\venv\Lib\site-packages\starlette\routing.py", line 660, in __call__
    await self.middleware_stack(scope, receive, send)
  File "C:\Users\Lenovo\OneDrive\Desktop\managment system\venv\Lib\site-packages\starlette\routing.py", line 680, in app
    await route.handle(scope, receive, send)
  File "C:\Users\Lenovo\OneDrive\Desktop\managment system\venv\Lib\site-packages\starlette\routing.py", line 276, in handle
    await self.app(scope, receive, send)
  File "C:\Users\Lenovo\OneDrive\Desktop\managment system\venv\Lib\site-packages\fastapi\routing.py", line 134, in app
    await wrap_app_handling_exceptions(app, request)(scope, receive, send)
  File "C:\Users\Lenovo\OneDrive\Desktop\managment system\venv\Lib\site-packages\starlette\_exception_handler.py", line 53, in wrapped_app
    raise exc
  File "C:\Users\Lenovo\OneDrive\Desktop\managment system\venv\Lib\site-packages\starlette\_exception_handler.py", line 42, in wrapped_app
    await app(scope, receive, sender)
  File "C:\Users\Lenovo\OneDrive\Desktop\managment system\venv\Lib\site-packages\fastapi\routing.py", line 120, in app
    response = await f(request)
               ^^^^^^^^^^^^^^^^
  File "C:\Users\Lenovo\OneDrive\Desktop\managment system\venv\Lib\site-packages\fastapi\routing.py", line 674, in app
    raw_response = await run_endpoint_function(
                   ^^^^^^^^^^^^^^^^^^^^^^^^^^^^
    ...<3 lines>...
    )
    ^
  File "C:\Users\Lenovo\OneDrive\Desktop\managment system\venv\Lib\site-packages\fastapi\routing.py", line 330, in run_endpoint_function
    return await run_in_threadpool(dependant.call, **values)
           ^^^^^^^^^^^^^^^^^^^^^^^^^^^^^^^^^^^^^^^^^^^^^^^^^
  File "C:\Users\Lenovo\OneDrive\Desktop\managment system\venv\Lib\site-packages\starlette\concurrency.py", line 32, in run_in_threadpool
    return await anyio.to_thread.run_sync(func)
           ^^^^^^^^^^^^^^^^^^^^^^^^^^^^^^^^^^^^
  File "C:\Users\Lenovo\OneDrive\Desktop\managment system\venv\Lib\site-packages\anyio\to_thread.py", line 63, in run_sync
    return await get_async_backend().run_sync_in_worker_thread(
           ^^^^^^^^^^^^^^^^^^^^^^^^^^^^^^^^^^^^^^^^^^^^^^^^^^^^
        func, args, abandon_on_cancel=abandon_on_cancel, limiter=limiter
        ^^^^^^^^^^^^^^^^^^^^^^^^^^^^^^^^^^^^^^^^^^^^^^^^^^^^^^^^^^^^^^^^
    )
    ^
  File "C:\Users\Lenovo\OneDrive\Desktop\managment system\venv\Lib\site-packages\anyio\_backends\_asyncio.py", line 2518, in run_sync_in_worker_thread
    return await future
           ^^^^^^^^^^^^
  File "C:\Users\Lenovo\OneDrive\Desktop\managment system\venv\Lib\site-packages\anyio\_backends\_asyncio.py", line 1002, in run
    result = context.run(func, *args)
  File "C:\Users\Lenovo\OneDrive\Desktop\managment system\app\api.py", line 275, in get_student
    student = service.get_student(student_id)
  File "C:\Users\Lenovo\OneDrive\Desktop\managment system\services\student_service.py", line 215, in get_student
    raise ValueError("Student not found")
ValueError: Student not found
2026-05-26 15:56:29,894 - INFO - Request Started | Method=GET Path=/docs
2026-05-26 15:56:29,895 - INFO - Request Completed | Method=GET Path=/docs Status=200 Time=0.0009s
2026-05-26 15:56:29,985 - INFO - Request Started | Method=GET Path=/openapi.json
2026-05-26 15:56:30,004 - INFO - Request Completed | Method=GET Path=/openapi.json Status=200 Time=0.0186s
2026-05-26 15:56:39,253 - INFO - Request Started | Method=GET Path=/students/dashboard
2026-05-26 15:56:39,281 - INFO - Request Completed | Method=GET Path=/students/dashboard Status=200 Time=0.0280s
2026-05-26 15:56:55,815 - INFO - Request Started | Method=GET Path=/students/subject-analysis
2026-05-26 15:56:55,820 - INFO - Request Completed | Method=GET Path=/students/subject-analysis Status=200 Time=0.0046s
2026-05-26 15:57:02,805 - INFO - Request Started | Method=GET Path=/students/dashboard
2026-05-26 15:57:02,811 - INFO - Request Completed | Method=GET Path=/students/dashboard Status=200 Time=0.0058s
2026-05-26 15:58:19,486 - INFO - Request Started | Method=GET Path=/students/dashboard
2026-05-26 15:58:19,504 - INFO - Request Completed | Method=GET Path=/students/dashboard Status=200 Time=0.0176s
2026-05-26 15:59:32,501 - INFO - Request Started | Method=POST Path=/students
2026-05-26 15:59:32,542 - INFO - Student added: 01
2026-05-26 15:59:32,543 - INFO - Request Completed | Method=POST Path=/students Status=201 Time=0.0425s
2026-05-26 16:00:49,200 - INFO - Request Started | Method=POST Path=/students
2026-05-26 16:00:49,218 - INFO - Student added: 02
2026-05-26 16:00:49,219 - INFO - Request Completed | Method=POST Path=/students Status=201 Time=0.0190s
2026-05-26 16:02:09,497 - INFO - Request Started | Method=POST Path=/students
2026-05-26 16:02:09,507 - INFO - Student added: 03
2026-05-26 16:02:09,509 - INFO - Request Completed | Method=POST Path=/students Status=201 Time=0.0121s
2026-05-26 16:02:12,925 - INFO - Request Started | Method=GET Path=/students
2026-05-26 16:02:12,953 - INFO - Request Completed | Method=GET Path=/students Status=200 Time=0.0283s
2026-05-26 16:02:19,365 - INFO - Request Started | Method=GET Path=/students/rank-list
2026-05-26 16:02:19,377 - INFO - Request Completed | Method=GET Path=/students/rank-list Status=200 Time=0.0118s
2026-05-26 16:02:28,074 - INFO - Request Started | Method=GET Path=/students/01/insights
2026-05-26 16:02:31,848 - INFO - Request Completed | Method=GET Path=/students/01/insights Status=200 Time=3.7746s
2026-05-26 16:02:36,725 - INFO - Request Started | Method=GET Path=/students/dashboard
2026-05-26 16:02:36,729 - INFO - Request Completed | Method=GET Path=/students/dashboard Status=200 Time=0.0041s
2026-05-26 16:35:54,560 - INFO - Request Started | Method=GET Path=/docs
2026-05-26 16:35:54,563 - INFO - Request Completed | Method=GET Path=/docs Status=200 Time=0.0027s
2026-05-26 16:35:54,677 - INFO - Request Started | Method=GET Path=/openapi.json
2026-05-26 16:35:54,695 - INFO - Request Completed | Method=GET Path=/openapi.json Status=200 Time=0.0180s
2026-05-26 16:36:04,117 - INFO - Request Started | Method=GET Path=/students/dashboard
2026-05-26 16:36:04,143 - INFO - Request Completed | Method=GET Path=/students/dashboard Status=200 Time=0.0258s
2026-05-26 16:37:53,813 - INFO - Request Started | Method=GET Path=/docs
2026-05-26 16:37:53,815 - INFO - Request Completed | Method=GET Path=/docs Status=200 Time=0.0018s
2026-05-26 16:37:53,912 - INFO - Request Started | Method=GET Path=/openapi.json
2026-05-26 16:37:53,925 - INFO - Request Completed | Method=GET Path=/openapi.json Status=200 Time=0.0137s
2026-05-26 16:38:04,535 - INFO - Request Started | Method=GET Path=/students/dashboard
2026-05-26 16:38:04,576 - INFO - Request Completed | Method=GET Path=/students/dashboard Status=200 Time=0.0413s
2026-05-26 16:38:10,091 - INFO - Request Started | Method=GET Path=/students
2026-05-26 16:38:10,105 - INFO - Request Completed | Method=GET Path=/students Status=200 Time=0.0140s
2026-05-26 16:38:22,363 - INFO - Request Started | Method=GET Path=/students/rank-list
2026-05-26 16:38:22,385 - INFO - Request Completed | Method=GET Path=/students/rank-list Status=200 Time=0.0223s
2026-05-26 16:38:33,710 - INFO - Request Started | Method=GET Path=/students
2026-05-26 16:38:33,722 - INFO - Request Completed | Method=GET Path=/students Status=200 Time=0.0119s
2026-05-26 16:38:48,260 - INFO - Request Started | Method=GET Path=/students
2026-05-26 16:38:48,270 - INFO - Request Completed | Method=GET Path=/students Status=200 Time=0.0103s
2026-05-26 16:38:54,160 - INFO - Request Started | Method=GET Path=/students
2026-05-26 16:38:54,165 - INFO - Request Completed | Method=GET Path=/students Status=200 Time=0.0049s
2026-05-26 16:38:59,651 - INFO - Request Started | Method=GET Path=/students
2026-05-26 16:38:59,656 - INFO - Request Completed | Method=GET Path=/students Status=200 Time=0.0048s
2026-05-26 16:39:06,017 - INFO - Request Started | Method=GET Path=/students
2026-05-26 16:39:06,022 - INFO - Request Completed | Method=GET Path=/students Status=200 Time=0.0052s
2026-05-26 16:39:09,040 - INFO - Request Started | Method=GET Path=/students/rank-list
2026-05-26 16:39:09,042 - INFO - Request Completed | Method=GET Path=/students/rank-list Status=200 Time=0.0020s
2026-05-26 16:39:13,041 - INFO - Request Started | Method=GET Path=/students/dashboard
2026-05-26 16:39:13,045 - INFO - Request Completed | Method=GET Path=/students/dashboard Status=200 Time=0.0032s
2026-05-26 17:13:04,452 - INFO - Request Started | Method=GET Path=/docs
2026-05-26 17:13:04,454 - INFO - Request Completed | Method=GET Path=/docs Status=200 Time=0.0016s
2026-05-26 17:13:04,551 - INFO - Request Started | Method=GET Path=/openapi.json
2026-05-26 17:13:04,566 - INFO - Request Completed | Method=GET Path=/openapi.json Status=200 Time=0.0151s
2026-05-26 17:13:51,452 - INFO - Request Started | Method=GET Path=/students/dashboard
2026-05-26 17:13:51,516 - INFO - Request Completed | Method=GET Path=/students/dashboard Status=200 Time=0.0642s
2026-05-26 17:13:56,347 - INFO - Request Started | Method=GET Path=/students
2026-05-26 17:13:56,360 - INFO - Request Completed | Method=GET Path=/students Status=200 Time=0.0121s
2026-05-26 17:14:00,468 - INFO - Request Started | Method=GET Path=/students/rank-list
2026-05-26 17:14:00,476 - INFO - Request Completed | Method=GET Path=/students/rank-list Status=200 Time=0.0084s
2026-05-26 17:14:03,266 - INFO - Request Started | Method=GET Path=/students/dashboard
2026-05-26 17:14:03,268 - INFO - Request Completed | Method=GET Path=/students/dashboard Status=200 Time=0.0019s
2026-05-26 17:18:36,593 - INFO - Request Started | Method=GET Path=/students/dashboard
2026-05-26 17:18:36,618 - INFO - Request Completed | Method=GET Path=/students/dashboard Status=200 Time=0.0252s
2026-05-26 17:19:51,604 - INFO - Request Started | Method=GET Path=/docs
2026-05-26 17:19:51,605 - INFO - Request Completed | Method=GET Path=/docs Status=200 Time=0.0010s
2026-05-26 17:19:51,718 - INFO - Request Started | Method=GET Path=/openapi.json
2026-05-26 17:19:51,737 - INFO - Request Completed | Method=GET Path=/openapi.json Status=200 Time=0.0184s
2026-05-26 17:20:15,045 - INFO - Request Started | Method=GET Path=/students/dashboard
2026-05-26 17:20:15,070 - INFO - Request Completed | Method=GET Path=/students/dashboard Status=200 Time=0.0252s
2026-05-26 17:20:26,277 - INFO - Request Started | Method=GET Path=/students
2026-05-26 17:20:26,301 - INFO - Request Completed | Method=GET Path=/students Status=200 Time=0.0241s
2026-05-26 17:20:31,010 - INFO - Request Started | Method=GET Path=/students/dashboard
2026-05-26 17:20:31,013 - INFO - Request Completed | Method=GET Path=/students/dashboard Status=200 Time=0.0030s
2026-05-26 17:20:53,735 - INFO - Request Started | Method=GET Path=/students
2026-05-26 17:20:53,743 - INFO - Request Completed | Method=GET Path=/students Status=200 Time=0.0077s
2026-05-26 17:21:23,138 - INFO - Request Started | Method=GET Path=/students/dashboard
2026-05-26 17:21:23,145 - INFO - Request Completed | Method=GET Path=/students/dashboard Status=200 Time=0.0069s
2026-05-26 17:21:39,109 - INFO - Request Started | Method=GET Path=/students/rank-list
2026-05-26 17:21:39,135 - INFO - Request Completed | Method=GET Path=/students/rank-list Status=200 Time=0.0258s
2026-05-26 17:22:01,891 - INFO - Request Started | Method=GET Path=/students/priya/insights
2026-05-26 17:22:01,902 - ERROR - Request Failed | Method=GET Path=/students/priya/insights Time=0.0103s Error=Student not found
Traceback (most recent call last):
  File "C:\Users\Lenovo\OneDrive\Desktop\managment system\middleware\logging_middleware.py", line 24, in dispatch
    response = await call_next(request)
               ^^^^^^^^^^^^^^^^^^^^^^^^
  File "C:\Users\Lenovo\OneDrive\Desktop\managment system\venv\Lib\site-packages\starlette\middleware\base.py", line 168, in call_next
    raise app_exc from app_exc.__cause__ or app_exc.__context__
  File "C:\Users\Lenovo\OneDrive\Desktop\managment system\venv\Lib\site-packages\starlette\middleware\base.py", line 144, in coro
    await self.app(scope, receive_or_disconnect, send_no_error)
  File "C:\Users\Lenovo\OneDrive\Desktop\managment system\venv\Lib\site-packages\starlette\middleware\exceptions.py", line 63, in __call__
    await wrap_app_handling_exceptions(self.app, conn)(scope, receive, send)
  File "C:\Users\Lenovo\OneDrive\Desktop\managment system\venv\Lib\site-packages\starlette\_exception_handler.py", line 53, in wrapped_app
    raise exc
  File "C:\Users\Lenovo\OneDrive\Desktop\managment system\venv\Lib\site-packages\starlette\_exception_handler.py", line 42, in wrapped_app
    await app(scope, receive, sender)
  File "C:\Users\Lenovo\OneDrive\Desktop\managment system\venv\Lib\site-packages\fastapi\middleware\asyncexitstack.py", line 18, in __call__
    await self.app(scope, receive, send)
  File "C:\Users\Lenovo\OneDrive\Desktop\managment system\venv\Lib\site-packages\starlette\routing.py", line 660, in __call__
    await self.middleware_stack(scope, receive, send)
  File "C:\Users\Lenovo\OneDrive\Desktop\managment system\venv\Lib\site-packages\starlette\routing.py", line 680, in app
    await route.handle(scope, receive, send)
  File "C:\Users\Lenovo\OneDrive\Desktop\managment system\venv\Lib\site-packages\starlette\routing.py", line 276, in handle
    await self.app(scope, receive, send)
  File "C:\Users\Lenovo\OneDrive\Desktop\managment system\venv\Lib\site-packages\fastapi\routing.py", line 134, in app
    await wrap_app_handling_exceptions(app, request)(scope, receive, send)
  File "C:\Users\Lenovo\OneDrive\Desktop\managment system\venv\Lib\site-packages\starlette\_exception_handler.py", line 53, in wrapped_app
    raise exc
  File "C:\Users\Lenovo\OneDrive\Desktop\managment system\venv\Lib\site-packages\starlette\_exception_handler.py", line 42, in wrapped_app
    await app(scope, receive, sender)
  File "C:\Users\Lenovo\OneDrive\Desktop\managment system\venv\Lib\site-packages\fastapi\routing.py", line 120, in app
    response = await f(request)
               ^^^^^^^^^^^^^^^^
  File "C:\Users\Lenovo\OneDrive\Desktop\managment system\venv\Lib\site-packages\fastapi\routing.py", line 674, in app
    raw_response = await run_endpoint_function(
                   ^^^^^^^^^^^^^^^^^^^^^^^^^^^^
    ...<3 lines>...
    )
    ^
  File "C:\Users\Lenovo\OneDrive\Desktop\managment system\venv\Lib\site-packages\fastapi\routing.py", line 330, in run_endpoint_function
    return await run_in_threadpool(dependant.call, **values)
           ^^^^^^^^^^^^^^^^^^^^^^^^^^^^^^^^^^^^^^^^^^^^^^^^^
  File "C:\Users\Lenovo\OneDrive\Desktop\managment system\venv\Lib\site-packages\starlette\concurrency.py", line 32, in run_in_threadpool
    return await anyio.to_thread.run_sync(func)
           ^^^^^^^^^^^^^^^^^^^^^^^^^^^^^^^^^^^^
  File "C:\Users\Lenovo\OneDrive\Desktop\managment system\venv\Lib\site-packages\anyio\to_thread.py", line 63, in run_sync
    return await get_async_backend().run_sync_in_worker_thread(
           ^^^^^^^^^^^^^^^^^^^^^^^^^^^^^^^^^^^^^^^^^^^^^^^^^^^^
        func, args, abandon_on_cancel=abandon_on_cancel, limiter=limiter
        ^^^^^^^^^^^^^^^^^^^^^^^^^^^^^^^^^^^^^^^^^^^^^^^^^^^^^^^^^^^^^^^^
    )
    ^
  File "C:\Users\Lenovo\OneDrive\Desktop\managment system\venv\Lib\site-packages\anyio\_backends\_asyncio.py", line 2518, in run_sync_in_worker_thread
    return await future
           ^^^^^^^^^^^^
  File "C:\Users\Lenovo\OneDrive\Desktop\managment system\venv\Lib\site-packages\anyio\_backends\_asyncio.py", line 1002, in run
    result = context.run(func, *args)
  File "C:\Users\Lenovo\OneDrive\Desktop\managment system\app\api.py", line 432, in get_student_insights
    student = service.get_student(student_id)
  File "C:\Users\Lenovo\OneDrive\Desktop\managment system\services\student_service.py", line 215, in get_student
    raise ValueError("Student not found")
ValueError: Student not found
2026-05-26 17:22:01,924 - ERROR - Student not found
  + Exception Group Traceback (most recent call last):
  |   File "C:\Users\Lenovo\OneDrive\Desktop\managment system\venv\Lib\site-packages\starlette\_utils.py", line 81, in collapse_excgroups
  |     yield
  |   File "C:\Users\Lenovo\OneDrive\Desktop\managment system\venv\Lib\site-packages\starlette\middleware\base.py", line 192, in __call__
  |     async with anyio.create_task_group() as task_group:
  |                ~~~~~~~~~~~~~~~~~~~~~~~^^
  |   File "C:\Users\Lenovo\OneDrive\Desktop\managment system\venv\Lib\site-packages\anyio\_backends\_asyncio.py", line 799, in __aexit__
  |     raise BaseExceptionGroup(
  |         "unhandled errors in a TaskGroup", self._exceptions
  |     ) from None
  | ExceptionGroup: unhandled errors in a TaskGroup (1 sub-exception)
  +-+---------------- 1 ----------------
    | Traceback (most recent call last):
    |   File "C:\Users\Lenovo\OneDrive\Desktop\managment system\venv\Lib\site-packages\starlette\middleware\errors.py", line 164, in __call__
    |     await self.app(scope, receive, _send)
    |   File "C:\Users\Lenovo\OneDrive\Desktop\managment system\venv\Lib\site-packages\starlette\middleware\base.py", line 191, in __call__
    |     with recv_stream, send_stream, collapse_excgroups():
    |                                    ~~~~~~~~~~~~~~~~~~^^
    |   File "C:\Python313\Lib\contextlib.py", line 162, in __exit__
    |     self.gen.throw(value)
    |     ~~~~~~~~~~~~~~^^^^^^^
    |   File "C:\Users\Lenovo\OneDrive\Desktop\managment system\venv\Lib\site-packages\starlette\_utils.py", line 87, in collapse_excgroups
    |     raise exc
    |   File "C:\Users\Lenovo\OneDrive\Desktop\managment system\venv\Lib\site-packages\starlette\middleware\base.py", line 193, in __call__
    |     response = await self.dispatch_func(request, call_next)
    |                ^^^^^^^^^^^^^^^^^^^^^^^^^^^^^^^^^^^^^^^^^^^^
    |   File "C:\Users\Lenovo\OneDrive\Desktop\managment system\middleware\rate_limit.py", line 52, in dispatch
    |     response = await call_next(request)
    |                ^^^^^^^^^^^^^^^^^^^^^^^^
    |   File "C:\Users\Lenovo\OneDrive\Desktop\managment system\venv\Lib\site-packages\starlette\middleware\base.py", line 168, in call_next
    |     raise app_exc from app_exc.__cause__ or app_exc.__context__
    |   File "C:\Users\Lenovo\OneDrive\Desktop\managment system\venv\Lib\site-packages\starlette\middleware\base.py", line 144, in coro
    |     await self.app(scope, receive_or_disconnect, send_no_error)
    |   File "C:\Users\Lenovo\OneDrive\Desktop\managment system\venv\Lib\site-packages\starlette\middleware\base.py", line 191, in __call__
    |     with recv_stream, send_stream, collapse_excgroups():
    |                                    ~~~~~~~~~~~~~~~~~~^^
    |   File "C:\Python313\Lib\contextlib.py", line 162, in __exit__
    |     self.gen.throw(value)
    |     ~~~~~~~~~~~~~~^^^^^^^
    |   File "C:\Users\Lenovo\OneDrive\Desktop\managment system\venv\Lib\site-packages\starlette\_utils.py", line 87, in collapse_excgroups
    |     raise exc
    |   File "C:\Users\Lenovo\OneDrive\Desktop\managment system\venv\Lib\site-packages\starlette\middleware\base.py", line 193, in __call__
    |     response = await self.dispatch_func(request, call_next)
    |                ^^^^^^^^^^^^^^^^^^^^^^^^^^^^^^^^^^^^^^^^^^^^
    |   File "C:\Users\Lenovo\OneDrive\Desktop\managment system\middleware\logging_middleware.py", line 24, in dispatch
    |     response = await call_next(request)
    |                ^^^^^^^^^^^^^^^^^^^^^^^^
    |   File "C:\Users\Lenovo\OneDrive\Desktop\managment system\venv\Lib\site-packages\starlette\middleware\base.py", line 168, in call_next
    |     raise app_exc from app_exc.__cause__ or app_exc.__context__
    |   File "C:\Users\Lenovo\OneDrive\Desktop\managment system\venv\Lib\site-packages\starlette\middleware\base.py", line 144, in coro
    |     await self.app(scope, receive_or_disconnect, send_no_error)
    |   File "C:\Users\Lenovo\OneDrive\Desktop\managment system\venv\Lib\site-packages\starlette\middleware\exceptions.py", line 63, in __call__
    |     await wrap_app_handling_exceptions(self.app, conn)(scope, receive, send)
    |   File "C:\Users\Lenovo\OneDrive\Desktop\managment system\venv\Lib\site-packages\starlette\_exception_handler.py", line 53, in wrapped_app
    |     raise exc
    |   File "C:\Users\Lenovo\OneDrive\Desktop\managment system\venv\Lib\site-packages\starlette\_exception_handler.py", line 42, in wrapped_app
    |     await app(scope, receive, sender)
    |   File "C:\Users\Lenovo\OneDrive\Desktop\managment system\venv\Lib\site-packages\fastapi\middleware\asyncexitstack.py", line 18, in __call__
    |     await self.app(scope, receive, send)
    |   File "C:\Users\Lenovo\OneDrive\Desktop\managment system\venv\Lib\site-packages\starlette\routing.py", line 660, in __call__
    |     await self.middleware_stack(scope, receive, send)
    |   File "C:\Users\Lenovo\OneDrive\Desktop\managment system\venv\Lib\site-packages\starlette\routing.py", line 680, in app
    |     await route.handle(scope, receive, send)
    |   File "C:\Users\Lenovo\OneDrive\Desktop\managment system\venv\Lib\site-packages\starlette\routing.py", line 276, in handle
    |     await self.app(scope, receive, send)
    |   File "C:\Users\Lenovo\OneDrive\Desktop\managment system\venv\Lib\site-packages\fastapi\routing.py", line 134, in app
    |     await wrap_app_handling_exceptions(app, request)(scope, receive, send)
    |   File "C:\Users\Lenovo\OneDrive\Desktop\managment system\venv\Lib\site-packages\starlette\_exception_handler.py", line 53, in wrapped_app
    |     raise exc
    |   File "C:\Users\Lenovo\OneDrive\Desktop\managment system\venv\Lib\site-packages\starlette\_exception_handler.py", line 42, in wrapped_app
    |     await app(scope, receive, sender)
    |   File "C:\Users\Lenovo\OneDrive\Desktop\managment system\venv\Lib\site-packages\fastapi\routing.py", line 120, in app
    |     response = await f(request)
    |                ^^^^^^^^^^^^^^^^
    |   File "C:\Users\Lenovo\OneDrive\Desktop\managment system\venv\Lib\site-packages\fastapi\routing.py", line 674, in app
    |     raw_response = await run_endpoint_function(
    |                    ^^^^^^^^^^^^^^^^^^^^^^^^^^^^
    |     ...<3 lines>...
    |     )
    |     ^
    |   File "C:\Users\Lenovo\OneDrive\Desktop\managment system\venv\Lib\site-packages\fastapi\routing.py", line 330, in run_endpoint_function
    |     return await run_in_threadpool(dependant.call, **values)
    |            ^^^^^^^^^^^^^^^^^^^^^^^^^^^^^^^^^^^^^^^^^^^^^^^^^
    |   File "C:\Users\Lenovo\OneDrive\Desktop\managment system\venv\Lib\site-packages\starlette\concurrency.py", line 32, in run_in_threadpool
    |     return await anyio.to_thread.run_sync(func)
    |            ^^^^^^^^^^^^^^^^^^^^^^^^^^^^^^^^^^^^
    |   File "C:\Users\Lenovo\OneDrive\Desktop\managment system\venv\Lib\site-packages\anyio\to_thread.py", line 63, in run_sync
    |     return await get_async_backend().run_sync_in_worker_thread(
    |            ^^^^^^^^^^^^^^^^^^^^^^^^^^^^^^^^^^^^^^^^^^^^^^^^^^^^
    |         func, args, abandon_on_cancel=abandon_on_cancel, limiter=limiter
    |         ^^^^^^^^^^^^^^^^^^^^^^^^^^^^^^^^^^^^^^^^^^^^^^^^^^^^^^^^^^^^^^^^
    |     )
    |     ^
    |   File "C:\Users\Lenovo\OneDrive\Desktop\managment system\venv\Lib\site-packages\anyio\_backends\_asyncio.py", line 2518, in run_sync_in_worker_thread
    |     return await future
    |            ^^^^^^^^^^^^
    |   File "C:\Users\Lenovo\OneDrive\Desktop\managment system\venv\Lib\site-packages\anyio\_backends\_asyncio.py", line 1002, in run
    |     result = context.run(func, *args)
    |   File "C:\Users\Lenovo\OneDrive\Desktop\managment system\app\api.py", line 432, in get_student_insights
    |     student = service.get_student(student_id)
    |   File "C:\Users\Lenovo\OneDrive\Desktop\managment system\services\student_service.py", line 215, in get_student
    |     raise ValueError("Student not found")
    | ValueError: Student not found
    +------------------------------------

The above exception was the direct cause of the following exception:

Traceback (most recent call last):
  File "C:\Users\Lenovo\OneDrive\Desktop\managment system\venv\Lib\site-packages\starlette\middleware\errors.py", line 164, in __call__
    await self.app(scope, receive, _send)
  File "C:\Users\Lenovo\OneDrive\Desktop\managment system\venv\Lib\site-packages\starlette\middleware\base.py", line 191, in __call__
    with recv_stream, send_stream, collapse_excgroups():
                                   ~~~~~~~~~~~~~~~~~~^^
  File "C:\Python313\Lib\contextlib.py", line 162, in __exit__
    self.gen.throw(value)
    ~~~~~~~~~~~~~~^^^^^^^
  File "C:\Users\Lenovo\OneDrive\Desktop\managment system\venv\Lib\site-packages\starlette\_utils.py", line 87, in collapse_excgroups
    raise exc
  File "C:\Users\Lenovo\OneDrive\Desktop\managment system\venv\Lib\site-packages\starlette\middleware\base.py", line 193, in __call__
    response = await self.dispatch_func(request, call_next)
               ^^^^^^^^^^^^^^^^^^^^^^^^^^^^^^^^^^^^^^^^^^^^
  File "C:\Users\Lenovo\OneDrive\Desktop\managment system\middleware\rate_limit.py", line 52, in dispatch
    response = await call_next(request)
               ^^^^^^^^^^^^^^^^^^^^^^^^
  File "C:\Users\Lenovo\OneDrive\Desktop\managment system\venv\Lib\site-packages\starlette\middleware\base.py", line 168, in call_next
    raise app_exc from app_exc.__cause__ or app_exc.__context__
  File "C:\Users\Lenovo\OneDrive\Desktop\managment system\venv\Lib\site-packages\starlette\middleware\base.py", line 144, in coro
    await self.app(scope, receive_or_disconnect, send_no_error)
  File "C:\Users\Lenovo\OneDrive\Desktop\managment system\venv\Lib\site-packages\starlette\middleware\base.py", line 191, in __call__
    with recv_stream, send_stream, collapse_excgroups():
                                   ~~~~~~~~~~~~~~~~~~^^
  File "C:\Python313\Lib\contextlib.py", line 162, in __exit__
    self.gen.throw(value)
    ~~~~~~~~~~~~~~^^^^^^^
  File "C:\Users\Lenovo\OneDrive\Desktop\managment system\venv\Lib\site-packages\starlette\_utils.py", line 87, in collapse_excgroups
    raise exc
  File "C:\Users\Lenovo\OneDrive\Desktop\managment system\venv\Lib\site-packages\starlette\middleware\base.py", line 193, in __call__
    response = await self.dispatch_func(request, call_next)
               ^^^^^^^^^^^^^^^^^^^^^^^^^^^^^^^^^^^^^^^^^^^^
  File "C:\Users\Lenovo\OneDrive\Desktop\managment system\middleware\logging_middleware.py", line 24, in dispatch
    response = await call_next(request)
               ^^^^^^^^^^^^^^^^^^^^^^^^
  File "C:\Users\Lenovo\OneDrive\Desktop\managment system\venv\Lib\site-packages\starlette\middleware\base.py", line 168, in call_next
    raise app_exc from app_exc.__cause__ or app_exc.__context__
  File "C:\Users\Lenovo\OneDrive\Desktop\managment system\venv\Lib\site-packages\starlette\middleware\base.py", line 144, in coro
    await self.app(scope, receive_or_disconnect, send_no_error)
  File "C:\Users\Lenovo\OneDrive\Desktop\managment system\venv\Lib\site-packages\starlette\middleware\exceptions.py", line 63, in __call__
    await wrap_app_handling_exceptions(self.app, conn)(scope, receive, send)
  File "C:\Users\Lenovo\OneDrive\Desktop\managment system\venv\Lib\site-packages\starlette\_exception_handler.py", line 53, in wrapped_app
    raise exc
  File "C:\Users\Lenovo\OneDrive\Desktop\managment system\venv\Lib\site-packages\starlette\_exception_handler.py", line 42, in wrapped_app
    await app(scope, receive, sender)
  File "C:\Users\Lenovo\OneDrive\Desktop\managment system\venv\Lib\site-packages\fastapi\middleware\asyncexitstack.py", line 18, in __call__
    await self.app(scope, receive, send)
  File "C:\Users\Lenovo\OneDrive\Desktop\managment system\venv\Lib\site-packages\starlette\routing.py", line 660, in __call__
    await self.middleware_stack(scope, receive, send)
  File "C:\Users\Lenovo\OneDrive\Desktop\managment system\venv\Lib\site-packages\starlette\routing.py", line 680, in app
    await route.handle(scope, receive, send)
  File "C:\Users\Lenovo\OneDrive\Desktop\managment system\venv\Lib\site-packages\starlette\routing.py", line 276, in handle
    await self.app(scope, receive, send)
  File "C:\Users\Lenovo\OneDrive\Desktop\managment system\venv\Lib\site-packages\fastapi\routing.py", line 134, in app
    await wrap_app_handling_exceptions(app, request)(scope, receive, send)
  File "C:\Users\Lenovo\OneDrive\Desktop\managment system\venv\Lib\site-packages\starlette\_exception_handler.py", line 53, in wrapped_app
    raise exc
  File "C:\Users\Lenovo\OneDrive\Desktop\managment system\venv\Lib\site-packages\starlette\_exception_handler.py", line 42, in wrapped_app
    await app(scope, receive, sender)
  File "C:\Users\Lenovo\OneDrive\Desktop\managment system\venv\Lib\site-packages\fastapi\routing.py", line 120, in app
    response = await f(request)
               ^^^^^^^^^^^^^^^^
  File "C:\Users\Lenovo\OneDrive\Desktop\managment system\venv\Lib\site-packages\fastapi\routing.py", line 674, in app
    raw_response = await run_endpoint_function(
                   ^^^^^^^^^^^^^^^^^^^^^^^^^^^^
    ...<3 lines>...
    )
    ^
  File "C:\Users\Lenovo\OneDrive\Desktop\managment system\venv\Lib\site-packages\fastapi\routing.py", line 330, in run_endpoint_function
    return await run_in_threadpool(dependant.call, **values)
           ^^^^^^^^^^^^^^^^^^^^^^^^^^^^^^^^^^^^^^^^^^^^^^^^^
  File "C:\Users\Lenovo\OneDrive\Desktop\managment system\venv\Lib\site-packages\starlette\concurrency.py", line 32, in run_in_threadpool
    return await anyio.to_thread.run_sync(func)
           ^^^^^^^^^^^^^^^^^^^^^^^^^^^^^^^^^^^^
  File "C:\Users\Lenovo\OneDrive\Desktop\managment system\venv\Lib\site-packages\anyio\to_thread.py", line 63, in run_sync
    return await get_async_backend().run_sync_in_worker_thread(
           ^^^^^^^^^^^^^^^^^^^^^^^^^^^^^^^^^^^^^^^^^^^^^^^^^^^^
        func, args, abandon_on_cancel=abandon_on_cancel, limiter=limiter
        ^^^^^^^^^^^^^^^^^^^^^^^^^^^^^^^^^^^^^^^^^^^^^^^^^^^^^^^^^^^^^^^^
    )
    ^
  File "C:\Users\Lenovo\OneDrive\Desktop\managment system\venv\Lib\site-packages\anyio\_backends\_asyncio.py", line 2518, in run_sync_in_worker_thread
    return await future
           ^^^^^^^^^^^^
  File "C:\Users\Lenovo\OneDrive\Desktop\managment system\venv\Lib\site-packages\anyio\_backends\_asyncio.py", line 1002, in run
    result = context.run(func, *args)
  File "C:\Users\Lenovo\OneDrive\Desktop\managment system\app\api.py", line 432, in get_student_insights
    student = service.get_student(student_id)
  File "C:\Users\Lenovo\OneDrive\Desktop\managment system\services\student_service.py", line 215, in get_student
    raise ValueError("Student not found")
ValueError: Student not found
2026-05-26 17:22:03,849 - INFO - Request Started | Method=GET Path=/students/priya/insights
2026-05-26 17:22:03,853 - ERROR - Request Failed | Method=GET Path=/students/priya/insights Time=0.0042s Error=Student not found
Traceback (most recent call last):
  File "C:\Users\Lenovo\OneDrive\Desktop\managment system\middleware\logging_middleware.py", line 24, in dispatch
    response = await call_next(request)
               ^^^^^^^^^^^^^^^^^^^^^^^^
  File "C:\Users\Lenovo\OneDrive\Desktop\managment system\venv\Lib\site-packages\starlette\middleware\base.py", line 168, in call_next
    raise app_exc from app_exc.__cause__ or app_exc.__context__
  File "C:\Users\Lenovo\OneDrive\Desktop\managment system\venv\Lib\site-packages\starlette\middleware\base.py", line 144, in coro
    await self.app(scope, receive_or_disconnect, send_no_error)
  File "C:\Users\Lenovo\OneDrive\Desktop\managment system\venv\Lib\site-packages\starlette\middleware\exceptions.py", line 63, in __call__
    await wrap_app_handling_exceptions(self.app, conn)(scope, receive, send)
  File "C:\Users\Lenovo\OneDrive\Desktop\managment system\venv\Lib\site-packages\starlette\_exception_handler.py", line 53, in wrapped_app
    raise exc
  File "C:\Users\Lenovo\OneDrive\Desktop\managment system\venv\Lib\site-packages\starlette\_exception_handler.py", line 42, in wrapped_app
    await app(scope, receive, sender)
  File "C:\Users\Lenovo\OneDrive\Desktop\managment system\venv\Lib\site-packages\fastapi\middleware\asyncexitstack.py", line 18, in __call__
    await self.app(scope, receive, send)
  File "C:\Users\Lenovo\OneDrive\Desktop\managment system\venv\Lib\site-packages\starlette\routing.py", line 660, in __call__
    await self.middleware_stack(scope, receive, send)
  File "C:\Users\Lenovo\OneDrive\Desktop\managment system\venv\Lib\site-packages\starlette\routing.py", line 680, in app
    await route.handle(scope, receive, send)
  File "C:\Users\Lenovo\OneDrive\Desktop\managment system\venv\Lib\site-packages\starlette\routing.py", line 276, in handle
    await self.app(scope, receive, send)
  File "C:\Users\Lenovo\OneDrive\Desktop\managment system\venv\Lib\site-packages\fastapi\routing.py", line 134, in app
    await wrap_app_handling_exceptions(app, request)(scope, receive, send)
  File "C:\Users\Lenovo\OneDrive\Desktop\managment system\venv\Lib\site-packages\starlette\_exception_handler.py", line 53, in wrapped_app
    raise exc
  File "C:\Users\Lenovo\OneDrive\Desktop\managment system\venv\Lib\site-packages\starlette\_exception_handler.py", line 42, in wrapped_app
    await app(scope, receive, sender)
  File "C:\Users\Lenovo\OneDrive\Desktop\managment system\venv\Lib\site-packages\fastapi\routing.py", line 120, in app
    response = await f(request)
               ^^^^^^^^^^^^^^^^
  File "C:\Users\Lenovo\OneDrive\Desktop\managment system\venv\Lib\site-packages\fastapi\routing.py", line 674, in app
    raw_response = await run_endpoint_function(
                   ^^^^^^^^^^^^^^^^^^^^^^^^^^^^
    ...<3 lines>...
    )
    ^
  File "C:\Users\Lenovo\OneDrive\Desktop\managment system\venv\Lib\site-packages\fastapi\routing.py", line 330, in run_endpoint_function
    return await run_in_threadpool(dependant.call, **values)
           ^^^^^^^^^^^^^^^^^^^^^^^^^^^^^^^^^^^^^^^^^^^^^^^^^
  File "C:\Users\Lenovo\OneDrive\Desktop\managment system\venv\Lib\site-packages\starlette\concurrency.py", line 32, in run_in_threadpool
    return await anyio.to_thread.run_sync(func)
           ^^^^^^^^^^^^^^^^^^^^^^^^^^^^^^^^^^^^
  File "C:\Users\Lenovo\OneDrive\Desktop\managment system\venv\Lib\site-packages\anyio\to_thread.py", line 63, in run_sync
    return await get_async_backend().run_sync_in_worker_thread(
           ^^^^^^^^^^^^^^^^^^^^^^^^^^^^^^^^^^^^^^^^^^^^^^^^^^^^
        func, args, abandon_on_cancel=abandon_on_cancel, limiter=limiter
        ^^^^^^^^^^^^^^^^^^^^^^^^^^^^^^^^^^^^^^^^^^^^^^^^^^^^^^^^^^^^^^^^
    )
    ^
  File "C:\Users\Lenovo\OneDrive\Desktop\managment system\venv\Lib\site-packages\anyio\_backends\_asyncio.py", line 2518, in run_sync_in_worker_thread
    return await future
           ^^^^^^^^^^^^
  File "C:\Users\Lenovo\OneDrive\Desktop\managment system\venv\Lib\site-packages\anyio\_backends\_asyncio.py", line 1002, in run
    result = context.run(func, *args)
  File "C:\Users\Lenovo\OneDrive\Desktop\managment system\app\api.py", line 432, in get_student_insights
    student = service.get_student(student_id)
  File "C:\Users\Lenovo\OneDrive\Desktop\managment system\services\student_service.py", line 215, in get_student
    raise ValueError("Student not found")
ValueError: Student not found
2026-05-26 17:22:03,856 - ERROR - Student not found
  + Exception Group Traceback (most recent call last):
  |   File "C:\Users\Lenovo\OneDrive\Desktop\managment system\venv\Lib\site-packages\starlette\_utils.py", line 81, in collapse_excgroups
  |     yield
  |   File "C:\Users\Lenovo\OneDrive\Desktop\managment system\venv\Lib\site-packages\starlette\middleware\base.py", line 192, in __call__
  |     async with anyio.create_task_group() as task_group:
  |                ~~~~~~~~~~~~~~~~~~~~~~~^^
  |   File "C:\Users\Lenovo\OneDrive\Desktop\managment system\venv\Lib\site-packages\anyio\_backends\_asyncio.py", line 799, in __aexit__
  |     raise BaseExceptionGroup(
  |         "unhandled errors in a TaskGroup", self._exceptions
  |     ) from None
  | ExceptionGroup: unhandled errors in a TaskGroup (1 sub-exception)
  +-+---------------- 1 ----------------
    | Traceback (most recent call last):
    |   File "C:\Users\Lenovo\OneDrive\Desktop\managment system\venv\Lib\site-packages\starlette\middleware\errors.py", line 164, in __call__
    |     await self.app(scope, receive, _send)
    |   File "C:\Users\Lenovo\OneDrive\Desktop\managment system\venv\Lib\site-packages\starlette\middleware\base.py", line 191, in __call__
    |     with recv_stream, send_stream, collapse_excgroups():
    |                                    ~~~~~~~~~~~~~~~~~~^^
    |   File "C:\Python313\Lib\contextlib.py", line 162, in __exit__
    |     self.gen.throw(value)
    |     ~~~~~~~~~~~~~~^^^^^^^
    |   File "C:\Users\Lenovo\OneDrive\Desktop\managment system\venv\Lib\site-packages\starlette\_utils.py", line 87, in collapse_excgroups
    |     raise exc
    |   File "C:\Users\Lenovo\OneDrive\Desktop\managment system\venv\Lib\site-packages\starlette\middleware\base.py", line 193, in __call__
    |     response = await self.dispatch_func(request, call_next)
    |                ^^^^^^^^^^^^^^^^^^^^^^^^^^^^^^^^^^^^^^^^^^^^
    |   File "C:\Users\Lenovo\OneDrive\Desktop\managment system\middleware\rate_limit.py", line 52, in dispatch
    |     response = await call_next(request)
    |                ^^^^^^^^^^^^^^^^^^^^^^^^
    |   File "C:\Users\Lenovo\OneDrive\Desktop\managment system\venv\Lib\site-packages\starlette\middleware\base.py", line 168, in call_next
    |     raise app_exc from app_exc.__cause__ or app_exc.__context__
    |   File "C:\Users\Lenovo\OneDrive\Desktop\managment system\venv\Lib\site-packages\starlette\middleware\base.py", line 144, in coro
    |     await self.app(scope, receive_or_disconnect, send_no_error)
    |   File "C:\Users\Lenovo\OneDrive\Desktop\managment system\venv\Lib\site-packages\starlette\middleware\base.py", line 191, in __call__
    |     with recv_stream, send_stream, collapse_excgroups():
    |                                    ~~~~~~~~~~~~~~~~~~^^
    |   File "C:\Python313\Lib\contextlib.py", line 162, in __exit__
    |     self.gen.throw(value)
    |     ~~~~~~~~~~~~~~^^^^^^^
    |   File "C:\Users\Lenovo\OneDrive\Desktop\managment system\venv\Lib\site-packages\starlette\_utils.py", line 87, in collapse_excgroups
    |     raise exc
    |   File "C:\Users\Lenovo\OneDrive\Desktop\managment system\venv\Lib\site-packages\starlette\middleware\base.py", line 193, in __call__
    |     response = await self.dispatch_func(request, call_next)
    |                ^^^^^^^^^^^^^^^^^^^^^^^^^^^^^^^^^^^^^^^^^^^^
    |   File "C:\Users\Lenovo\OneDrive\Desktop\managment system\middleware\logging_middleware.py", line 24, in dispatch
    |     response = await call_next(request)
    |                ^^^^^^^^^^^^^^^^^^^^^^^^
    |   File "C:\Users\Lenovo\OneDrive\Desktop\managment system\venv\Lib\site-packages\starlette\middleware\base.py", line 168, in call_next
    |     raise app_exc from app_exc.__cause__ or app_exc.__context__
    |   File "C:\Users\Lenovo\OneDrive\Desktop\managment system\venv\Lib\site-packages\starlette\middleware\base.py", line 144, in coro
    |     await self.app(scope, receive_or_disconnect, send_no_error)
    |   File "C:\Users\Lenovo\OneDrive\Desktop\managment system\venv\Lib\site-packages\starlette\middleware\exceptions.py", line 63, in __call__
    |     await wrap_app_handling_exceptions(self.app, conn)(scope, receive, send)
    |   File "C:\Users\Lenovo\OneDrive\Desktop\managment system\venv\Lib\site-packages\starlette\_exception_handler.py", line 53, in wrapped_app
    |     raise exc
    |   File "C:\Users\Lenovo\OneDrive\Desktop\managment system\venv\Lib\site-packages\starlette\_exception_handler.py", line 42, in wrapped_app
    |     await app(scope, receive, sender)
    |   File "C:\Users\Lenovo\OneDrive\Desktop\managment system\venv\Lib\site-packages\fastapi\middleware\asyncexitstack.py", line 18, in __call__
    |     await self.app(scope, receive, send)
    |   File "C:\Users\Lenovo\OneDrive\Desktop\managment system\venv\Lib\site-packages\starlette\routing.py", line 660, in __call__
    |     await self.middleware_stack(scope, receive, send)
    |   File "C:\Users\Lenovo\OneDrive\Desktop\managment system\venv\Lib\site-packages\starlette\routing.py", line 680, in app
    |     await route.handle(scope, receive, send)
    |   File "C:\Users\Lenovo\OneDrive\Desktop\managment system\venv\Lib\site-packages\starlette\routing.py", line 276, in handle
    |     await self.app(scope, receive, send)
    |   File "C:\Users\Lenovo\OneDrive\Desktop\managment system\venv\Lib\site-packages\fastapi\routing.py", line 134, in app
    |     await wrap_app_handling_exceptions(app, request)(scope, receive, send)
    |   File "C:\Users\Lenovo\OneDrive\Desktop\managment system\venv\Lib\site-packages\starlette\_exception_handler.py", line 53, in wrapped_app
    |     raise exc
    |   File "C:\Users\Lenovo\OneDrive\Desktop\managment system\venv\Lib\site-packages\starlette\_exception_handler.py", line 42, in wrapped_app
    |     await app(scope, receive, sender)
    |   File "C:\Users\Lenovo\OneDrive\Desktop\managment system\venv\Lib\site-packages\fastapi\routing.py", line 120, in app
    |     response = await f(request)
    |                ^^^^^^^^^^^^^^^^
    |   File "C:\Users\Lenovo\OneDrive\Desktop\managment system\venv\Lib\site-packages\fastapi\routing.py", line 674, in app
    |     raw_response = await run_endpoint_function(
    |                    ^^^^^^^^^^^^^^^^^^^^^^^^^^^^
    |     ...<3 lines>...
    |     )
    |     ^
    |   File "C:\Users\Lenovo\OneDrive\Desktop\managment system\venv\Lib\site-packages\fastapi\routing.py", line 330, in run_endpoint_function
    |     return await run_in_threadpool(dependant.call, **values)
    |            ^^^^^^^^^^^^^^^^^^^^^^^^^^^^^^^^^^^^^^^^^^^^^^^^^
    |   File "C:\Users\Lenovo\OneDrive\Desktop\managment system\venv\Lib\site-packages\starlette\concurrency.py", line 32, in run_in_threadpool
    |     return await anyio.to_thread.run_sync(func)
    |            ^^^^^^^^^^^^^^^^^^^^^^^^^^^^^^^^^^^^
    |   File "C:\Users\Lenovo\OneDrive\Desktop\managment system\venv\Lib\site-packages\anyio\to_thread.py", line 63, in run_sync
    |     return await get_async_backend().run_sync_in_worker_thread(
    |            ^^^^^^^^^^^^^^^^^^^^^^^^^^^^^^^^^^^^^^^^^^^^^^^^^^^^
    |         func, args, abandon_on_cancel=abandon_on_cancel, limiter=limiter
    |         ^^^^^^^^^^^^^^^^^^^^^^^^^^^^^^^^^^^^^^^^^^^^^^^^^^^^^^^^^^^^^^^^
    |     )
    |     ^
    |   File "C:\Users\Lenovo\OneDrive\Desktop\managment system\venv\Lib\site-packages\anyio\_backends\_asyncio.py", line 2518, in run_sync_in_worker_thread
    |     return await future
    |            ^^^^^^^^^^^^
    |   File "C:\Users\Lenovo\OneDrive\Desktop\managment system\venv\Lib\site-packages\anyio\_backends\_asyncio.py", line 1002, in run
    |     result = context.run(func, *args)
    |   File "C:\Users\Lenovo\OneDrive\Desktop\managment system\app\api.py", line 432, in get_student_insights
    |     student = service.get_student(student_id)
    |   File "C:\Users\Lenovo\OneDrive\Desktop\managment system\services\student_service.py", line 215, in get_student
    |     raise ValueError("Student not found")
    | ValueError: Student not found
    +------------------------------------

The above exception was the direct cause of the following exception:

Traceback (most recent call last):
  File "C:\Users\Lenovo\OneDrive\Desktop\managment system\venv\Lib\site-packages\starlette\middleware\errors.py", line 164, in __call__
    await self.app(scope, receive, _send)
  File "C:\Users\Lenovo\OneDrive\Desktop\managment system\venv\Lib\site-packages\starlette\middleware\base.py", line 191, in __call__
    with recv_stream, send_stream, collapse_excgroups():
                                   ~~~~~~~~~~~~~~~~~~^^
  File "C:\Python313\Lib\contextlib.py", line 162, in __exit__
    self.gen.throw(value)
    ~~~~~~~~~~~~~~^^^^^^^
  File "C:\Users\Lenovo\OneDrive\Desktop\managment system\venv\Lib\site-packages\starlette\_utils.py", line 87, in collapse_excgroups
    raise exc
  File "C:\Users\Lenovo\OneDrive\Desktop\managment system\venv\Lib\site-packages\starlette\middleware\base.py", line 193, in __call__
    response = await self.dispatch_func(request, call_next)
               ^^^^^^^^^^^^^^^^^^^^^^^^^^^^^^^^^^^^^^^^^^^^
  File "C:\Users\Lenovo\OneDrive\Desktop\managment system\middleware\rate_limit.py", line 52, in dispatch
    response = await call_next(request)
               ^^^^^^^^^^^^^^^^^^^^^^^^
  File "C:\Users\Lenovo\OneDrive\Desktop\managment system\venv\Lib\site-packages\starlette\middleware\base.py", line 168, in call_next
    raise app_exc from app_exc.__cause__ or app_exc.__context__
  File "C:\Users\Lenovo\OneDrive\Desktop\managment system\venv\Lib\site-packages\starlette\middleware\base.py", line 144, in coro
    await self.app(scope, receive_or_disconnect, send_no_error)
  File "C:\Users\Lenovo\OneDrive\Desktop\managment system\venv\Lib\site-packages\starlette\middleware\base.py", line 191, in __call__
    with recv_stream, send_stream, collapse_excgroups():
                                   ~~~~~~~~~~~~~~~~~~^^
  File "C:\Python313\Lib\contextlib.py", line 162, in __exit__
    self.gen.throw(value)
    ~~~~~~~~~~~~~~^^^^^^^
  File "C:\Users\Lenovo\OneDrive\Desktop\managment system\venv\Lib\site-packages\starlette\_utils.py", line 87, in collapse_excgroups
    raise exc
  File "C:\Users\Lenovo\OneDrive\Desktop\managment system\venv\Lib\site-packages\starlette\middleware\base.py", line 193, in __call__
    response = await self.dispatch_func(request, call_next)
               ^^^^^^^^^^^^^^^^^^^^^^^^^^^^^^^^^^^^^^^^^^^^
  File "C:\Users\Lenovo\OneDrive\Desktop\managment system\middleware\logging_middleware.py", line 24, in dispatch
    response = await call_next(request)
               ^^^^^^^^^^^^^^^^^^^^^^^^
  File "C:\Users\Lenovo\OneDrive\Desktop\managment system\venv\Lib\site-packages\starlette\middleware\base.py", line 168, in call_next
    raise app_exc from app_exc.__cause__ or app_exc.__context__
  File "C:\Users\Lenovo\OneDrive\Desktop\managment system\venv\Lib\site-packages\starlette\middleware\base.py", line 144, in coro
    await self.app(scope, receive_or_disconnect, send_no_error)
  File "C:\Users\Lenovo\OneDrive\Desktop\managment system\venv\Lib\site-packages\starlette\middleware\exceptions.py", line 63, in __call__
    await wrap_app_handling_exceptions(self.app, conn)(scope, receive, send)
  File "C:\Users\Lenovo\OneDrive\Desktop\managment system\venv\Lib\site-packages\starlette\_exception_handler.py", line 53, in wrapped_app
    raise exc
  File "C:\Users\Lenovo\OneDrive\Desktop\managment system\venv\Lib\site-packages\starlette\_exception_handler.py", line 42, in wrapped_app
    await app(scope, receive, sender)
  File "C:\Users\Lenovo\OneDrive\Desktop\managment system\venv\Lib\site-packages\fastapi\middleware\asyncexitstack.py", line 18, in __call__
    await self.app(scope, receive, send)
  File "C:\Users\Lenovo\OneDrive\Desktop\managment system\venv\Lib\site-packages\starlette\routing.py", line 660, in __call__
    await self.middleware_stack(scope, receive, send)
  File "C:\Users\Lenovo\OneDrive\Desktop\managment system\venv\Lib\site-packages\starlette\routing.py", line 680, in app
    await route.handle(scope, receive, send)
  File "C:\Users\Lenovo\OneDrive\Desktop\managment system\venv\Lib\site-packages\starlette\routing.py", line 276, in handle
    await self.app(scope, receive, send)
  File "C:\Users\Lenovo\OneDrive\Desktop\managment system\venv\Lib\site-packages\fastapi\routing.py", line 134, in app
    await wrap_app_handling_exceptions(app, request)(scope, receive, send)
  File "C:\Users\Lenovo\OneDrive\Desktop\managment system\venv\Lib\site-packages\starlette\_exception_handler.py", line 53, in wrapped_app
    raise exc
  File "C:\Users\Lenovo\OneDrive\Desktop\managment system\venv\Lib\site-packages\starlette\_exception_handler.py", line 42, in wrapped_app
    await app(scope, receive, sender)
  File "C:\Users\Lenovo\OneDrive\Desktop\managment system\venv\Lib\site-packages\fastapi\routing.py", line 120, in app
    response = await f(request)
               ^^^^^^^^^^^^^^^^
  File "C:\Users\Lenovo\OneDrive\Desktop\managment system\venv\Lib\site-packages\fastapi\routing.py", line 674, in app
    raw_response = await run_endpoint_function(
                   ^^^^^^^^^^^^^^^^^^^^^^^^^^^^
    ...<3 lines>...
    )
    ^
  File "C:\Users\Lenovo\OneDrive\Desktop\managment system\venv\Lib\site-packages\fastapi\routing.py", line 330, in run_endpoint_function
    return await run_in_threadpool(dependant.call, **values)
           ^^^^^^^^^^^^^^^^^^^^^^^^^^^^^^^^^^^^^^^^^^^^^^^^^
  File "C:\Users\Lenovo\OneDrive\Desktop\managment system\venv\Lib\site-packages\starlette\concurrency.py", line 32, in run_in_threadpool
    return await anyio.to_thread.run_sync(func)
           ^^^^^^^^^^^^^^^^^^^^^^^^^^^^^^^^^^^^
  File "C:\Users\Lenovo\OneDrive\Desktop\managment system\venv\Lib\site-packages\anyio\to_thread.py", line 63, in run_sync
    return await get_async_backend().run_sync_in_worker_thread(
           ^^^^^^^^^^^^^^^^^^^^^^^^^^^^^^^^^^^^^^^^^^^^^^^^^^^^
        func, args, abandon_on_cancel=abandon_on_cancel, limiter=limiter
        ^^^^^^^^^^^^^^^^^^^^^^^^^^^^^^^^^^^^^^^^^^^^^^^^^^^^^^^^^^^^^^^^
    )
    ^
  File "C:\Users\Lenovo\OneDrive\Desktop\managment system\venv\Lib\site-packages\anyio\_backends\_asyncio.py", line 2518, in run_sync_in_worker_thread
    return await future
           ^^^^^^^^^^^^
  File "C:\Users\Lenovo\OneDrive\Desktop\managment system\venv\Lib\site-packages\anyio\_backends\_asyncio.py", line 1002, in run
    result = context.run(func, *args)
  File "C:\Users\Lenovo\OneDrive\Desktop\managment system\app\api.py", line 432, in get_student_insights
    student = service.get_student(student_id)
  File "C:\Users\Lenovo\OneDrive\Desktop\managment system\services\student_service.py", line 215, in get_student
    raise ValueError("Student not found")
ValueError: Student not found
2026-05-26 17:22:10,590 - INFO - Request Started | Method=GET Path=/students/Priya/insights
2026-05-26 17:22:10,593 - ERROR - Request Failed | Method=GET Path=/students/Priya/insights Time=0.0028s Error=Student not found
Traceback (most recent call last):
  File "C:\Users\Lenovo\OneDrive\Desktop\managment system\middleware\logging_middleware.py", line 24, in dispatch
    response = await call_next(request)
               ^^^^^^^^^^^^^^^^^^^^^^^^
  File "C:\Users\Lenovo\OneDrive\Desktop\managment system\venv\Lib\site-packages\starlette\middleware\base.py", line 168, in call_next
    raise app_exc from app_exc.__cause__ or app_exc.__context__
  File "C:\Users\Lenovo\OneDrive\Desktop\managment system\venv\Lib\site-packages\starlette\middleware\base.py", line 144, in coro
    await self.app(scope, receive_or_disconnect, send_no_error)
  File "C:\Users\Lenovo\OneDrive\Desktop\managment system\venv\Lib\site-packages\starlette\middleware\exceptions.py", line 63, in __call__
    await wrap_app_handling_exceptions(self.app, conn)(scope, receive, send)
  File "C:\Users\Lenovo\OneDrive\Desktop\managment system\venv\Lib\site-packages\starlette\_exception_handler.py", line 53, in wrapped_app
    raise exc
  File "C:\Users\Lenovo\OneDrive\Desktop\managment system\venv\Lib\site-packages\starlette\_exception_handler.py", line 42, in wrapped_app
    await app(scope, receive, sender)
  File "C:\Users\Lenovo\OneDrive\Desktop\managment system\venv\Lib\site-packages\fastapi\middleware\asyncexitstack.py", line 18, in __call__
    await self.app(scope, receive, send)
  File "C:\Users\Lenovo\OneDrive\Desktop\managment system\venv\Lib\site-packages\starlette\routing.py", line 660, in __call__
    await self.middleware_stack(scope, receive, send)
  File "C:\Users\Lenovo\OneDrive\Desktop\managment system\venv\Lib\site-packages\starlette\routing.py", line 680, in app
    await route.handle(scope, receive, send)
  File "C:\Users\Lenovo\OneDrive\Desktop\managment system\venv\Lib\site-packages\starlette\routing.py", line 276, in handle
    await self.app(scope, receive, send)
  File "C:\Users\Lenovo\OneDrive\Desktop\managment system\venv\Lib\site-packages\fastapi\routing.py", line 134, in app
    await wrap_app_handling_exceptions(app, request)(scope, receive, send)
  File "C:\Users\Lenovo\OneDrive\Desktop\managment system\venv\Lib\site-packages\starlette\_exception_handler.py", line 53, in wrapped_app
    raise exc
  File "C:\Users\Lenovo\OneDrive\Desktop\managment system\venv\Lib\site-packages\starlette\_exception_handler.py", line 42, in wrapped_app
    await app(scope, receive, sender)
  File "C:\Users\Lenovo\OneDrive\Desktop\managment system\venv\Lib\site-packages\fastapi\routing.py", line 120, in app
    response = await f(request)
               ^^^^^^^^^^^^^^^^
  File "C:\Users\Lenovo\OneDrive\Desktop\managment system\venv\Lib\site-packages\fastapi\routing.py", line 674, in app
    raw_response = await run_endpoint_function(
                   ^^^^^^^^^^^^^^^^^^^^^^^^^^^^
    ...<3 lines>...
    )
    ^
  File "C:\Users\Lenovo\OneDrive\Desktop\managment system\venv\Lib\site-packages\fastapi\routing.py", line 330, in run_endpoint_function
    return await run_in_threadpool(dependant.call, **values)
           ^^^^^^^^^^^^^^^^^^^^^^^^^^^^^^^^^^^^^^^^^^^^^^^^^
  File "C:\Users\Lenovo\OneDrive\Desktop\managment system\venv\Lib\site-packages\starlette\concurrency.py", line 32, in run_in_threadpool
    return await anyio.to_thread.run_sync(func)
           ^^^^^^^^^^^^^^^^^^^^^^^^^^^^^^^^^^^^
  File "C:\Users\Lenovo\OneDrive\Desktop\managment system\venv\Lib\site-packages\anyio\to_thread.py", line 63, in run_sync
    return await get_async_backend().run_sync_in_worker_thread(
           ^^^^^^^^^^^^^^^^^^^^^^^^^^^^^^^^^^^^^^^^^^^^^^^^^^^^
        func, args, abandon_on_cancel=abandon_on_cancel, limiter=limiter
        ^^^^^^^^^^^^^^^^^^^^^^^^^^^^^^^^^^^^^^^^^^^^^^^^^^^^^^^^^^^^^^^^
    )
    ^
  File "C:\Users\Lenovo\OneDrive\Desktop\managment system\venv\Lib\site-packages\anyio\_backends\_asyncio.py", line 2518, in run_sync_in_worker_thread
    return await future
           ^^^^^^^^^^^^
  File "C:\Users\Lenovo\OneDrive\Desktop\managment system\venv\Lib\site-packages\anyio\_backends\_asyncio.py", line 1002, in run
    result = context.run(func, *args)
  File "C:\Users\Lenovo\OneDrive\Desktop\managment system\app\api.py", line 432, in get_student_insights
    student = service.get_student(student_id)
  File "C:\Users\Lenovo\OneDrive\Desktop\managment system\services\student_service.py", line 215, in get_student
    raise ValueError("Student not found")
ValueError: Student not found
2026-05-26 17:22:10,596 - ERROR - Student not found
  + Exception Group Traceback (most recent call last):
  |   File "C:\Users\Lenovo\OneDrive\Desktop\managment system\venv\Lib\site-packages\starlette\_utils.py", line 81, in collapse_excgroups
  |     yield
  |   File "C:\Users\Lenovo\OneDrive\Desktop\managment system\venv\Lib\site-packages\starlette\middleware\base.py", line 192, in __call__
  |     async with anyio.create_task_group() as task_group:
  |                ~~~~~~~~~~~~~~~~~~~~~~~^^
  |   File "C:\Users\Lenovo\OneDrive\Desktop\managment system\venv\Lib\site-packages\anyio\_backends\_asyncio.py", line 799, in __aexit__
  |     raise BaseExceptionGroup(
  |         "unhandled errors in a TaskGroup", self._exceptions
  |     ) from None
  | ExceptionGroup: unhandled errors in a TaskGroup (1 sub-exception)
  +-+---------------- 1 ----------------
    | Traceback (most recent call last):
    |   File "C:\Users\Lenovo\OneDrive\Desktop\managment system\venv\Lib\site-packages\starlette\middleware\errors.py", line 164, in __call__
    |     await self.app(scope, receive, _send)
    |   File "C:\Users\Lenovo\OneDrive\Desktop\managment system\venv\Lib\site-packages\starlette\middleware\base.py", line 191, in __call__
    |     with recv_stream, send_stream, collapse_excgroups():
    |                                    ~~~~~~~~~~~~~~~~~~^^
    |   File "C:\Python313\Lib\contextlib.py", line 162, in __exit__
    |     self.gen.throw(value)
    |     ~~~~~~~~~~~~~~^^^^^^^
    |   File "C:\Users\Lenovo\OneDrive\Desktop\managment system\venv\Lib\site-packages\starlette\_utils.py", line 87, in collapse_excgroups
    |     raise exc
    |   File "C:\Users\Lenovo\OneDrive\Desktop\managment system\venv\Lib\site-packages\starlette\middleware\base.py", line 193, in __call__
    |     response = await self.dispatch_func(request, call_next)
    |                ^^^^^^^^^^^^^^^^^^^^^^^^^^^^^^^^^^^^^^^^^^^^
    |   File "C:\Users\Lenovo\OneDrive\Desktop\managment system\middleware\rate_limit.py", line 52, in dispatch
    |     response = await call_next(request)
    |                ^^^^^^^^^^^^^^^^^^^^^^^^
    |   File "C:\Users\Lenovo\OneDrive\Desktop\managment system\venv\Lib\site-packages\starlette\middleware\base.py", line 168, in call_next
    |     raise app_exc from app_exc.__cause__ or app_exc.__context__
    |   File "C:\Users\Lenovo\OneDrive\Desktop\managment system\venv\Lib\site-packages\starlette\middleware\base.py", line 144, in coro
    |     await self.app(scope, receive_or_disconnect, send_no_error)
    |   File "C:\Users\Lenovo\OneDrive\Desktop\managment system\venv\Lib\site-packages\starlette\middleware\base.py", line 191, in __call__
    |     with recv_stream, send_stream, collapse_excgroups():
    |                                    ~~~~~~~~~~~~~~~~~~^^
    |   File "C:\Python313\Lib\contextlib.py", line 162, in __exit__
    |     self.gen.throw(value)
    |     ~~~~~~~~~~~~~~^^^^^^^
    |   File "C:\Users\Lenovo\OneDrive\Desktop\managment system\venv\Lib\site-packages\starlette\_utils.py", line 87, in collapse_excgroups
    |     raise exc
    |   File "C:\Users\Lenovo\OneDrive\Desktop\managment system\venv\Lib\site-packages\starlette\middleware\base.py", line 193, in __call__
    |     response = await self.dispatch_func(request, call_next)
    |                ^^^^^^^^^^^^^^^^^^^^^^^^^^^^^^^^^^^^^^^^^^^^
    |   File "C:\Users\Lenovo\OneDrive\Desktop\managment system\middleware\logging_middleware.py", line 24, in dispatch
    |     response = await call_next(request)
    |                ^^^^^^^^^^^^^^^^^^^^^^^^
    |   File "C:\Users\Lenovo\OneDrive\Desktop\managment system\venv\Lib\site-packages\starlette\middleware\base.py", line 168, in call_next
    |     raise app_exc from app_exc.__cause__ or app_exc.__context__
    |   File "C:\Users\Lenovo\OneDrive\Desktop\managment system\venv\Lib\site-packages\starlette\middleware\base.py", line 144, in coro
    |     await self.app(scope, receive_or_disconnect, send_no_error)
    |   File "C:\Users\Lenovo\OneDrive\Desktop\managment system\venv\Lib\site-packages\starlette\middleware\exceptions.py", line 63, in __call__
    |     await wrap_app_handling_exceptions(self.app, conn)(scope, receive, send)
    |   File "C:\Users\Lenovo\OneDrive\Desktop\managment system\venv\Lib\site-packages\starlette\_exception_handler.py", line 53, in wrapped_app
    |     raise exc
    |   File "C:\Users\Lenovo\OneDrive\Desktop\managment system\venv\Lib\site-packages\starlette\_exception_handler.py", line 42, in wrapped_app
    |     await app(scope, receive, sender)
    |   File "C:\Users\Lenovo\OneDrive\Desktop\managment system\venv\Lib\site-packages\fastapi\middleware\asyncexitstack.py", line 18, in __call__
    |     await self.app(scope, receive, send)
    |   File "C:\Users\Lenovo\OneDrive\Desktop\managment system\venv\Lib\site-packages\starlette\routing.py", line 660, in __call__
    |     await self.middleware_stack(scope, receive, send)
    |   File "C:\Users\Lenovo\OneDrive\Desktop\managment system\venv\Lib\site-packages\starlette\routing.py", line 680, in app
    |     await route.handle(scope, receive, send)
    |   File "C:\Users\Lenovo\OneDrive\Desktop\managment system\venv\Lib\site-packages\starlette\routing.py", line 276, in handle
    |     await self.app(scope, receive, send)
    |   File "C:\Users\Lenovo\OneDrive\Desktop\managment system\venv\Lib\site-packages\fastapi\routing.py", line 134, in app
    |     await wrap_app_handling_exceptions(app, request)(scope, receive, send)
    |   File "C:\Users\Lenovo\OneDrive\Desktop\managment system\venv\Lib\site-packages\starlette\_exception_handler.py", line 53, in wrapped_app
    |     raise exc
    |   File "C:\Users\Lenovo\OneDrive\Desktop\managment system\venv\Lib\site-packages\starlette\_exception_handler.py", line 42, in wrapped_app
    |     await app(scope, receive, sender)
    |   File "C:\Users\Lenovo\OneDrive\Desktop\managment system\venv\Lib\site-packages\fastapi\routing.py", line 120, in app
    |     response = await f(request)
    |                ^^^^^^^^^^^^^^^^
    |   File "C:\Users\Lenovo\OneDrive\Desktop\managment system\venv\Lib\site-packages\fastapi\routing.py", line 674, in app
    |     raw_response = await run_endpoint_function(
    |                    ^^^^^^^^^^^^^^^^^^^^^^^^^^^^
    |     ...<3 lines>...
    |     )
    |     ^
    |   File "C:\Users\Lenovo\OneDrive\Desktop\managment system\venv\Lib\site-packages\fastapi\routing.py", line 330, in run_endpoint_function
    |     return await run_in_threadpool(dependant.call, **values)
    |            ^^^^^^^^^^^^^^^^^^^^^^^^^^^^^^^^^^^^^^^^^^^^^^^^^
    |   File "C:\Users\Lenovo\OneDrive\Desktop\managment system\venv\Lib\site-packages\starlette\concurrency.py", line 32, in run_in_threadpool
    |     return await anyio.to_thread.run_sync(func)
    |            ^^^^^^^^^^^^^^^^^^^^^^^^^^^^^^^^^^^^
    |   File "C:\Users\Lenovo\OneDrive\Desktop\managment system\venv\Lib\site-packages\anyio\to_thread.py", line 63, in run_sync
    |     return await get_async_backend().run_sync_in_worker_thread(
    |            ^^^^^^^^^^^^^^^^^^^^^^^^^^^^^^^^^^^^^^^^^^^^^^^^^^^^
    |         func, args, abandon_on_cancel=abandon_on_cancel, limiter=limiter
    |         ^^^^^^^^^^^^^^^^^^^^^^^^^^^^^^^^^^^^^^^^^^^^^^^^^^^^^^^^^^^^^^^^
    |     )
    |     ^
    |   File "C:\Users\Lenovo\OneDrive\Desktop\managment system\venv\Lib\site-packages\anyio\_backends\_asyncio.py", line 2518, in run_sync_in_worker_thread
    |     return await future
    |            ^^^^^^^^^^^^
    |   File "C:\Users\Lenovo\OneDrive\Desktop\managment system\venv\Lib\site-packages\anyio\_backends\_asyncio.py", line 1002, in run
    |     result = context.run(func, *args)
    |   File "C:\Users\Lenovo\OneDrive\Desktop\managment system\app\api.py", line 432, in get_student_insights
    |     student = service.get_student(student_id)
    |   File "C:\Users\Lenovo\OneDrive\Desktop\managment system\services\student_service.py", line 215, in get_student
    |     raise ValueError("Student not found")
    | ValueError: Student not found
    +------------------------------------

The above exception was the direct cause of the following exception:

Traceback (most recent call last):
  File "C:\Users\Lenovo\OneDrive\Desktop\managment system\venv\Lib\site-packages\starlette\middleware\errors.py", line 164, in __call__
    await self.app(scope, receive, _send)
  File "C:\Users\Lenovo\OneDrive\Desktop\managment system\venv\Lib\site-packages\starlette\middleware\base.py", line 191, in __call__
    with recv_stream, send_stream, collapse_excgroups():
                                   ~~~~~~~~~~~~~~~~~~^^
  File "C:\Python313\Lib\contextlib.py", line 162, in __exit__
    self.gen.throw(value)
    ~~~~~~~~~~~~~~^^^^^^^
  File "C:\Users\Lenovo\OneDrive\Desktop\managment system\venv\Lib\site-packages\starlette\_utils.py", line 87, in collapse_excgroups
    raise exc
  File "C:\Users\Lenovo\OneDrive\Desktop\managment system\venv\Lib\site-packages\starlette\middleware\base.py", line 193, in __call__
    response = await self.dispatch_func(request, call_next)
               ^^^^^^^^^^^^^^^^^^^^^^^^^^^^^^^^^^^^^^^^^^^^
  File "C:\Users\Lenovo\OneDrive\Desktop\managment system\middleware\rate_limit.py", line 52, in dispatch
    response = await call_next(request)
               ^^^^^^^^^^^^^^^^^^^^^^^^
  File "C:\Users\Lenovo\OneDrive\Desktop\managment system\venv\Lib\site-packages\starlette\middleware\base.py", line 168, in call_next
    raise app_exc from app_exc.__cause__ or app_exc.__context__
  File "C:\Users\Lenovo\OneDrive\Desktop\managment system\venv\Lib\site-packages\starlette\middleware\base.py", line 144, in coro
    await self.app(scope, receive_or_disconnect, send_no_error)
  File "C:\Users\Lenovo\OneDrive\Desktop\managment system\venv\Lib\site-packages\starlette\middleware\base.py", line 191, in __call__
    with recv_stream, send_stream, collapse_excgroups():
                                   ~~~~~~~~~~~~~~~~~~^^
  File "C:\Python313\Lib\contextlib.py", line 162, in __exit__
    self.gen.throw(value)
    ~~~~~~~~~~~~~~^^^^^^^
  File "C:\Users\Lenovo\OneDrive\Desktop\managment system\venv\Lib\site-packages\starlette\_utils.py", line 87, in collapse_excgroups
    raise exc
  File "C:\Users\Lenovo\OneDrive\Desktop\managment system\venv\Lib\site-packages\starlette\middleware\base.py", line 193, in __call__
    response = await self.dispatch_func(request, call_next)
               ^^^^^^^^^^^^^^^^^^^^^^^^^^^^^^^^^^^^^^^^^^^^
  File "C:\Users\Lenovo\OneDrive\Desktop\managment system\middleware\logging_middleware.py", line 24, in dispatch
    response = await call_next(request)
               ^^^^^^^^^^^^^^^^^^^^^^^^
  File "C:\Users\Lenovo\OneDrive\Desktop\managment system\venv\Lib\site-packages\starlette\middleware\base.py", line 168, in call_next
    raise app_exc from app_exc.__cause__ or app_exc.__context__
  File "C:\Users\Lenovo\OneDrive\Desktop\managment system\venv\Lib\site-packages\starlette\middleware\base.py", line 144, in coro
    await self.app(scope, receive_or_disconnect, send_no_error)
  File "C:\Users\Lenovo\OneDrive\Desktop\managment system\venv\Lib\site-packages\starlette\middleware\exceptions.py", line 63, in __call__
    await wrap_app_handling_exceptions(self.app, conn)(scope, receive, send)
  File "C:\Users\Lenovo\OneDrive\Desktop\managment system\venv\Lib\site-packages\starlette\_exception_handler.py", line 53, in wrapped_app
    raise exc
  File "C:\Users\Lenovo\OneDrive\Desktop\managment system\venv\Lib\site-packages\starlette\_exception_handler.py", line 42, in wrapped_app
    await app(scope, receive, sender)
  File "C:\Users\Lenovo\OneDrive\Desktop\managment system\venv\Lib\site-packages\fastapi\middleware\asyncexitstack.py", line 18, in __call__
    await self.app(scope, receive, send)
  File "C:\Users\Lenovo\OneDrive\Desktop\managment system\venv\Lib\site-packages\starlette\routing.py", line 660, in __call__
    await self.middleware_stack(scope, receive, send)
  File "C:\Users\Lenovo\OneDrive\Desktop\managment system\venv\Lib\site-packages\starlette\routing.py", line 680, in app
    await route.handle(scope, receive, send)
  File "C:\Users\Lenovo\OneDrive\Desktop\managment system\venv\Lib\site-packages\starlette\routing.py", line 276, in handle
    await self.app(scope, receive, send)
  File "C:\Users\Lenovo\OneDrive\Desktop\managment system\venv\Lib\site-packages\fastapi\routing.py", line 134, in app
    await wrap_app_handling_exceptions(app, request)(scope, receive, send)
  File "C:\Users\Lenovo\OneDrive\Desktop\managment system\venv\Lib\site-packages\starlette\_exception_handler.py", line 53, in wrapped_app
    raise exc
  File "C:\Users\Lenovo\OneDrive\Desktop\managment system\venv\Lib\site-packages\starlette\_exception_handler.py", line 42, in wrapped_app
    await app(scope, receive, sender)
  File "C:\Users\Lenovo\OneDrive\Desktop\managment system\venv\Lib\site-packages\fastapi\routing.py", line 120, in app
    response = await f(request)
               ^^^^^^^^^^^^^^^^
  File "C:\Users\Lenovo\OneDrive\Desktop\managment system\venv\Lib\site-packages\fastapi\routing.py", line 674, in app
    raw_response = await run_endpoint_function(
                   ^^^^^^^^^^^^^^^^^^^^^^^^^^^^
    ...<3 lines>...
    )
    ^
  File "C:\Users\Lenovo\OneDrive\Desktop\managment system\venv\Lib\site-packages\fastapi\routing.py", line 330, in run_endpoint_function
    return await run_in_threadpool(dependant.call, **values)
           ^^^^^^^^^^^^^^^^^^^^^^^^^^^^^^^^^^^^^^^^^^^^^^^^^
  File "C:\Users\Lenovo\OneDrive\Desktop\managment system\venv\Lib\site-packages\starlette\concurrency.py", line 32, in run_in_threadpool
    return await anyio.to_thread.run_sync(func)
           ^^^^^^^^^^^^^^^^^^^^^^^^^^^^^^^^^^^^
  File "C:\Users\Lenovo\OneDrive\Desktop\managment system\venv\Lib\site-packages\anyio\to_thread.py", line 63, in run_sync
    return await get_async_backend().run_sync_in_worker_thread(
           ^^^^^^^^^^^^^^^^^^^^^^^^^^^^^^^^^^^^^^^^^^^^^^^^^^^^
        func, args, abandon_on_cancel=abandon_on_cancel, limiter=limiter
        ^^^^^^^^^^^^^^^^^^^^^^^^^^^^^^^^^^^^^^^^^^^^^^^^^^^^^^^^^^^^^^^^
    )
    ^
  File "C:\Users\Lenovo\OneDrive\Desktop\managment system\venv\Lib\site-packages\anyio\_backends\_asyncio.py", line 2518, in run_sync_in_worker_thread
    return await future
           ^^^^^^^^^^^^
  File "C:\Users\Lenovo\OneDrive\Desktop\managment system\venv\Lib\site-packages\anyio\_backends\_asyncio.py", line 1002, in run
    result = context.run(func, *args)
  File "C:\Users\Lenovo\OneDrive\Desktop\managment system\app\api.py", line 432, in get_student_insights
    student = service.get_student(student_id)
  File "C:\Users\Lenovo\OneDrive\Desktop\managment system\services\student_service.py", line 215, in get_student
    raise ValueError("Student not found")
ValueError: Student not found
2026-05-26 17:22:13,069 - INFO - Request Started | Method=GET Path=/students
2026-05-26 17:22:13,073 - INFO - Request Completed | Method=GET Path=/students Status=200 Time=0.0047s
2026-05-26 17:22:43,317 - INFO - Request Started | Method=GET Path=/students/dashboard
2026-05-26 17:22:43,324 - INFO - Request Completed | Method=GET Path=/students/dashboard Status=200 Time=0.0069s
2026-05-26 17:23:32,705 - INFO - Request Started | Method=GET Path=/students
2026-05-26 17:23:32,711 - INFO - Request Completed | Method=GET Path=/students Status=200 Time=0.0063s
2026-05-26 17:24:22,941 - INFO - Request Started | Method=GET Path=/students/rank-list
2026-05-26 17:24:22,947 - INFO - Request Completed | Method=GET Path=/students/rank-list Status=200 Time=0.0065s
2026-05-26 17:25:00,050 - INFO - Request Started | Method=GET Path=/students/01/insights
2026-05-26 17:25:02,982 - INFO - Request Started | Method=GET Path=/students/01/insights
2026-05-26 17:25:03,758 - INFO - Request Completed | Method=GET Path=/students/01/insights Status=200 Time=3.7076s
2026-05-26 17:25:06,030 - INFO - Request Completed | Method=GET Path=/students/01/insights Status=200 Time=3.0484s
2026-05-26 17:29:20,947 - INFO - Request Started | Method=GET Path=/docs
2026-05-26 17:29:20,948 - INFO - Request Completed | Method=GET Path=/docs Status=200 Time=0.0020s
2026-05-26 17:29:21,070 - INFO - Request Started | Method=GET Path=/openapi.json
2026-05-26 17:29:21,087 - INFO - Request Completed | Method=GET Path=/openapi.json Status=200 Time=0.0170s
2026-05-26 17:36:36,324 - INFO - Request Started | Method=GET Path=/students/dashboard
2026-05-26 17:36:36,351 - INFO - Request Completed | Method=GET Path=/students/dashboard Status=200 Time=0.0274s
2026-05-26 17:36:52,261 - INFO - Request Started | Method=GET Path=/students/
2026-05-26 17:36:52,262 - INFO - Request Completed | Method=GET Path=/students/ Status=307 Time=0.0008s
2026-05-26 17:36:52,266 - INFO - Request Started | Method=GET Path=/students
2026-05-26 17:36:52,280 - INFO - Request Completed | Method=GET Path=/students Status=200 Time=0.0142s
2026-05-26 17:37:00,960 - INFO - Request Started | Method=GET Path=/students/dashboard
2026-05-26 17:37:00,963 - INFO - Request Completed | Method=GET Path=/students/dashboard Status=200 Time=0.0030s
2026-05-26 17:37:11,012 - INFO - Request Started | Method=GET Path=/students/rankings
2026-05-26 17:37:11,021 - ERROR - Request Failed | Method=GET Path=/students/rankings Time=0.0088s Error=Student not found
Traceback (most recent call last):
  File "C:\Users\Lenovo\OneDrive\Desktop\managment system\middleware\logging_middleware.py", line 24, in dispatch
    response = await call_next(request)
               ^^^^^^^^^^^^^^^^^^^^^^^^
  File "C:\Users\Lenovo\OneDrive\Desktop\managment system\venv\Lib\site-packages\starlette\middleware\base.py", line 168, in call_next
    raise app_exc from app_exc.__cause__ or app_exc.__context__
  File "C:\Users\Lenovo\OneDrive\Desktop\managment system\venv\Lib\site-packages\starlette\middleware\base.py", line 144, in coro
    await self.app(scope, receive_or_disconnect, send_no_error)
  File "C:\Users\Lenovo\OneDrive\Desktop\managment system\venv\Lib\site-packages\starlette\middleware\exceptions.py", line 63, in __call__
    await wrap_app_handling_exceptions(self.app, conn)(scope, receive, send)
  File "C:\Users\Lenovo\OneDrive\Desktop\managment system\venv\Lib\site-packages\starlette\_exception_handler.py", line 53, in wrapped_app
    raise exc
  File "C:\Users\Lenovo\OneDrive\Desktop\managment system\venv\Lib\site-packages\starlette\_exception_handler.py", line 42, in wrapped_app
    await app(scope, receive, sender)
  File "C:\Users\Lenovo\OneDrive\Desktop\managment system\venv\Lib\site-packages\fastapi\middleware\asyncexitstack.py", line 18, in __call__
    await self.app(scope, receive, send)
  File "C:\Users\Lenovo\OneDrive\Desktop\managment system\venv\Lib\site-packages\starlette\routing.py", line 660, in __call__
    await self.middleware_stack(scope, receive, send)
  File "C:\Users\Lenovo\OneDrive\Desktop\managment system\venv\Lib\site-packages\starlette\routing.py", line 680, in app
    await route.handle(scope, receive, send)
  File "C:\Users\Lenovo\OneDrive\Desktop\managment system\venv\Lib\site-packages\starlette\routing.py", line 276, in handle
    await self.app(scope, receive, send)
  File "C:\Users\Lenovo\OneDrive\Desktop\managment system\venv\Lib\site-packages\fastapi\routing.py", line 134, in app
    await wrap_app_handling_exceptions(app, request)(scope, receive, send)
  File "C:\Users\Lenovo\OneDrive\Desktop\managment system\venv\Lib\site-packages\starlette\_exception_handler.py", line 53, in wrapped_app
    raise exc
  File "C:\Users\Lenovo\OneDrive\Desktop\managment system\venv\Lib\site-packages\starlette\_exception_handler.py", line 42, in wrapped_app
    await app(scope, receive, sender)
  File "C:\Users\Lenovo\OneDrive\Desktop\managment system\venv\Lib\site-packages\fastapi\routing.py", line 120, in app
    response = await f(request)
               ^^^^^^^^^^^^^^^^
  File "C:\Users\Lenovo\OneDrive\Desktop\managment system\venv\Lib\site-packages\fastapi\routing.py", line 674, in app
    raw_response = await run_endpoint_function(
                   ^^^^^^^^^^^^^^^^^^^^^^^^^^^^
    ...<3 lines>...
    )
    ^
  File "C:\Users\Lenovo\OneDrive\Desktop\managment system\venv\Lib\site-packages\fastapi\routing.py", line 330, in run_endpoint_function
    return await run_in_threadpool(dependant.call, **values)
           ^^^^^^^^^^^^^^^^^^^^^^^^^^^^^^^^^^^^^^^^^^^^^^^^^
  File "C:\Users\Lenovo\OneDrive\Desktop\managment system\venv\Lib\site-packages\starlette\concurrency.py", line 32, in run_in_threadpool
    return await anyio.to_thread.run_sync(func)
           ^^^^^^^^^^^^^^^^^^^^^^^^^^^^^^^^^^^^
  File "C:\Users\Lenovo\OneDrive\Desktop\managment system\venv\Lib\site-packages\anyio\to_thread.py", line 63, in run_sync
    return await get_async_backend().run_sync_in_worker_thread(
           ^^^^^^^^^^^^^^^^^^^^^^^^^^^^^^^^^^^^^^^^^^^^^^^^^^^^
        func, args, abandon_on_cancel=abandon_on_cancel, limiter=limiter
        ^^^^^^^^^^^^^^^^^^^^^^^^^^^^^^^^^^^^^^^^^^^^^^^^^^^^^^^^^^^^^^^^
    )
    ^
  File "C:\Users\Lenovo\OneDrive\Desktop\managment system\venv\Lib\site-packages\anyio\_backends\_asyncio.py", line 2518, in run_sync_in_worker_thread
    return await future
           ^^^^^^^^^^^^
  File "C:\Users\Lenovo\OneDrive\Desktop\managment system\venv\Lib\site-packages\anyio\_backends\_asyncio.py", line 1002, in run
    result = context.run(func, *args)
  File "C:\Users\Lenovo\OneDrive\Desktop\managment system\app\api.py", line 404, in get_student
    student = service.get_student(student_id)
  File "C:\Users\Lenovo\OneDrive\Desktop\managment system\services\student_service.py", line 215, in get_student
    raise ValueError("Student not found")
ValueError: Student not found
2026-05-26 17:37:11,052 - ERROR - Student not found
  + Exception Group Traceback (most recent call last):
  |   File "C:\Users\Lenovo\OneDrive\Desktop\managment system\venv\Lib\site-packages\starlette\_utils.py", line 81, in collapse_excgroups
  |     yield
  |   File "C:\Users\Lenovo\OneDrive\Desktop\managment system\venv\Lib\site-packages\starlette\middleware\base.py", line 192, in __call__
  |     async with anyio.create_task_group() as task_group:
  |                ~~~~~~~~~~~~~~~~~~~~~~~^^
  |   File "C:\Users\Lenovo\OneDrive\Desktop\managment system\venv\Lib\site-packages\anyio\_backends\_asyncio.py", line 799, in __aexit__
  |     raise BaseExceptionGroup(
  |         "unhandled errors in a TaskGroup", self._exceptions
  |     ) from None
  | ExceptionGroup: unhandled errors in a TaskGroup (1 sub-exception)
  +-+---------------- 1 ----------------
    | Traceback (most recent call last):
    |   File "C:\Users\Lenovo\OneDrive\Desktop\managment system\venv\Lib\site-packages\starlette\middleware\errors.py", line 164, in __call__
    |     await self.app(scope, receive, _send)
    |   File "C:\Users\Lenovo\OneDrive\Desktop\managment system\venv\Lib\site-packages\starlette\middleware\base.py", line 191, in __call__
    |     with recv_stream, send_stream, collapse_excgroups():
    |                                    ~~~~~~~~~~~~~~~~~~^^
    |   File "C:\Python313\Lib\contextlib.py", line 162, in __exit__
    |     self.gen.throw(value)
    |     ~~~~~~~~~~~~~~^^^^^^^
    |   File "C:\Users\Lenovo\OneDrive\Desktop\managment system\venv\Lib\site-packages\starlette\_utils.py", line 87, in collapse_excgroups
    |     raise exc
    |   File "C:\Users\Lenovo\OneDrive\Desktop\managment system\venv\Lib\site-packages\starlette\middleware\base.py", line 193, in __call__
    |     response = await self.dispatch_func(request, call_next)
    |                ^^^^^^^^^^^^^^^^^^^^^^^^^^^^^^^^^^^^^^^^^^^^
    |   File "C:\Users\Lenovo\OneDrive\Desktop\managment system\middleware\rate_limit.py", line 52, in dispatch
    |     response = await call_next(request)
    |                ^^^^^^^^^^^^^^^^^^^^^^^^
    |   File "C:\Users\Lenovo\OneDrive\Desktop\managment system\venv\Lib\site-packages\starlette\middleware\base.py", line 168, in call_next
    |     raise app_exc from app_exc.__cause__ or app_exc.__context__
    |   File "C:\Users\Lenovo\OneDrive\Desktop\managment system\venv\Lib\site-packages\starlette\middleware\base.py", line 144, in coro
    |     await self.app(scope, receive_or_disconnect, send_no_error)
    |   File "C:\Users\Lenovo\OneDrive\Desktop\managment system\venv\Lib\site-packages\starlette\middleware\base.py", line 191, in __call__
    |     with recv_stream, send_stream, collapse_excgroups():
    |                                    ~~~~~~~~~~~~~~~~~~^^
    |   File "C:\Python313\Lib\contextlib.py", line 162, in __exit__
    |     self.gen.throw(value)
    |     ~~~~~~~~~~~~~~^^^^^^^
    |   File "C:\Users\Lenovo\OneDrive\Desktop\managment system\venv\Lib\site-packages\starlette\_utils.py", line 87, in collapse_excgroups
    |     raise exc
    |   File "C:\Users\Lenovo\OneDrive\Desktop\managment system\venv\Lib\site-packages\starlette\middleware\base.py", line 193, in __call__
    |     response = await self.dispatch_func(request, call_next)
    |                ^^^^^^^^^^^^^^^^^^^^^^^^^^^^^^^^^^^^^^^^^^^^
    |   File "C:\Users\Lenovo\OneDrive\Desktop\managment system\middleware\logging_middleware.py", line 24, in dispatch
    |     response = await call_next(request)
    |                ^^^^^^^^^^^^^^^^^^^^^^^^
    |   File "C:\Users\Lenovo\OneDrive\Desktop\managment system\venv\Lib\site-packages\starlette\middleware\base.py", line 168, in call_next
    |     raise app_exc from app_exc.__cause__ or app_exc.__context__
    |   File "C:\Users\Lenovo\OneDrive\Desktop\managment system\venv\Lib\site-packages\starlette\middleware\base.py", line 144, in coro
    |     await self.app(scope, receive_or_disconnect, send_no_error)
    |   File "C:\Users\Lenovo\OneDrive\Desktop\managment system\venv\Lib\site-packages\starlette\middleware\exceptions.py", line 63, in __call__
    |     await wrap_app_handling_exceptions(self.app, conn)(scope, receive, send)
    |   File "C:\Users\Lenovo\OneDrive\Desktop\managment system\venv\Lib\site-packages\starlette\_exception_handler.py", line 53, in wrapped_app
    |     raise exc
    |   File "C:\Users\Lenovo\OneDrive\Desktop\managment system\venv\Lib\site-packages\starlette\_exception_handler.py", line 42, in wrapped_app
    |     await app(scope, receive, sender)
    |   File "C:\Users\Lenovo\OneDrive\Desktop\managment system\venv\Lib\site-packages\fastapi\middleware\asyncexitstack.py", line 18, in __call__
    |     await self.app(scope, receive, send)
    |   File "C:\Users\Lenovo\OneDrive\Desktop\managment system\venv\Lib\site-packages\starlette\routing.py", line 660, in __call__
    |     await self.middleware_stack(scope, receive, send)
    |   File "C:\Users\Lenovo\OneDrive\Desktop\managment system\venv\Lib\site-packages\starlette\routing.py", line 680, in app
    |     await route.handle(scope, receive, send)
    |   File "C:\Users\Lenovo\OneDrive\Desktop\managment system\venv\Lib\site-packages\starlette\routing.py", line 276, in handle
    |     await self.app(scope, receive, send)
    |   File "C:\Users\Lenovo\OneDrive\Desktop\managment system\venv\Lib\site-packages\fastapi\routing.py", line 134, in app
    |     await wrap_app_handling_exceptions(app, request)(scope, receive, send)
    |   File "C:\Users\Lenovo\OneDrive\Desktop\managment system\venv\Lib\site-packages\starlette\_exception_handler.py", line 53, in wrapped_app
    |     raise exc
    |   File "C:\Users\Lenovo\OneDrive\Desktop\managment system\venv\Lib\site-packages\starlette\_exception_handler.py", line 42, in wrapped_app
    |     await app(scope, receive, sender)
    |   File "C:\Users\Lenovo\OneDrive\Desktop\managment system\venv\Lib\site-packages\fastapi\routing.py", line 120, in app
    |     response = await f(request)
    |                ^^^^^^^^^^^^^^^^
    |   File "C:\Users\Lenovo\OneDrive\Desktop\managment system\venv\Lib\site-packages\fastapi\routing.py", line 674, in app
    |     raw_response = await run_endpoint_function(
    |                    ^^^^^^^^^^^^^^^^^^^^^^^^^^^^
    |     ...<3 lines>...
    |     )
    |     ^
    |   File "C:\Users\Lenovo\OneDrive\Desktop\managment system\venv\Lib\site-packages\fastapi\routing.py", line 330, in run_endpoint_function
    |     return await run_in_threadpool(dependant.call, **values)
    |            ^^^^^^^^^^^^^^^^^^^^^^^^^^^^^^^^^^^^^^^^^^^^^^^^^
    |   File "C:\Users\Lenovo\OneDrive\Desktop\managment system\venv\Lib\site-packages\starlette\concurrency.py", line 32, in run_in_threadpool
    |     return await anyio.to_thread.run_sync(func)
    |            ^^^^^^^^^^^^^^^^^^^^^^^^^^^^^^^^^^^^
    |   File "C:\Users\Lenovo\OneDrive\Desktop\managment system\venv\Lib\site-packages\anyio\to_thread.py", line 63, in run_sync
    |     return await get_async_backend().run_sync_in_worker_thread(
    |            ^^^^^^^^^^^^^^^^^^^^^^^^^^^^^^^^^^^^^^^^^^^^^^^^^^^^
    |         func, args, abandon_on_cancel=abandon_on_cancel, limiter=limiter
    |         ^^^^^^^^^^^^^^^^^^^^^^^^^^^^^^^^^^^^^^^^^^^^^^^^^^^^^^^^^^^^^^^^
    |     )
    |     ^
    |   File "C:\Users\Lenovo\OneDrive\Desktop\managment system\venv\Lib\site-packages\anyio\_backends\_asyncio.py", line 2518, in run_sync_in_worker_thread
    |     return await future
    |            ^^^^^^^^^^^^
    |   File "C:\Users\Lenovo\OneDrive\Desktop\managment system\venv\Lib\site-packages\anyio\_backends\_asyncio.py", line 1002, in run
    |     result = context.run(func, *args)
    |   File "C:\Users\Lenovo\OneDrive\Desktop\managment system\app\api.py", line 404, in get_student
    |     student = service.get_student(student_id)
    |   File "C:\Users\Lenovo\OneDrive\Desktop\managment system\services\student_service.py", line 215, in get_student
    |     raise ValueError("Student not found")
    | ValueError: Student not found
    +------------------------------------

The above exception was the direct cause of the following exception:

Traceback (most recent call last):
  File "C:\Users\Lenovo\OneDrive\Desktop\managment system\venv\Lib\site-packages\starlette\middleware\errors.py", line 164, in __call__
    await self.app(scope, receive, _send)
  File "C:\Users\Lenovo\OneDrive\Desktop\managment system\venv\Lib\site-packages\starlette\middleware\base.py", line 191, in __call__
    with recv_stream, send_stream, collapse_excgroups():
                                   ~~~~~~~~~~~~~~~~~~^^
  File "C:\Python313\Lib\contextlib.py", line 162, in __exit__
    self.gen.throw(value)
    ~~~~~~~~~~~~~~^^^^^^^
  File "C:\Users\Lenovo\OneDrive\Desktop\managment system\venv\Lib\site-packages\starlette\_utils.py", line 87, in collapse_excgroups
    raise exc
  File "C:\Users\Lenovo\OneDrive\Desktop\managment system\venv\Lib\site-packages\starlette\middleware\base.py", line 193, in __call__
    response = await self.dispatch_func(request, call_next)
               ^^^^^^^^^^^^^^^^^^^^^^^^^^^^^^^^^^^^^^^^^^^^
  File "C:\Users\Lenovo\OneDrive\Desktop\managment system\middleware\rate_limit.py", line 52, in dispatch
    response = await call_next(request)
               ^^^^^^^^^^^^^^^^^^^^^^^^
  File "C:\Users\Lenovo\OneDrive\Desktop\managment system\venv\Lib\site-packages\starlette\middleware\base.py", line 168, in call_next
    raise app_exc from app_exc.__cause__ or app_exc.__context__
  File "C:\Users\Lenovo\OneDrive\Desktop\managment system\venv\Lib\site-packages\starlette\middleware\base.py", line 144, in coro
    await self.app(scope, receive_or_disconnect, send_no_error)
  File "C:\Users\Lenovo\OneDrive\Desktop\managment system\venv\Lib\site-packages\starlette\middleware\base.py", line 191, in __call__
    with recv_stream, send_stream, collapse_excgroups():
                                   ~~~~~~~~~~~~~~~~~~^^
  File "C:\Python313\Lib\contextlib.py", line 162, in __exit__
    self.gen.throw(value)
    ~~~~~~~~~~~~~~^^^^^^^
  File "C:\Users\Lenovo\OneDrive\Desktop\managment system\venv\Lib\site-packages\starlette\_utils.py", line 87, in collapse_excgroups
    raise exc
  File "C:\Users\Lenovo\OneDrive\Desktop\managment system\venv\Lib\site-packages\starlette\middleware\base.py", line 193, in __call__
    response = await self.dispatch_func(request, call_next)
               ^^^^^^^^^^^^^^^^^^^^^^^^^^^^^^^^^^^^^^^^^^^^
  File "C:\Users\Lenovo\OneDrive\Desktop\managment system\middleware\logging_middleware.py", line 24, in dispatch
    response = await call_next(request)
               ^^^^^^^^^^^^^^^^^^^^^^^^
  File "C:\Users\Lenovo\OneDrive\Desktop\managment system\venv\Lib\site-packages\starlette\middleware\base.py", line 168, in call_next
    raise app_exc from app_exc.__cause__ or app_exc.__context__
  File "C:\Users\Lenovo\OneDrive\Desktop\managment system\venv\Lib\site-packages\starlette\middleware\base.py", line 144, in coro
    await self.app(scope, receive_or_disconnect, send_no_error)
  File "C:\Users\Lenovo\OneDrive\Desktop\managment system\venv\Lib\site-packages\starlette\middleware\exceptions.py", line 63, in __call__
    await wrap_app_handling_exceptions(self.app, conn)(scope, receive, send)
  File "C:\Users\Lenovo\OneDrive\Desktop\managment system\venv\Lib\site-packages\starlette\_exception_handler.py", line 53, in wrapped_app
    raise exc
  File "C:\Users\Lenovo\OneDrive\Desktop\managment system\venv\Lib\site-packages\starlette\_exception_handler.py", line 42, in wrapped_app
    await app(scope, receive, sender)
  File "C:\Users\Lenovo\OneDrive\Desktop\managment system\venv\Lib\site-packages\fastapi\middleware\asyncexitstack.py", line 18, in __call__
    await self.app(scope, receive, send)
  File "C:\Users\Lenovo\OneDrive\Desktop\managment system\venv\Lib\site-packages\starlette\routing.py", line 660, in __call__
    await self.middleware_stack(scope, receive, send)
  File "C:\Users\Lenovo\OneDrive\Desktop\managment system\venv\Lib\site-packages\starlette\routing.py", line 680, in app
    await route.handle(scope, receive, send)
  File "C:\Users\Lenovo\OneDrive\Desktop\managment system\venv\Lib\site-packages\starlette\routing.py", line 276, in handle
    await self.app(scope, receive, send)
  File "C:\Users\Lenovo\OneDrive\Desktop\managment system\venv\Lib\site-packages\fastapi\routing.py", line 134, in app
    await wrap_app_handling_exceptions(app, request)(scope, receive, send)
  File "C:\Users\Lenovo\OneDrive\Desktop\managment system\venv\Lib\site-packages\starlette\_exception_handler.py", line 53, in wrapped_app
    raise exc
  File "C:\Users\Lenovo\OneDrive\Desktop\managment system\venv\Lib\site-packages\starlette\_exception_handler.py", line 42, in wrapped_app
    await app(scope, receive, sender)
  File "C:\Users\Lenovo\OneDrive\Desktop\managment system\venv\Lib\site-packages\fastapi\routing.py", line 120, in app
    response = await f(request)
               ^^^^^^^^^^^^^^^^
  File "C:\Users\Lenovo\OneDrive\Desktop\managment system\venv\Lib\site-packages\fastapi\routing.py", line 674, in app
    raw_response = await run_endpoint_function(
                   ^^^^^^^^^^^^^^^^^^^^^^^^^^^^
    ...<3 lines>...
    )
    ^
  File "C:\Users\Lenovo\OneDrive\Desktop\managment system\venv\Lib\site-packages\fastapi\routing.py", line 330, in run_endpoint_function
    return await run_in_threadpool(dependant.call, **values)
           ^^^^^^^^^^^^^^^^^^^^^^^^^^^^^^^^^^^^^^^^^^^^^^^^^
  File "C:\Users\Lenovo\OneDrive\Desktop\managment system\venv\Lib\site-packages\starlette\concurrency.py", line 32, in run_in_threadpool
    return await anyio.to_thread.run_sync(func)
           ^^^^^^^^^^^^^^^^^^^^^^^^^^^^^^^^^^^^
  File "C:\Users\Lenovo\OneDrive\Desktop\managment system\venv\Lib\site-packages\anyio\to_thread.py", line 63, in run_sync
    return await get_async_backend().run_sync_in_worker_thread(
           ^^^^^^^^^^^^^^^^^^^^^^^^^^^^^^^^^^^^^^^^^^^^^^^^^^^^
        func, args, abandon_on_cancel=abandon_on_cancel, limiter=limiter
        ^^^^^^^^^^^^^^^^^^^^^^^^^^^^^^^^^^^^^^^^^^^^^^^^^^^^^^^^^^^^^^^^
    )
    ^
  File "C:\Users\Lenovo\OneDrive\Desktop\managment system\venv\Lib\site-packages\anyio\_backends\_asyncio.py", line 2518, in run_sync_in_worker_thread
    return await future
           ^^^^^^^^^^^^
  File "C:\Users\Lenovo\OneDrive\Desktop\managment system\venv\Lib\site-packages\anyio\_backends\_asyncio.py", line 1002, in run
    result = context.run(func, *args)
  File "C:\Users\Lenovo\OneDrive\Desktop\managment system\app\api.py", line 404, in get_student
    student = service.get_student(student_id)
  File "C:\Users\Lenovo\OneDrive\Desktop\managment system\services\student_service.py", line 215, in get_student
    raise ValueError("Student not found")
ValueError: Student not found
2026-05-26 17:37:17,389 - INFO - Request Started | Method=GET Path=/students/dashboard
2026-05-26 17:37:17,395 - INFO - Request Completed | Method=GET Path=/students/dashboard Status=200 Time=0.0068s
2026-05-26 17:37:34,004 - INFO - Request Started | Method=GET Path=/students/rankings
2026-05-26 17:37:34,011 - ERROR - Request Failed | Method=GET Path=/students/rankings Time=0.0064s Error=Student not found
Traceback (most recent call last):
  File "C:\Users\Lenovo\OneDrive\Desktop\managment system\middleware\logging_middleware.py", line 24, in dispatch
    response = await call_next(request)
               ^^^^^^^^^^^^^^^^^^^^^^^^
  File "C:\Users\Lenovo\OneDrive\Desktop\managment system\venv\Lib\site-packages\starlette\middleware\base.py", line 168, in call_next
    raise app_exc from app_exc.__cause__ or app_exc.__context__
  File "C:\Users\Lenovo\OneDrive\Desktop\managment system\venv\Lib\site-packages\starlette\middleware\base.py", line 144, in coro
    await self.app(scope, receive_or_disconnect, send_no_error)
  File "C:\Users\Lenovo\OneDrive\Desktop\managment system\venv\Lib\site-packages\starlette\middleware\exceptions.py", line 63, in __call__
    await wrap_app_handling_exceptions(self.app, conn)(scope, receive, send)
  File "C:\Users\Lenovo\OneDrive\Desktop\managment system\venv\Lib\site-packages\starlette\_exception_handler.py", line 53, in wrapped_app
    raise exc
  File "C:\Users\Lenovo\OneDrive\Desktop\managment system\venv\Lib\site-packages\starlette\_exception_handler.py", line 42, in wrapped_app
    await app(scope, receive, sender)
  File "C:\Users\Lenovo\OneDrive\Desktop\managment system\venv\Lib\site-packages\fastapi\middleware\asyncexitstack.py", line 18, in __call__
    await self.app(scope, receive, send)
  File "C:\Users\Lenovo\OneDrive\Desktop\managment system\venv\Lib\site-packages\starlette\routing.py", line 660, in __call__
    await self.middleware_stack(scope, receive, send)
  File "C:\Users\Lenovo\OneDrive\Desktop\managment system\venv\Lib\site-packages\starlette\routing.py", line 680, in app
    await route.handle(scope, receive, send)
  File "C:\Users\Lenovo\OneDrive\Desktop\managment system\venv\Lib\site-packages\starlette\routing.py", line 276, in handle
    await self.app(scope, receive, send)
  File "C:\Users\Lenovo\OneDrive\Desktop\managment system\venv\Lib\site-packages\fastapi\routing.py", line 134, in app
    await wrap_app_handling_exceptions(app, request)(scope, receive, send)
  File "C:\Users\Lenovo\OneDrive\Desktop\managment system\venv\Lib\site-packages\starlette\_exception_handler.py", line 53, in wrapped_app
    raise exc
  File "C:\Users\Lenovo\OneDrive\Desktop\managment system\venv\Lib\site-packages\starlette\_exception_handler.py", line 42, in wrapped_app
    await app(scope, receive, sender)
  File "C:\Users\Lenovo\OneDrive\Desktop\managment system\venv\Lib\site-packages\fastapi\routing.py", line 120, in app
    response = await f(request)
               ^^^^^^^^^^^^^^^^
  File "C:\Users\Lenovo\OneDrive\Desktop\managment system\venv\Lib\site-packages\fastapi\routing.py", line 674, in app
    raw_response = await run_endpoint_function(
                   ^^^^^^^^^^^^^^^^^^^^^^^^^^^^
    ...<3 lines>...
    )
    ^
  File "C:\Users\Lenovo\OneDrive\Desktop\managment system\venv\Lib\site-packages\fastapi\routing.py", line 330, in run_endpoint_function
    return await run_in_threadpool(dependant.call, **values)
           ^^^^^^^^^^^^^^^^^^^^^^^^^^^^^^^^^^^^^^^^^^^^^^^^^
  File "C:\Users\Lenovo\OneDrive\Desktop\managment system\venv\Lib\site-packages\starlette\concurrency.py", line 32, in run_in_threadpool
    return await anyio.to_thread.run_sync(func)
           ^^^^^^^^^^^^^^^^^^^^^^^^^^^^^^^^^^^^
  File "C:\Users\Lenovo\OneDrive\Desktop\managment system\venv\Lib\site-packages\anyio\to_thread.py", line 63, in run_sync
    return await get_async_backend().run_sync_in_worker_thread(
           ^^^^^^^^^^^^^^^^^^^^^^^^^^^^^^^^^^^^^^^^^^^^^^^^^^^^
        func, args, abandon_on_cancel=abandon_on_cancel, limiter=limiter
        ^^^^^^^^^^^^^^^^^^^^^^^^^^^^^^^^^^^^^^^^^^^^^^^^^^^^^^^^^^^^^^^^
    )
    ^
  File "C:\Users\Lenovo\OneDrive\Desktop\managment system\venv\Lib\site-packages\anyio\_backends\_asyncio.py", line 2518, in run_sync_in_worker_thread
    return await future
           ^^^^^^^^^^^^
  File "C:\Users\Lenovo\OneDrive\Desktop\managment system\venv\Lib\site-packages\anyio\_backends\_asyncio.py", line 1002, in run
    result = context.run(func, *args)
  File "C:\Users\Lenovo\OneDrive\Desktop\managment system\app\api.py", line 404, in get_student
    student = service.get_student(student_id)
  File "C:\Users\Lenovo\OneDrive\Desktop\managment system\services\student_service.py", line 215, in get_student
    raise ValueError("Student not found")
ValueError: Student not found
2026-05-26 17:37:34,014 - ERROR - Student not found
  + Exception Group Traceback (most recent call last):
  |   File "C:\Users\Lenovo\OneDrive\Desktop\managment system\venv\Lib\site-packages\starlette\_utils.py", line 81, in collapse_excgroups
  |     yield
  |   File "C:\Users\Lenovo\OneDrive\Desktop\managment system\venv\Lib\site-packages\starlette\middleware\base.py", line 192, in __call__
  |     async with anyio.create_task_group() as task_group:
  |                ~~~~~~~~~~~~~~~~~~~~~~~^^
  |   File "C:\Users\Lenovo\OneDrive\Desktop\managment system\venv\Lib\site-packages\anyio\_backends\_asyncio.py", line 799, in __aexit__
  |     raise BaseExceptionGroup(
  |         "unhandled errors in a TaskGroup", self._exceptions
  |     ) from None
  | ExceptionGroup: unhandled errors in a TaskGroup (1 sub-exception)
  +-+---------------- 1 ----------------
    | Traceback (most recent call last):
    |   File "C:\Users\Lenovo\OneDrive\Desktop\managment system\venv\Lib\site-packages\starlette\middleware\errors.py", line 164, in __call__
    |     await self.app(scope, receive, _send)
    |   File "C:\Users\Lenovo\OneDrive\Desktop\managment system\venv\Lib\site-packages\starlette\middleware\base.py", line 191, in __call__
    |     with recv_stream, send_stream, collapse_excgroups():
    |                                    ~~~~~~~~~~~~~~~~~~^^
    |   File "C:\Python313\Lib\contextlib.py", line 162, in __exit__
    |     self.gen.throw(value)
    |     ~~~~~~~~~~~~~~^^^^^^^
    |   File "C:\Users\Lenovo\OneDrive\Desktop\managment system\venv\Lib\site-packages\starlette\_utils.py", line 87, in collapse_excgroups
    |     raise exc
    |   File "C:\Users\Lenovo\OneDrive\Desktop\managment system\venv\Lib\site-packages\starlette\middleware\base.py", line 193, in __call__
    |     response = await self.dispatch_func(request, call_next)
    |                ^^^^^^^^^^^^^^^^^^^^^^^^^^^^^^^^^^^^^^^^^^^^
    |   File "C:\Users\Lenovo\OneDrive\Desktop\managment system\middleware\rate_limit.py", line 52, in dispatch
    |     response = await call_next(request)
    |                ^^^^^^^^^^^^^^^^^^^^^^^^
    |   File "C:\Users\Lenovo\OneDrive\Desktop\managment system\venv\Lib\site-packages\starlette\middleware\base.py", line 168, in call_next
    |     raise app_exc from app_exc.__cause__ or app_exc.__context__
    |   File "C:\Users\Lenovo\OneDrive\Desktop\managment system\venv\Lib\site-packages\starlette\middleware\base.py", line 144, in coro
    |     await self.app(scope, receive_or_disconnect, send_no_error)
    |   File "C:\Users\Lenovo\OneDrive\Desktop\managment system\venv\Lib\site-packages\starlette\middleware\base.py", line 191, in __call__
    |     with recv_stream, send_stream, collapse_excgroups():
    |                                    ~~~~~~~~~~~~~~~~~~^^
    |   File "C:\Python313\Lib\contextlib.py", line 162, in __exit__
    |     self.gen.throw(value)
    |     ~~~~~~~~~~~~~~^^^^^^^
    |   File "C:\Users\Lenovo\OneDrive\Desktop\managment system\venv\Lib\site-packages\starlette\_utils.py", line 87, in collapse_excgroups
    |     raise exc
    |   File "C:\Users\Lenovo\OneDrive\Desktop\managment system\venv\Lib\site-packages\starlette\middleware\base.py", line 193, in __call__
    |     response = await self.dispatch_func(request, call_next)
    |                ^^^^^^^^^^^^^^^^^^^^^^^^^^^^^^^^^^^^^^^^^^^^
    |   File "C:\Users\Lenovo\OneDrive\Desktop\managment system\middleware\logging_middleware.py", line 24, in dispatch
    |     response = await call_next(request)
    |                ^^^^^^^^^^^^^^^^^^^^^^^^
    |   File "C:\Users\Lenovo\OneDrive\Desktop\managment system\venv\Lib\site-packages\starlette\middleware\base.py", line 168, in call_next
    |     raise app_exc from app_exc.__cause__ or app_exc.__context__
    |   File "C:\Users\Lenovo\OneDrive\Desktop\managment system\venv\Lib\site-packages\starlette\middleware\base.py", line 144, in coro
    |     await self.app(scope, receive_or_disconnect, send_no_error)
    |   File "C:\Users\Lenovo\OneDrive\Desktop\managment system\venv\Lib\site-packages\starlette\middleware\exceptions.py", line 63, in __call__
    |     await wrap_app_handling_exceptions(self.app, conn)(scope, receive, send)
    |   File "C:\Users\Lenovo\OneDrive\Desktop\managment system\venv\Lib\site-packages\starlette\_exception_handler.py", line 53, in wrapped_app
    |     raise exc
    |   File "C:\Users\Lenovo\OneDrive\Desktop\managment system\venv\Lib\site-packages\starlette\_exception_handler.py", line 42, in wrapped_app
    |     await app(scope, receive, sender)
    |   File "C:\Users\Lenovo\OneDrive\Desktop\managment system\venv\Lib\site-packages\fastapi\middleware\asyncexitstack.py", line 18, in __call__
    |     await self.app(scope, receive, send)
    |   File "C:\Users\Lenovo\OneDrive\Desktop\managment system\venv\Lib\site-packages\starlette\routing.py", line 660, in __call__
    |     await self.middleware_stack(scope, receive, send)
    |   File "C:\Users\Lenovo\OneDrive\Desktop\managment system\venv\Lib\site-packages\starlette\routing.py", line 680, in app
    |     await route.handle(scope, receive, send)
    |   File "C:\Users\Lenovo\OneDrive\Desktop\managment system\venv\Lib\site-packages\starlette\routing.py", line 276, in handle
    |     await self.app(scope, receive, send)
    |   File "C:\Users\Lenovo\OneDrive\Desktop\managment system\venv\Lib\site-packages\fastapi\routing.py", line 134, in app
    |     await wrap_app_handling_exceptions(app, request)(scope, receive, send)
    |   File "C:\Users\Lenovo\OneDrive\Desktop\managment system\venv\Lib\site-packages\starlette\_exception_handler.py", line 53, in wrapped_app
    |     raise exc
    |   File "C:\Users\Lenovo\OneDrive\Desktop\managment system\venv\Lib\site-packages\starlette\_exception_handler.py", line 42, in wrapped_app
    |     await app(scope, receive, sender)
    |   File "C:\Users\Lenovo\OneDrive\Desktop\managment system\venv\Lib\site-packages\fastapi\routing.py", line 120, in app
    |     response = await f(request)
    |                ^^^^^^^^^^^^^^^^
    |   File "C:\Users\Lenovo\OneDrive\Desktop\managment system\venv\Lib\site-packages\fastapi\routing.py", line 674, in app
    |     raw_response = await run_endpoint_function(
    |                    ^^^^^^^^^^^^^^^^^^^^^^^^^^^^
    |     ...<3 lines>...
    |     )
    |     ^
    |   File "C:\Users\Lenovo\OneDrive\Desktop\managment system\venv\Lib\site-packages\fastapi\routing.py", line 330, in run_endpoint_function
    |     return await run_in_threadpool(dependant.call, **values)
    |            ^^^^^^^^^^^^^^^^^^^^^^^^^^^^^^^^^^^^^^^^^^^^^^^^^
    |   File "C:\Users\Lenovo\OneDrive\Desktop\managment system\venv\Lib\site-packages\starlette\concurrency.py", line 32, in run_in_threadpool
    |     return await anyio.to_thread.run_sync(func)
    |            ^^^^^^^^^^^^^^^^^^^^^^^^^^^^^^^^^^^^
    |   File "C:\Users\Lenovo\OneDrive\Desktop\managment system\venv\Lib\site-packages\anyio\to_thread.py", line 63, in run_sync
    |     return await get_async_backend().run_sync_in_worker_thread(
    |            ^^^^^^^^^^^^^^^^^^^^^^^^^^^^^^^^^^^^^^^^^^^^^^^^^^^^
    |         func, args, abandon_on_cancel=abandon_on_cancel, limiter=limiter
    |         ^^^^^^^^^^^^^^^^^^^^^^^^^^^^^^^^^^^^^^^^^^^^^^^^^^^^^^^^^^^^^^^^
    |     )
    |     ^
    |   File "C:\Users\Lenovo\OneDrive\Desktop\managment system\venv\Lib\site-packages\anyio\_backends\_asyncio.py", line 2518, in run_sync_in_worker_thread
    |     return await future
    |            ^^^^^^^^^^^^
    |   File "C:\Users\Lenovo\OneDrive\Desktop\managment system\venv\Lib\site-packages\anyio\_backends\_asyncio.py", line 1002, in run
    |     result = context.run(func, *args)
    |   File "C:\Users\Lenovo\OneDrive\Desktop\managment system\app\api.py", line 404, in get_student
    |     student = service.get_student(student_id)
    |   File "C:\Users\Lenovo\OneDrive\Desktop\managment system\services\student_service.py", line 215, in get_student
    |     raise ValueError("Student not found")
    | ValueError: Student not found
    +------------------------------------

The above exception was the direct cause of the following exception:

Traceback (most recent call last):
  File "C:\Users\Lenovo\OneDrive\Desktop\managment system\venv\Lib\site-packages\starlette\middleware\errors.py", line 164, in __call__
    await self.app(scope, receive, _send)
  File "C:\Users\Lenovo\OneDrive\Desktop\managment system\venv\Lib\site-packages\starlette\middleware\base.py", line 191, in __call__
    with recv_stream, send_stream, collapse_excgroups():
                                   ~~~~~~~~~~~~~~~~~~^^
  File "C:\Python313\Lib\contextlib.py", line 162, in __exit__
    self.gen.throw(value)
    ~~~~~~~~~~~~~~^^^^^^^
  File "C:\Users\Lenovo\OneDrive\Desktop\managment system\venv\Lib\site-packages\starlette\_utils.py", line 87, in collapse_excgroups
    raise exc
  File "C:\Users\Lenovo\OneDrive\Desktop\managment system\venv\Lib\site-packages\starlette\middleware\base.py", line 193, in __call__
    response = await self.dispatch_func(request, call_next)
               ^^^^^^^^^^^^^^^^^^^^^^^^^^^^^^^^^^^^^^^^^^^^
  File "C:\Users\Lenovo\OneDrive\Desktop\managment system\middleware\rate_limit.py", line 52, in dispatch
    response = await call_next(request)
               ^^^^^^^^^^^^^^^^^^^^^^^^
  File "C:\Users\Lenovo\OneDrive\Desktop\managment system\venv\Lib\site-packages\starlette\middleware\base.py", line 168, in call_next
    raise app_exc from app_exc.__cause__ or app_exc.__context__
  File "C:\Users\Lenovo\OneDrive\Desktop\managment system\venv\Lib\site-packages\starlette\middleware\base.py", line 144, in coro
    await self.app(scope, receive_or_disconnect, send_no_error)
  File "C:\Users\Lenovo\OneDrive\Desktop\managment system\venv\Lib\site-packages\starlette\middleware\base.py", line 191, in __call__
    with recv_stream, send_stream, collapse_excgroups():
                                   ~~~~~~~~~~~~~~~~~~^^
  File "C:\Python313\Lib\contextlib.py", line 162, in __exit__
    self.gen.throw(value)
    ~~~~~~~~~~~~~~^^^^^^^
  File "C:\Users\Lenovo\OneDrive\Desktop\managment system\venv\Lib\site-packages\starlette\_utils.py", line 87, in collapse_excgroups
    raise exc
  File "C:\Users\Lenovo\OneDrive\Desktop\managment system\venv\Lib\site-packages\starlette\middleware\base.py", line 193, in __call__
    response = await self.dispatch_func(request, call_next)
               ^^^^^^^^^^^^^^^^^^^^^^^^^^^^^^^^^^^^^^^^^^^^
  File "C:\Users\Lenovo\OneDrive\Desktop\managment system\middleware\logging_middleware.py", line 24, in dispatch
    response = await call_next(request)
               ^^^^^^^^^^^^^^^^^^^^^^^^
  File "C:\Users\Lenovo\OneDrive\Desktop\managment system\venv\Lib\site-packages\starlette\middleware\base.py", line 168, in call_next
    raise app_exc from app_exc.__cause__ or app_exc.__context__
  File "C:\Users\Lenovo\OneDrive\Desktop\managment system\venv\Lib\site-packages\starlette\middleware\base.py", line 144, in coro
    await self.app(scope, receive_or_disconnect, send_no_error)
  File "C:\Users\Lenovo\OneDrive\Desktop\managment system\venv\Lib\site-packages\starlette\middleware\exceptions.py", line 63, in __call__
    await wrap_app_handling_exceptions(self.app, conn)(scope, receive, send)
  File "C:\Users\Lenovo\OneDrive\Desktop\managment system\venv\Lib\site-packages\starlette\_exception_handler.py", line 53, in wrapped_app
    raise exc
  File "C:\Users\Lenovo\OneDrive\Desktop\managment system\venv\Lib\site-packages\starlette\_exception_handler.py", line 42, in wrapped_app
    await app(scope, receive, sender)
  File "C:\Users\Lenovo\OneDrive\Desktop\managment system\venv\Lib\site-packages\fastapi\middleware\asyncexitstack.py", line 18, in __call__
    await self.app(scope, receive, send)
  File "C:\Users\Lenovo\OneDrive\Desktop\managment system\venv\Lib\site-packages\starlette\routing.py", line 660, in __call__
    await self.middleware_stack(scope, receive, send)
  File "C:\Users\Lenovo\OneDrive\Desktop\managment system\venv\Lib\site-packages\starlette\routing.py", line 680, in app
    await route.handle(scope, receive, send)
  File "C:\Users\Lenovo\OneDrive\Desktop\managment system\venv\Lib\site-packages\starlette\routing.py", line 276, in handle
    await self.app(scope, receive, send)
  File "C:\Users\Lenovo\OneDrive\Desktop\managment system\venv\Lib\site-packages\fastapi\routing.py", line 134, in app
    await wrap_app_handling_exceptions(app, request)(scope, receive, send)
  File "C:\Users\Lenovo\OneDrive\Desktop\managment system\venv\Lib\site-packages\starlette\_exception_handler.py", line 53, in wrapped_app
    raise exc
  File "C:\Users\Lenovo\OneDrive\Desktop\managment system\venv\Lib\site-packages\starlette\_exception_handler.py", line 42, in wrapped_app
    await app(scope, receive, sender)
  File "C:\Users\Lenovo\OneDrive\Desktop\managment system\venv\Lib\site-packages\fastapi\routing.py", line 120, in app
    response = await f(request)
               ^^^^^^^^^^^^^^^^
  File "C:\Users\Lenovo\OneDrive\Desktop\managment system\venv\Lib\site-packages\fastapi\routing.py", line 674, in app
    raw_response = await run_endpoint_function(
                   ^^^^^^^^^^^^^^^^^^^^^^^^^^^^
    ...<3 lines>...
    )
    ^
  File "C:\Users\Lenovo\OneDrive\Desktop\managment system\venv\Lib\site-packages\fastapi\routing.py", line 330, in run_endpoint_function
    return await run_in_threadpool(dependant.call, **values)
           ^^^^^^^^^^^^^^^^^^^^^^^^^^^^^^^^^^^^^^^^^^^^^^^^^
  File "C:\Users\Lenovo\OneDrive\Desktop\managment system\venv\Lib\site-packages\starlette\concurrency.py", line 32, in run_in_threadpool
    return await anyio.to_thread.run_sync(func)
           ^^^^^^^^^^^^^^^^^^^^^^^^^^^^^^^^^^^^
  File "C:\Users\Lenovo\OneDrive\Desktop\managment system\venv\Lib\site-packages\anyio\to_thread.py", line 63, in run_sync
    return await get_async_backend().run_sync_in_worker_thread(
           ^^^^^^^^^^^^^^^^^^^^^^^^^^^^^^^^^^^^^^^^^^^^^^^^^^^^
        func, args, abandon_on_cancel=abandon_on_cancel, limiter=limiter
        ^^^^^^^^^^^^^^^^^^^^^^^^^^^^^^^^^^^^^^^^^^^^^^^^^^^^^^^^^^^^^^^^
    )
    ^
  File "C:\Users\Lenovo\OneDrive\Desktop\managment system\venv\Lib\site-packages\anyio\_backends\_asyncio.py", line 2518, in run_sync_in_worker_thread
    return await future
           ^^^^^^^^^^^^
  File "C:\Users\Lenovo\OneDrive\Desktop\managment system\venv\Lib\site-packages\anyio\_backends\_asyncio.py", line 1002, in run
    result = context.run(func, *args)
  File "C:\Users\Lenovo\OneDrive\Desktop\managment system\app\api.py", line 404, in get_student
    student = service.get_student(student_id)
  File "C:\Users\Lenovo\OneDrive\Desktop\managment system\services\student_service.py", line 215, in get_student
    raise ValueError("Student not found")
ValueError: Student not found
2026-05-26 17:43:21,927 - INFO - Request Started | Method=GET Path=/students/dashboard
2026-05-26 17:43:21,944 - INFO - Request Completed | Method=GET Path=/students/dashboard Status=200 Time=0.0170s
2026-05-26 17:43:23,225 - INFO - Request Started | Method=GET Path=/students/
2026-05-26 17:43:23,226 - INFO - Request Completed | Method=GET Path=/students/ Status=307 Time=0.0006s
2026-05-26 17:43:23,228 - INFO - Request Started | Method=GET Path=/students
2026-05-26 17:43:23,245 - INFO - Request Completed | Method=GET Path=/students Status=200 Time=0.0173s
2026-05-26 17:43:56,489 - INFO - Request Started | Method=GET Path=/students/
2026-05-26 17:43:56,490 - INFO - Request Completed | Method=GET Path=/students/ Status=307 Time=0.0008s
2026-05-26 17:43:56,492 - INFO - Request Started | Method=GET Path=/students
2026-05-26 17:43:56,497 - INFO - Request Completed | Method=GET Path=/students Status=200 Time=0.0049s
2026-05-26 17:44:02,436 - INFO - Request Started | Method=GET Path=/students/rankings
2026-05-26 17:44:02,444 - ERROR - Request Failed | Method=GET Path=/students/rankings Time=0.0086s Error=Student not found
Traceback (most recent call last):
  File "C:\Users\Lenovo\OneDrive\Desktop\managment system\middleware\logging_middleware.py", line 24, in dispatch
    response = await call_next(request)
               ^^^^^^^^^^^^^^^^^^^^^^^^
  File "C:\Users\Lenovo\OneDrive\Desktop\managment system\venv\Lib\site-packages\starlette\middleware\base.py", line 168, in call_next
    raise app_exc from app_exc.__cause__ or app_exc.__context__
  File "C:\Users\Lenovo\OneDrive\Desktop\managment system\venv\Lib\site-packages\starlette\middleware\base.py", line 144, in coro
    await self.app(scope, receive_or_disconnect, send_no_error)
  File "C:\Users\Lenovo\OneDrive\Desktop\managment system\venv\Lib\site-packages\starlette\middleware\exceptions.py", line 63, in __call__
    await wrap_app_handling_exceptions(self.app, conn)(scope, receive, send)
  File "C:\Users\Lenovo\OneDrive\Desktop\managment system\venv\Lib\site-packages\starlette\_exception_handler.py", line 53, in wrapped_app
    raise exc
  File "C:\Users\Lenovo\OneDrive\Desktop\managment system\venv\Lib\site-packages\starlette\_exception_handler.py", line 42, in wrapped_app
    await app(scope, receive, sender)
  File "C:\Users\Lenovo\OneDrive\Desktop\managment system\venv\Lib\site-packages\fastapi\middleware\asyncexitstack.py", line 18, in __call__
    await self.app(scope, receive, send)
  File "C:\Users\Lenovo\OneDrive\Desktop\managment system\venv\Lib\site-packages\starlette\routing.py", line 660, in __call__
    await self.middleware_stack(scope, receive, send)
  File "C:\Users\Lenovo\OneDrive\Desktop\managment system\venv\Lib\site-packages\starlette\routing.py", line 680, in app
    await route.handle(scope, receive, send)
  File "C:\Users\Lenovo\OneDrive\Desktop\managment system\venv\Lib\site-packages\starlette\routing.py", line 276, in handle
    await self.app(scope, receive, send)
  File "C:\Users\Lenovo\OneDrive\Desktop\managment system\venv\Lib\site-packages\fastapi\routing.py", line 134, in app
    await wrap_app_handling_exceptions(app, request)(scope, receive, send)
  File "C:\Users\Lenovo\OneDrive\Desktop\managment system\venv\Lib\site-packages\starlette\_exception_handler.py", line 53, in wrapped_app
    raise exc
  File "C:\Users\Lenovo\OneDrive\Desktop\managment system\venv\Lib\site-packages\starlette\_exception_handler.py", line 42, in wrapped_app
    await app(scope, receive, sender)
  File "C:\Users\Lenovo\OneDrive\Desktop\managment system\venv\Lib\site-packages\fastapi\routing.py", line 120, in app
    response = await f(request)
               ^^^^^^^^^^^^^^^^
  File "C:\Users\Lenovo\OneDrive\Desktop\managment system\venv\Lib\site-packages\fastapi\routing.py", line 674, in app
    raw_response = await run_endpoint_function(
                   ^^^^^^^^^^^^^^^^^^^^^^^^^^^^
    ...<3 lines>...
    )
    ^
  File "C:\Users\Lenovo\OneDrive\Desktop\managment system\venv\Lib\site-packages\fastapi\routing.py", line 330, in run_endpoint_function
    return await run_in_threadpool(dependant.call, **values)
           ^^^^^^^^^^^^^^^^^^^^^^^^^^^^^^^^^^^^^^^^^^^^^^^^^
  File "C:\Users\Lenovo\OneDrive\Desktop\managment system\venv\Lib\site-packages\starlette\concurrency.py", line 32, in run_in_threadpool
    return await anyio.to_thread.run_sync(func)
           ^^^^^^^^^^^^^^^^^^^^^^^^^^^^^^^^^^^^
  File "C:\Users\Lenovo\OneDrive\Desktop\managment system\venv\Lib\site-packages\anyio\to_thread.py", line 63, in run_sync
    return await get_async_backend().run_sync_in_worker_thread(
           ^^^^^^^^^^^^^^^^^^^^^^^^^^^^^^^^^^^^^^^^^^^^^^^^^^^^
        func, args, abandon_on_cancel=abandon_on_cancel, limiter=limiter
        ^^^^^^^^^^^^^^^^^^^^^^^^^^^^^^^^^^^^^^^^^^^^^^^^^^^^^^^^^^^^^^^^
    )
    ^
  File "C:\Users\Lenovo\OneDrive\Desktop\managment system\venv\Lib\site-packages\anyio\_backends\_asyncio.py", line 2518, in run_sync_in_worker_thread
    return await future
           ^^^^^^^^^^^^
  File "C:\Users\Lenovo\OneDrive\Desktop\managment system\venv\Lib\site-packages\anyio\_backends\_asyncio.py", line 1002, in run
    result = context.run(func, *args)
  File "C:\Users\Lenovo\OneDrive\Desktop\managment system\app\api.py", line 404, in get_student
    student = service.get_student(student_id)
  File "C:\Users\Lenovo\OneDrive\Desktop\managment system\services\student_service.py", line 215, in get_student
    raise ValueError("Student not found")
ValueError: Student not found
2026-05-26 17:44:02,467 - ERROR - Student not found
  + Exception Group Traceback (most recent call last):
  |   File "C:\Users\Lenovo\OneDrive\Desktop\managment system\venv\Lib\site-packages\starlette\_utils.py", line 81, in collapse_excgroups
  |     yield
  |   File "C:\Users\Lenovo\OneDrive\Desktop\managment system\venv\Lib\site-packages\starlette\middleware\base.py", line 192, in __call__
  |     async with anyio.create_task_group() as task_group:
  |                ~~~~~~~~~~~~~~~~~~~~~~~^^
  |   File "C:\Users\Lenovo\OneDrive\Desktop\managment system\venv\Lib\site-packages\anyio\_backends\_asyncio.py", line 799, in __aexit__
  |     raise BaseExceptionGroup(
  |         "unhandled errors in a TaskGroup", self._exceptions
  |     ) from None
  | ExceptionGroup: unhandled errors in a TaskGroup (1 sub-exception)
  +-+---------------- 1 ----------------
    | Traceback (most recent call last):
    |   File "C:\Users\Lenovo\OneDrive\Desktop\managment system\venv\Lib\site-packages\starlette\middleware\errors.py", line 164, in __call__
    |     await self.app(scope, receive, _send)
    |   File "C:\Users\Lenovo\OneDrive\Desktop\managment system\venv\Lib\site-packages\starlette\middleware\base.py", line 191, in __call__
    |     with recv_stream, send_stream, collapse_excgroups():
    |                                    ~~~~~~~~~~~~~~~~~~^^
    |   File "C:\Python313\Lib\contextlib.py", line 162, in __exit__
    |     self.gen.throw(value)
    |     ~~~~~~~~~~~~~~^^^^^^^
    |   File "C:\Users\Lenovo\OneDrive\Desktop\managment system\venv\Lib\site-packages\starlette\_utils.py", line 87, in collapse_excgroups
    |     raise exc
    |   File "C:\Users\Lenovo\OneDrive\Desktop\managment system\venv\Lib\site-packages\starlette\middleware\base.py", line 193, in __call__
    |     response = await self.dispatch_func(request, call_next)
    |                ^^^^^^^^^^^^^^^^^^^^^^^^^^^^^^^^^^^^^^^^^^^^
    |   File "C:\Users\Lenovo\OneDrive\Desktop\managment system\middleware\rate_limit.py", line 52, in dispatch
    |     response = await call_next(request)
    |                ^^^^^^^^^^^^^^^^^^^^^^^^
    |   File "C:\Users\Lenovo\OneDrive\Desktop\managment system\venv\Lib\site-packages\starlette\middleware\base.py", line 168, in call_next
    |     raise app_exc from app_exc.__cause__ or app_exc.__context__
    |   File "C:\Users\Lenovo\OneDrive\Desktop\managment system\venv\Lib\site-packages\starlette\middleware\base.py", line 144, in coro
    |     await self.app(scope, receive_or_disconnect, send_no_error)
    |   File "C:\Users\Lenovo\OneDrive\Desktop\managment system\venv\Lib\site-packages\starlette\middleware\base.py", line 191, in __call__
    |     with recv_stream, send_stream, collapse_excgroups():
    |                                    ~~~~~~~~~~~~~~~~~~^^
    |   File "C:\Python313\Lib\contextlib.py", line 162, in __exit__
    |     self.gen.throw(value)
    |     ~~~~~~~~~~~~~~^^^^^^^
    |   File "C:\Users\Lenovo\OneDrive\Desktop\managment system\venv\Lib\site-packages\starlette\_utils.py", line 87, in collapse_excgroups
    |     raise exc
    |   File "C:\Users\Lenovo\OneDrive\Desktop\managment system\venv\Lib\site-packages\starlette\middleware\base.py", line 193, in __call__
    |     response = await self.dispatch_func(request, call_next)
    |                ^^^^^^^^^^^^^^^^^^^^^^^^^^^^^^^^^^^^^^^^^^^^
    |   File "C:\Users\Lenovo\OneDrive\Desktop\managment system\middleware\logging_middleware.py", line 24, in dispatch
    |     response = await call_next(request)
    |                ^^^^^^^^^^^^^^^^^^^^^^^^
    |   File "C:\Users\Lenovo\OneDrive\Desktop\managment system\venv\Lib\site-packages\starlette\middleware\base.py", line 168, in call_next
    |     raise app_exc from app_exc.__cause__ or app_exc.__context__
    |   File "C:\Users\Lenovo\OneDrive\Desktop\managment system\venv\Lib\site-packages\starlette\middleware\base.py", line 144, in coro
    |     await self.app(scope, receive_or_disconnect, send_no_error)
    |   File "C:\Users\Lenovo\OneDrive\Desktop\managment system\venv\Lib\site-packages\starlette\middleware\exceptions.py", line 63, in __call__
    |     await wrap_app_handling_exceptions(self.app, conn)(scope, receive, send)
    |   File "C:\Users\Lenovo\OneDrive\Desktop\managment system\venv\Lib\site-packages\starlette\_exception_handler.py", line 53, in wrapped_app
    |     raise exc
    |   File "C:\Users\Lenovo\OneDrive\Desktop\managment system\venv\Lib\site-packages\starlette\_exception_handler.py", line 42, in wrapped_app
    |     await app(scope, receive, sender)
    |   File "C:\Users\Lenovo\OneDrive\Desktop\managment system\venv\Lib\site-packages\fastapi\middleware\asyncexitstack.py", line 18, in __call__
    |     await self.app(scope, receive, send)
    |   File "C:\Users\Lenovo\OneDrive\Desktop\managment system\venv\Lib\site-packages\starlette\routing.py", line 660, in __call__
    |     await self.middleware_stack(scope, receive, send)
    |   File "C:\Users\Lenovo\OneDrive\Desktop\managment system\venv\Lib\site-packages\starlette\routing.py", line 680, in app
    |     await route.handle(scope, receive, send)
    |   File "C:\Users\Lenovo\OneDrive\Desktop\managment system\venv\Lib\site-packages\starlette\routing.py", line 276, in handle
    |     await self.app(scope, receive, send)
    |   File "C:\Users\Lenovo\OneDrive\Desktop\managment system\venv\Lib\site-packages\fastapi\routing.py", line 134, in app
    |     await wrap_app_handling_exceptions(app, request)(scope, receive, send)
    |   File "C:\Users\Lenovo\OneDrive\Desktop\managment system\venv\Lib\site-packages\starlette\_exception_handler.py", line 53, in wrapped_app
    |     raise exc
    |   File "C:\Users\Lenovo\OneDrive\Desktop\managment system\venv\Lib\site-packages\starlette\_exception_handler.py", line 42, in wrapped_app
    |     await app(scope, receive, sender)
    |   File "C:\Users\Lenovo\OneDrive\Desktop\managment system\venv\Lib\site-packages\fastapi\routing.py", line 120, in app
    |     response = await f(request)
    |                ^^^^^^^^^^^^^^^^
    |   File "C:\Users\Lenovo\OneDrive\Desktop\managment system\venv\Lib\site-packages\fastapi\routing.py", line 674, in app
    |     raw_response = await run_endpoint_function(
    |                    ^^^^^^^^^^^^^^^^^^^^^^^^^^^^
    |     ...<3 lines>...
    |     )
    |     ^
    |   File "C:\Users\Lenovo\OneDrive\Desktop\managment system\venv\Lib\site-packages\fastapi\routing.py", line 330, in run_endpoint_function
    |     return await run_in_threadpool(dependant.call, **values)
    |            ^^^^^^^^^^^^^^^^^^^^^^^^^^^^^^^^^^^^^^^^^^^^^^^^^
    |   File "C:\Users\Lenovo\OneDrive\Desktop\managment system\venv\Lib\site-packages\starlette\concurrency.py", line 32, in run_in_threadpool
    |     return await anyio.to_thread.run_sync(func)
    |            ^^^^^^^^^^^^^^^^^^^^^^^^^^^^^^^^^^^^
    |   File "C:\Users\Lenovo\OneDrive\Desktop\managment system\venv\Lib\site-packages\anyio\to_thread.py", line 63, in run_sync
    |     return await get_async_backend().run_sync_in_worker_thread(
    |            ^^^^^^^^^^^^^^^^^^^^^^^^^^^^^^^^^^^^^^^^^^^^^^^^^^^^
    |         func, args, abandon_on_cancel=abandon_on_cancel, limiter=limiter
    |         ^^^^^^^^^^^^^^^^^^^^^^^^^^^^^^^^^^^^^^^^^^^^^^^^^^^^^^^^^^^^^^^^
    |     )
    |     ^
    |   File "C:\Users\Lenovo\OneDrive\Desktop\managment system\venv\Lib\site-packages\anyio\_backends\_asyncio.py", line 2518, in run_sync_in_worker_thread
    |     return await future
    |            ^^^^^^^^^^^^
    |   File "C:\Users\Lenovo\OneDrive\Desktop\managment system\venv\Lib\site-packages\anyio\_backends\_asyncio.py", line 1002, in run
    |     result = context.run(func, *args)
    |   File "C:\Users\Lenovo\OneDrive\Desktop\managment system\app\api.py", line 404, in get_student
    |     student = service.get_student(student_id)
    |   File "C:\Users\Lenovo\OneDrive\Desktop\managment system\services\student_service.py", line 215, in get_student
    |     raise ValueError("Student not found")
    | ValueError: Student not found
    +------------------------------------

The above exception was the direct cause of the following exception:

Traceback (most recent call last):
  File "C:\Users\Lenovo\OneDrive\Desktop\managment system\venv\Lib\site-packages\starlette\middleware\errors.py", line 164, in __call__
    await self.app(scope, receive, _send)
  File "C:\Users\Lenovo\OneDrive\Desktop\managment system\venv\Lib\site-packages\starlette\middleware\base.py", line 191, in __call__
    with recv_stream, send_stream, collapse_excgroups():
                                   ~~~~~~~~~~~~~~~~~~^^
  File "C:\Python313\Lib\contextlib.py", line 162, in __exit__
    self.gen.throw(value)
    ~~~~~~~~~~~~~~^^^^^^^
  File "C:\Users\Lenovo\OneDrive\Desktop\managment system\venv\Lib\site-packages\starlette\_utils.py", line 87, in collapse_excgroups
    raise exc
  File "C:\Users\Lenovo\OneDrive\Desktop\managment system\venv\Lib\site-packages\starlette\middleware\base.py", line 193, in __call__
    response = await self.dispatch_func(request, call_next)
               ^^^^^^^^^^^^^^^^^^^^^^^^^^^^^^^^^^^^^^^^^^^^
  File "C:\Users\Lenovo\OneDrive\Desktop\managment system\middleware\rate_limit.py", line 52, in dispatch
    response = await call_next(request)
               ^^^^^^^^^^^^^^^^^^^^^^^^
  File "C:\Users\Lenovo\OneDrive\Desktop\managment system\venv\Lib\site-packages\starlette\middleware\base.py", line 168, in call_next
    raise app_exc from app_exc.__cause__ or app_exc.__context__
  File "C:\Users\Lenovo\OneDrive\Desktop\managment system\venv\Lib\site-packages\starlette\middleware\base.py", line 144, in coro
    await self.app(scope, receive_or_disconnect, send_no_error)
  File "C:\Users\Lenovo\OneDrive\Desktop\managment system\venv\Lib\site-packages\starlette\middleware\base.py", line 191, in __call__
    with recv_stream, send_stream, collapse_excgroups():
                                   ~~~~~~~~~~~~~~~~~~^^
  File "C:\Python313\Lib\contextlib.py", line 162, in __exit__
    self.gen.throw(value)
    ~~~~~~~~~~~~~~^^^^^^^
  File "C:\Users\Lenovo\OneDrive\Desktop\managment system\venv\Lib\site-packages\starlette\_utils.py", line 87, in collapse_excgroups
    raise exc
  File "C:\Users\Lenovo\OneDrive\Desktop\managment system\venv\Lib\site-packages\starlette\middleware\base.py", line 193, in __call__
    response = await self.dispatch_func(request, call_next)
               ^^^^^^^^^^^^^^^^^^^^^^^^^^^^^^^^^^^^^^^^^^^^
  File "C:\Users\Lenovo\OneDrive\Desktop\managment system\middleware\logging_middleware.py", line 24, in dispatch
    response = await call_next(request)
               ^^^^^^^^^^^^^^^^^^^^^^^^
  File "C:\Users\Lenovo\OneDrive\Desktop\managment system\venv\Lib\site-packages\starlette\middleware\base.py", line 168, in call_next
    raise app_exc from app_exc.__cause__ or app_exc.__context__
  File "C:\Users\Lenovo\OneDrive\Desktop\managment system\venv\Lib\site-packages\starlette\middleware\base.py", line 144, in coro
    await self.app(scope, receive_or_disconnect, send_no_error)
  File "C:\Users\Lenovo\OneDrive\Desktop\managment system\venv\Lib\site-packages\starlette\middleware\exceptions.py", line 63, in __call__
    await wrap_app_handling_exceptions(self.app, conn)(scope, receive, send)
  File "C:\Users\Lenovo\OneDrive\Desktop\managment system\venv\Lib\site-packages\starlette\_exception_handler.py", line 53, in wrapped_app
    raise exc
  File "C:\Users\Lenovo\OneDrive\Desktop\managment system\venv\Lib\site-packages\starlette\_exception_handler.py", line 42, in wrapped_app
    await app(scope, receive, sender)
  File "C:\Users\Lenovo\OneDrive\Desktop\managment system\venv\Lib\site-packages\fastapi\middleware\asyncexitstack.py", line 18, in __call__
    await self.app(scope, receive, send)
  File "C:\Users\Lenovo\OneDrive\Desktop\managment system\venv\Lib\site-packages\starlette\routing.py", line 660, in __call__
    await self.middleware_stack(scope, receive, send)
  File "C:\Users\Lenovo\OneDrive\Desktop\managment system\venv\Lib\site-packages\starlette\routing.py", line 680, in app
    await route.handle(scope, receive, send)
  File "C:\Users\Lenovo\OneDrive\Desktop\managment system\venv\Lib\site-packages\starlette\routing.py", line 276, in handle
    await self.app(scope, receive, send)
  File "C:\Users\Lenovo\OneDrive\Desktop\managment system\venv\Lib\site-packages\fastapi\routing.py", line 134, in app
    await wrap_app_handling_exceptions(app, request)(scope, receive, send)
  File "C:\Users\Lenovo\OneDrive\Desktop\managment system\venv\Lib\site-packages\starlette\_exception_handler.py", line 53, in wrapped_app
    raise exc
  File "C:\Users\Lenovo\OneDrive\Desktop\managment system\venv\Lib\site-packages\starlette\_exception_handler.py", line 42, in wrapped_app
    await app(scope, receive, sender)
  File "C:\Users\Lenovo\OneDrive\Desktop\managment system\venv\Lib\site-packages\fastapi\routing.py", line 120, in app
    response = await f(request)
               ^^^^^^^^^^^^^^^^
  File "C:\Users\Lenovo\OneDrive\Desktop\managment system\venv\Lib\site-packages\fastapi\routing.py", line 674, in app
    raw_response = await run_endpoint_function(
                   ^^^^^^^^^^^^^^^^^^^^^^^^^^^^
    ...<3 lines>...
    )
    ^
  File "C:\Users\Lenovo\OneDrive\Desktop\managment system\venv\Lib\site-packages\fastapi\routing.py", line 330, in run_endpoint_function
    return await run_in_threadpool(dependant.call, **values)
           ^^^^^^^^^^^^^^^^^^^^^^^^^^^^^^^^^^^^^^^^^^^^^^^^^
  File "C:\Users\Lenovo\OneDrive\Desktop\managment system\venv\Lib\site-packages\starlette\concurrency.py", line 32, in run_in_threadpool
    return await anyio.to_thread.run_sync(func)
           ^^^^^^^^^^^^^^^^^^^^^^^^^^^^^^^^^^^^
  File "C:\Users\Lenovo\OneDrive\Desktop\managment system\venv\Lib\site-packages\anyio\to_thread.py", line 63, in run_sync
    return await get_async_backend().run_sync_in_worker_thread(
           ^^^^^^^^^^^^^^^^^^^^^^^^^^^^^^^^^^^^^^^^^^^^^^^^^^^^
        func, args, abandon_on_cancel=abandon_on_cancel, limiter=limiter
        ^^^^^^^^^^^^^^^^^^^^^^^^^^^^^^^^^^^^^^^^^^^^^^^^^^^^^^^^^^^^^^^^
    )
    ^
  File "C:\Users\Lenovo\OneDrive\Desktop\managment system\venv\Lib\site-packages\anyio\_backends\_asyncio.py", line 2518, in run_sync_in_worker_thread
    return await future
           ^^^^^^^^^^^^
  File "C:\Users\Lenovo\OneDrive\Desktop\managment system\venv\Lib\site-packages\anyio\_backends\_asyncio.py", line 1002, in run
    result = context.run(func, *args)
  File "C:\Users\Lenovo\OneDrive\Desktop\managment system\app\api.py", line 404, in get_student
    student = service.get_student(student_id)
  File "C:\Users\Lenovo\OneDrive\Desktop\managment system\services\student_service.py", line 215, in get_student
    raise ValueError("Student not found")
ValueError: Student not found
2026-05-26 17:44:05,435 - INFO - Request Started | Method=GET Path=/students/
2026-05-26 17:44:05,436 - INFO - Request Completed | Method=GET Path=/students/ Status=307 Time=0.0017s
2026-05-26 17:44:05,438 - INFO - Request Started | Method=GET Path=/students
2026-05-26 17:44:05,441 - INFO - Request Completed | Method=GET Path=/students Status=200 Time=0.0032s
2026-05-26 17:44:08,417 - INFO - Request Started | Method=GET Path=/students/rankings
2026-05-26 17:44:08,421 - ERROR - Request Failed | Method=GET Path=/students/rankings Time=0.0038s Error=Student not found
Traceback (most recent call last):
  File "C:\Users\Lenovo\OneDrive\Desktop\managment system\middleware\logging_middleware.py", line 24, in dispatch
    response = await call_next(request)
               ^^^^^^^^^^^^^^^^^^^^^^^^
  File "C:\Users\Lenovo\OneDrive\Desktop\managment system\venv\Lib\site-packages\starlette\middleware\base.py", line 168, in call_next
    raise app_exc from app_exc.__cause__ or app_exc.__context__
  File "C:\Users\Lenovo\OneDrive\Desktop\managment system\venv\Lib\site-packages\starlette\middleware\base.py", line 144, in coro
    await self.app(scope, receive_or_disconnect, send_no_error)
  File "C:\Users\Lenovo\OneDrive\Desktop\managment system\venv\Lib\site-packages\starlette\middleware\exceptions.py", line 63, in __call__
    await wrap_app_handling_exceptions(self.app, conn)(scope, receive, send)
  File "C:\Users\Lenovo\OneDrive\Desktop\managment system\venv\Lib\site-packages\starlette\_exception_handler.py", line 53, in wrapped_app
    raise exc
  File "C:\Users\Lenovo\OneDrive\Desktop\managment system\venv\Lib\site-packages\starlette\_exception_handler.py", line 42, in wrapped_app
    await app(scope, receive, sender)
  File "C:\Users\Lenovo\OneDrive\Desktop\managment system\venv\Lib\site-packages\fastapi\middleware\asyncexitstack.py", line 18, in __call__
    await self.app(scope, receive, send)
  File "C:\Users\Lenovo\OneDrive\Desktop\managment system\venv\Lib\site-packages\starlette\routing.py", line 660, in __call__
    await self.middleware_stack(scope, receive, send)
  File "C:\Users\Lenovo\OneDrive\Desktop\managment system\venv\Lib\site-packages\starlette\routing.py", line 680, in app
    await route.handle(scope, receive, send)
  File "C:\Users\Lenovo\OneDrive\Desktop\managment system\venv\Lib\site-packages\starlette\routing.py", line 276, in handle
    await self.app(scope, receive, send)
  File "C:\Users\Lenovo\OneDrive\Desktop\managment system\venv\Lib\site-packages\fastapi\routing.py", line 134, in app
    await wrap_app_handling_exceptions(app, request)(scope, receive, send)
  File "C:\Users\Lenovo\OneDrive\Desktop\managment system\venv\Lib\site-packages\starlette\_exception_handler.py", line 53, in wrapped_app
    raise exc
  File "C:\Users\Lenovo\OneDrive\Desktop\managment system\venv\Lib\site-packages\starlette\_exception_handler.py", line 42, in wrapped_app
    await app(scope, receive, sender)
  File "C:\Users\Lenovo\OneDrive\Desktop\managment system\venv\Lib\site-packages\fastapi\routing.py", line 120, in app
    response = await f(request)
               ^^^^^^^^^^^^^^^^
  File "C:\Users\Lenovo\OneDrive\Desktop\managment system\venv\Lib\site-packages\fastapi\routing.py", line 674, in app
    raw_response = await run_endpoint_function(
                   ^^^^^^^^^^^^^^^^^^^^^^^^^^^^
    ...<3 lines>...
    )
    ^
  File "C:\Users\Lenovo\OneDrive\Desktop\managment system\venv\Lib\site-packages\fastapi\routing.py", line 330, in run_endpoint_function
    return await run_in_threadpool(dependant.call, **values)
           ^^^^^^^^^^^^^^^^^^^^^^^^^^^^^^^^^^^^^^^^^^^^^^^^^
  File "C:\Users\Lenovo\OneDrive\Desktop\managment system\venv\Lib\site-packages\starlette\concurrency.py", line 32, in run_in_threadpool
    return await anyio.to_thread.run_sync(func)
           ^^^^^^^^^^^^^^^^^^^^^^^^^^^^^^^^^^^^
  File "C:\Users\Lenovo\OneDrive\Desktop\managment system\venv\Lib\site-packages\anyio\to_thread.py", line 63, in run_sync
    return await get_async_backend().run_sync_in_worker_thread(
           ^^^^^^^^^^^^^^^^^^^^^^^^^^^^^^^^^^^^^^^^^^^^^^^^^^^^
        func, args, abandon_on_cancel=abandon_on_cancel, limiter=limiter
        ^^^^^^^^^^^^^^^^^^^^^^^^^^^^^^^^^^^^^^^^^^^^^^^^^^^^^^^^^^^^^^^^
    )
    ^
  File "C:\Users\Lenovo\OneDrive\Desktop\managment system\venv\Lib\site-packages\anyio\_backends\_asyncio.py", line 2518, in run_sync_in_worker_thread
    return await future
           ^^^^^^^^^^^^
  File "C:\Users\Lenovo\OneDrive\Desktop\managment system\venv\Lib\site-packages\anyio\_backends\_asyncio.py", line 1002, in run
    result = context.run(func, *args)
  File "C:\Users\Lenovo\OneDrive\Desktop\managment system\app\api.py", line 404, in get_student
    student = service.get_student(student_id)
  File "C:\Users\Lenovo\OneDrive\Desktop\managment system\services\student_service.py", line 215, in get_student
    raise ValueError("Student not found")
ValueError: Student not found
2026-05-26 17:44:08,424 - ERROR - Student not found
  + Exception Group Traceback (most recent call last):
  |   File "C:\Users\Lenovo\OneDrive\Desktop\managment system\venv\Lib\site-packages\starlette\_utils.py", line 81, in collapse_excgroups
  |     yield
  |   File "C:\Users\Lenovo\OneDrive\Desktop\managment system\venv\Lib\site-packages\starlette\middleware\base.py", line 192, in __call__
  |     async with anyio.create_task_group() as task_group:
  |                ~~~~~~~~~~~~~~~~~~~~~~~^^
  |   File "C:\Users\Lenovo\OneDrive\Desktop\managment system\venv\Lib\site-packages\anyio\_backends\_asyncio.py", line 799, in __aexit__
  |     raise BaseExceptionGroup(
  |         "unhandled errors in a TaskGroup", self._exceptions
  |     ) from None
  | ExceptionGroup: unhandled errors in a TaskGroup (1 sub-exception)
  +-+---------------- 1 ----------------
    | Traceback (most recent call last):
    |   File "C:\Users\Lenovo\OneDrive\Desktop\managment system\venv\Lib\site-packages\starlette\middleware\errors.py", line 164, in __call__
    |     await self.app(scope, receive, _send)
    |   File "C:\Users\Lenovo\OneDrive\Desktop\managment system\venv\Lib\site-packages\starlette\middleware\base.py", line 191, in __call__
    |     with recv_stream, send_stream, collapse_excgroups():
    |                                    ~~~~~~~~~~~~~~~~~~^^
    |   File "C:\Python313\Lib\contextlib.py", line 162, in __exit__
    |     self.gen.throw(value)
    |     ~~~~~~~~~~~~~~^^^^^^^
    |   File "C:\Users\Lenovo\OneDrive\Desktop\managment system\venv\Lib\site-packages\starlette\_utils.py", line 87, in collapse_excgroups
    |     raise exc
    |   File "C:\Users\Lenovo\OneDrive\Desktop\managment system\venv\Lib\site-packages\starlette\middleware\base.py", line 193, in __call__
    |     response = await self.dispatch_func(request, call_next)
    |                ^^^^^^^^^^^^^^^^^^^^^^^^^^^^^^^^^^^^^^^^^^^^
    |   File "C:\Users\Lenovo\OneDrive\Desktop\managment system\middleware\rate_limit.py", line 52, in dispatch
    |     response = await call_next(request)
    |                ^^^^^^^^^^^^^^^^^^^^^^^^
    |   File "C:\Users\Lenovo\OneDrive\Desktop\managment system\venv\Lib\site-packages\starlette\middleware\base.py", line 168, in call_next
    |     raise app_exc from app_exc.__cause__ or app_exc.__context__
    |   File "C:\Users\Lenovo\OneDrive\Desktop\managment system\venv\Lib\site-packages\starlette\middleware\base.py", line 144, in coro
    |     await self.app(scope, receive_or_disconnect, send_no_error)
    |   File "C:\Users\Lenovo\OneDrive\Desktop\managment system\venv\Lib\site-packages\starlette\middleware\base.py", line 191, in __call__
    |     with recv_stream, send_stream, collapse_excgroups():
    |                                    ~~~~~~~~~~~~~~~~~~^^
    |   File "C:\Python313\Lib\contextlib.py", line 162, in __exit__
    |     self.gen.throw(value)
    |     ~~~~~~~~~~~~~~^^^^^^^
    |   File "C:\Users\Lenovo\OneDrive\Desktop\managment system\venv\Lib\site-packages\starlette\_utils.py", line 87, in collapse_excgroups
    |     raise exc
    |   File "C:\Users\Lenovo\OneDrive\Desktop\managment system\venv\Lib\site-packages\starlette\middleware\base.py", line 193, in __call__
    |     response = await self.dispatch_func(request, call_next)
    |                ^^^^^^^^^^^^^^^^^^^^^^^^^^^^^^^^^^^^^^^^^^^^
    |   File "C:\Users\Lenovo\OneDrive\Desktop\managment system\middleware\logging_middleware.py", line 24, in dispatch
    |     response = await call_next(request)
    |                ^^^^^^^^^^^^^^^^^^^^^^^^
    |   File "C:\Users\Lenovo\OneDrive\Desktop\managment system\venv\Lib\site-packages\starlette\middleware\base.py", line 168, in call_next
    |     raise app_exc from app_exc.__cause__ or app_exc.__context__
    |   File "C:\Users\Lenovo\OneDrive\Desktop\managment system\venv\Lib\site-packages\starlette\middleware\base.py", line 144, in coro
    |     await self.app(scope, receive_or_disconnect, send_no_error)
    |   File "C:\Users\Lenovo\OneDrive\Desktop\managment system\venv\Lib\site-packages\starlette\middleware\exceptions.py", line 63, in __call__
    |     await wrap_app_handling_exceptions(self.app, conn)(scope, receive, send)
    |   File "C:\Users\Lenovo\OneDrive\Desktop\managment system\venv\Lib\site-packages\starlette\_exception_handler.py", line 53, in wrapped_app
    |     raise exc
    |   File "C:\Users\Lenovo\OneDrive\Desktop\managment system\venv\Lib\site-packages\starlette\_exception_handler.py", line 42, in wrapped_app
    |     await app(scope, receive, sender)
    |   File "C:\Users\Lenovo\OneDrive\Desktop\managment system\venv\Lib\site-packages\fastapi\middleware\asyncexitstack.py", line 18, in __call__
    |     await self.app(scope, receive, send)
    |   File "C:\Users\Lenovo\OneDrive\Desktop\managment system\venv\Lib\site-packages\starlette\routing.py", line 660, in __call__
    |     await self.middleware_stack(scope, receive, send)
    |   File "C:\Users\Lenovo\OneDrive\Desktop\managment system\venv\Lib\site-packages\starlette\routing.py", line 680, in app
    |     await route.handle(scope, receive, send)
    |   File "C:\Users\Lenovo\OneDrive\Desktop\managment system\venv\Lib\site-packages\starlette\routing.py", line 276, in handle
    |     await self.app(scope, receive, send)
    |   File "C:\Users\Lenovo\OneDrive\Desktop\managment system\venv\Lib\site-packages\fastapi\routing.py", line 134, in app
    |     await wrap_app_handling_exceptions(app, request)(scope, receive, send)
    |   File "C:\Users\Lenovo\OneDrive\Desktop\managment system\venv\Lib\site-packages\starlette\_exception_handler.py", line 53, in wrapped_app
    |     raise exc
    |   File "C:\Users\Lenovo\OneDrive\Desktop\managment system\venv\Lib\site-packages\starlette\_exception_handler.py", line 42, in wrapped_app
    |     await app(scope, receive, sender)
    |   File "C:\Users\Lenovo\OneDrive\Desktop\managment system\venv\Lib\site-packages\fastapi\routing.py", line 120, in app
    |     response = await f(request)
    |                ^^^^^^^^^^^^^^^^
    |   File "C:\Users\Lenovo\OneDrive\Desktop\managment system\venv\Lib\site-packages\fastapi\routing.py", line 674, in app
    |     raw_response = await run_endpoint_function(
    |                    ^^^^^^^^^^^^^^^^^^^^^^^^^^^^
    |     ...<3 lines>...
    |     )
    |     ^
    |   File "C:\Users\Lenovo\OneDrive\Desktop\managment system\venv\Lib\site-packages\fastapi\routing.py", line 330, in run_endpoint_function
    |     return await run_in_threadpool(dependant.call, **values)
    |            ^^^^^^^^^^^^^^^^^^^^^^^^^^^^^^^^^^^^^^^^^^^^^^^^^
    |   File "C:\Users\Lenovo\OneDrive\Desktop\managment system\venv\Lib\site-packages\starlette\concurrency.py", line 32, in run_in_threadpool
    |     return await anyio.to_thread.run_sync(func)
    |            ^^^^^^^^^^^^^^^^^^^^^^^^^^^^^^^^^^^^
    |   File "C:\Users\Lenovo\OneDrive\Desktop\managment system\venv\Lib\site-packages\anyio\to_thread.py", line 63, in run_sync
    |     return await get_async_backend().run_sync_in_worker_thread(
    |            ^^^^^^^^^^^^^^^^^^^^^^^^^^^^^^^^^^^^^^^^^^^^^^^^^^^^
    |         func, args, abandon_on_cancel=abandon_on_cancel, limiter=limiter
    |         ^^^^^^^^^^^^^^^^^^^^^^^^^^^^^^^^^^^^^^^^^^^^^^^^^^^^^^^^^^^^^^^^
    |     )
    |     ^
    |   File "C:\Users\Lenovo\OneDrive\Desktop\managment system\venv\Lib\site-packages\anyio\_backends\_asyncio.py", line 2518, in run_sync_in_worker_thread
    |     return await future
    |            ^^^^^^^^^^^^
    |   File "C:\Users\Lenovo\OneDrive\Desktop\managment system\venv\Lib\site-packages\anyio\_backends\_asyncio.py", line 1002, in run
    |     result = context.run(func, *args)
    |   File "C:\Users\Lenovo\OneDrive\Desktop\managment system\app\api.py", line 404, in get_student
    |     student = service.get_student(student_id)
    |   File "C:\Users\Lenovo\OneDrive\Desktop\managment system\services\student_service.py", line 215, in get_student
    |     raise ValueError("Student not found")
    | ValueError: Student not found
    +------------------------------------

The above exception was the direct cause of the following exception:

Traceback (most recent call last):
  File "C:\Users\Lenovo\OneDrive\Desktop\managment system\venv\Lib\site-packages\starlette\middleware\errors.py", line 164, in __call__
    await self.app(scope, receive, _send)
  File "C:\Users\Lenovo\OneDrive\Desktop\managment system\venv\Lib\site-packages\starlette\middleware\base.py", line 191, in __call__
    with recv_stream, send_stream, collapse_excgroups():
                                   ~~~~~~~~~~~~~~~~~~^^
  File "C:\Python313\Lib\contextlib.py", line 162, in __exit__
    self.gen.throw(value)
    ~~~~~~~~~~~~~~^^^^^^^
  File "C:\Users\Lenovo\OneDrive\Desktop\managment system\venv\Lib\site-packages\starlette\_utils.py", line 87, in collapse_excgroups
    raise exc
  File "C:\Users\Lenovo\OneDrive\Desktop\managment system\venv\Lib\site-packages\starlette\middleware\base.py", line 193, in __call__
    response = await self.dispatch_func(request, call_next)
               ^^^^^^^^^^^^^^^^^^^^^^^^^^^^^^^^^^^^^^^^^^^^
  File "C:\Users\Lenovo\OneDrive\Desktop\managment system\middleware\rate_limit.py", line 52, in dispatch
    response = await call_next(request)
               ^^^^^^^^^^^^^^^^^^^^^^^^
  File "C:\Users\Lenovo\OneDrive\Desktop\managment system\venv\Lib\site-packages\starlette\middleware\base.py", line 168, in call_next
    raise app_exc from app_exc.__cause__ or app_exc.__context__
  File "C:\Users\Lenovo\OneDrive\Desktop\managment system\venv\Lib\site-packages\starlette\middleware\base.py", line 144, in coro
    await self.app(scope, receive_or_disconnect, send_no_error)
  File "C:\Users\Lenovo\OneDrive\Desktop\managment system\venv\Lib\site-packages\starlette\middleware\base.py", line 191, in __call__
    with recv_stream, send_stream, collapse_excgroups():
                                   ~~~~~~~~~~~~~~~~~~^^
  File "C:\Python313\Lib\contextlib.py", line 162, in __exit__
    self.gen.throw(value)
    ~~~~~~~~~~~~~~^^^^^^^
  File "C:\Users\Lenovo\OneDrive\Desktop\managment system\venv\Lib\site-packages\starlette\_utils.py", line 87, in collapse_excgroups
    raise exc
  File "C:\Users\Lenovo\OneDrive\Desktop\managment system\venv\Lib\site-packages\starlette\middleware\base.py", line 193, in __call__
    response = await self.dispatch_func(request, call_next)
               ^^^^^^^^^^^^^^^^^^^^^^^^^^^^^^^^^^^^^^^^^^^^
  File "C:\Users\Lenovo\OneDrive\Desktop\managment system\middleware\logging_middleware.py", line 24, in dispatch
    response = await call_next(request)
               ^^^^^^^^^^^^^^^^^^^^^^^^
  File "C:\Users\Lenovo\OneDrive\Desktop\managment system\venv\Lib\site-packages\starlette\middleware\base.py", line 168, in call_next
    raise app_exc from app_exc.__cause__ or app_exc.__context__
  File "C:\Users\Lenovo\OneDrive\Desktop\managment system\venv\Lib\site-packages\starlette\middleware\base.py", line 144, in coro
    await self.app(scope, receive_or_disconnect, send_no_error)
  File "C:\Users\Lenovo\OneDrive\Desktop\managment system\venv\Lib\site-packages\starlette\middleware\exceptions.py", line 63, in __call__
    await wrap_app_handling_exceptions(self.app, conn)(scope, receive, send)
  File "C:\Users\Lenovo\OneDrive\Desktop\managment system\venv\Lib\site-packages\starlette\_exception_handler.py", line 53, in wrapped_app
    raise exc
  File "C:\Users\Lenovo\OneDrive\Desktop\managment system\venv\Lib\site-packages\starlette\_exception_handler.py", line 42, in wrapped_app
    await app(scope, receive, sender)
  File "C:\Users\Lenovo\OneDrive\Desktop\managment system\venv\Lib\site-packages\fastapi\middleware\asyncexitstack.py", line 18, in __call__
    await self.app(scope, receive, send)
  File "C:\Users\Lenovo\OneDrive\Desktop\managment system\venv\Lib\site-packages\starlette\routing.py", line 660, in __call__
    await self.middleware_stack(scope, receive, send)
  File "C:\Users\Lenovo\OneDrive\Desktop\managment system\venv\Lib\site-packages\starlette\routing.py", line 680, in app
    await route.handle(scope, receive, send)
  File "C:\Users\Lenovo\OneDrive\Desktop\managment system\venv\Lib\site-packages\starlette\routing.py", line 276, in handle
    await self.app(scope, receive, send)
  File "C:\Users\Lenovo\OneDrive\Desktop\managment system\venv\Lib\site-packages\fastapi\routing.py", line 134, in app
    await wrap_app_handling_exceptions(app, request)(scope, receive, send)
  File "C:\Users\Lenovo\OneDrive\Desktop\managment system\venv\Lib\site-packages\starlette\_exception_handler.py", line 53, in wrapped_app
    raise exc
  File "C:\Users\Lenovo\OneDrive\Desktop\managment system\venv\Lib\site-packages\starlette\_exception_handler.py", line 42, in wrapped_app
    await app(scope, receive, sender)
  File "C:\Users\Lenovo\OneDrive\Desktop\managment system\venv\Lib\site-packages\fastapi\routing.py", line 120, in app
    response = await f(request)
               ^^^^^^^^^^^^^^^^
  File "C:\Users\Lenovo\OneDrive\Desktop\managment system\venv\Lib\site-packages\fastapi\routing.py", line 674, in app
    raw_response = await run_endpoint_function(
                   ^^^^^^^^^^^^^^^^^^^^^^^^^^^^
    ...<3 lines>...
    )
    ^
  File "C:\Users\Lenovo\OneDrive\Desktop\managment system\venv\Lib\site-packages\fastapi\routing.py", line 330, in run_endpoint_function
    return await run_in_threadpool(dependant.call, **values)
           ^^^^^^^^^^^^^^^^^^^^^^^^^^^^^^^^^^^^^^^^^^^^^^^^^
  File "C:\Users\Lenovo\OneDrive\Desktop\managment system\venv\Lib\site-packages\starlette\concurrency.py", line 32, in run_in_threadpool
    return await anyio.to_thread.run_sync(func)
           ^^^^^^^^^^^^^^^^^^^^^^^^^^^^^^^^^^^^
  File "C:\Users\Lenovo\OneDrive\Desktop\managment system\venv\Lib\site-packages\anyio\to_thread.py", line 63, in run_sync
    return await get_async_backend().run_sync_in_worker_thread(
           ^^^^^^^^^^^^^^^^^^^^^^^^^^^^^^^^^^^^^^^^^^^^^^^^^^^^
        func, args, abandon_on_cancel=abandon_on_cancel, limiter=limiter
        ^^^^^^^^^^^^^^^^^^^^^^^^^^^^^^^^^^^^^^^^^^^^^^^^^^^^^^^^^^^^^^^^
    )
    ^
  File "C:\Users\Lenovo\OneDrive\Desktop\managment system\venv\Lib\site-packages\anyio\_backends\_asyncio.py", line 2518, in run_sync_in_worker_thread
    return await future
           ^^^^^^^^^^^^
  File "C:\Users\Lenovo\OneDrive\Desktop\managment system\venv\Lib\site-packages\anyio\_backends\_asyncio.py", line 1002, in run
    result = context.run(func, *args)
  File "C:\Users\Lenovo\OneDrive\Desktop\managment system\app\api.py", line 404, in get_student
    student = service.get_student(student_id)
  File "C:\Users\Lenovo\OneDrive\Desktop\managment system\services\student_service.py", line 215, in get_student
    raise ValueError("Student not found")
ValueError: Student not found
2026-05-26 17:44:15,539 - INFO - Request Started | Method=GET Path=/students/ai-insights/01
2026-05-26 17:44:15,540 - INFO - Request Completed | Method=GET Path=/students/ai-insights/01 Status=404 Time=0.0005s
2026-05-26 17:44:29,648 - INFO - Request Started | Method=GET Path=/students/dashboard
2026-05-26 17:44:29,652 - INFO - Request Completed | Method=GET Path=/students/dashboard Status=200 Time=0.0039s
2026-05-26 17:44:29,675 - INFO - Request Started | Method=GET Path=/students/
2026-05-26 17:44:29,676 - INFO - Request Completed | Method=GET Path=/students/ Status=307 Time=0.0005s
2026-05-26 17:44:29,678 - INFO - Request Started | Method=GET Path=/students
2026-05-26 17:44:29,684 - INFO - Request Completed | Method=GET Path=/students Status=200 Time=0.0051s
2026-05-26 17:45:30,856 - INFO - Request Started | Method=POST Path=/students/
2026-05-26 17:45:30,857 - INFO - Request Completed | Method=POST Path=/students/ Status=307 Time=0.0008s
2026-05-26 17:45:30,860 - INFO - Request Started | Method=POST Path=/students
2026-05-26 17:45:30,876 - INFO - Request Completed | Method=POST Path=/students Status=422 Time=0.0164s
2026-05-26 17:45:48,880 - INFO - Request Started | Method=GET Path=/students/
2026-05-26 17:45:48,882 - INFO - Request Completed | Method=GET Path=/students/ Status=307 Time=0.0014s
2026-05-26 17:45:48,888 - INFO - Request Started | Method=GET Path=/students
2026-05-26 17:45:48,894 - INFO - Request Completed | Method=GET Path=/students Status=200 Time=0.0061s
2026-05-26 17:46:09,500 - INFO - Request Started | Method=GET Path=/students/
2026-05-26 17:46:09,500 - INFO - Request Completed | Method=GET Path=/students/ Status=307 Time=0.0007s
2026-05-26 17:46:09,503 - INFO - Request Started | Method=GET Path=/students
2026-05-26 17:46:09,508 - INFO - Request Completed | Method=GET Path=/students Status=200 Time=0.0049s
2026-05-26 17:46:20,197 - INFO - Request Started | Method=GET Path=/students/rankings
2026-05-26 17:46:20,201 - ERROR - Request Failed | Method=GET Path=/students/rankings Time=0.0040s Error=Student not found
Traceback (most recent call last):
  File "C:\Users\Lenovo\OneDrive\Desktop\managment system\middleware\logging_middleware.py", line 24, in dispatch
    response = await call_next(request)
               ^^^^^^^^^^^^^^^^^^^^^^^^
  File "C:\Users\Lenovo\OneDrive\Desktop\managment system\venv\Lib\site-packages\starlette\middleware\base.py", line 168, in call_next
    raise app_exc from app_exc.__cause__ or app_exc.__context__
  File "C:\Users\Lenovo\OneDrive\Desktop\managment system\venv\Lib\site-packages\starlette\middleware\base.py", line 144, in coro
    await self.app(scope, receive_or_disconnect, send_no_error)
  File "C:\Users\Lenovo\OneDrive\Desktop\managment system\venv\Lib\site-packages\starlette\middleware\exceptions.py", line 63, in __call__
    await wrap_app_handling_exceptions(self.app, conn)(scope, receive, send)
  File "C:\Users\Lenovo\OneDrive\Desktop\managment system\venv\Lib\site-packages\starlette\_exception_handler.py", line 53, in wrapped_app
    raise exc
  File "C:\Users\Lenovo\OneDrive\Desktop\managment system\venv\Lib\site-packages\starlette\_exception_handler.py", line 42, in wrapped_app
    await app(scope, receive, sender)
  File "C:\Users\Lenovo\OneDrive\Desktop\managment system\venv\Lib\site-packages\fastapi\middleware\asyncexitstack.py", line 18, in __call__
    await self.app(scope, receive, send)
  File "C:\Users\Lenovo\OneDrive\Desktop\managment system\venv\Lib\site-packages\starlette\routing.py", line 660, in __call__
    await self.middleware_stack(scope, receive, send)
  File "C:\Users\Lenovo\OneDrive\Desktop\managment system\venv\Lib\site-packages\starlette\routing.py", line 680, in app
    await route.handle(scope, receive, send)
  File "C:\Users\Lenovo\OneDrive\Desktop\managment system\venv\Lib\site-packages\starlette\routing.py", line 276, in handle
    await self.app(scope, receive, send)
  File "C:\Users\Lenovo\OneDrive\Desktop\managment system\venv\Lib\site-packages\fastapi\routing.py", line 134, in app
    await wrap_app_handling_exceptions(app, request)(scope, receive, send)
  File "C:\Users\Lenovo\OneDrive\Desktop\managment system\venv\Lib\site-packages\starlette\_exception_handler.py", line 53, in wrapped_app
    raise exc
  File "C:\Users\Lenovo\OneDrive\Desktop\managment system\venv\Lib\site-packages\starlette\_exception_handler.py", line 42, in wrapped_app
    await app(scope, receive, sender)
  File "C:\Users\Lenovo\OneDrive\Desktop\managment system\venv\Lib\site-packages\fastapi\routing.py", line 120, in app
    response = await f(request)
               ^^^^^^^^^^^^^^^^
  File "C:\Users\Lenovo\OneDrive\Desktop\managment system\venv\Lib\site-packages\fastapi\routing.py", line 674, in app
    raw_response = await run_endpoint_function(
                   ^^^^^^^^^^^^^^^^^^^^^^^^^^^^
    ...<3 lines>...
    )
    ^
  File "C:\Users\Lenovo\OneDrive\Desktop\managment system\venv\Lib\site-packages\fastapi\routing.py", line 330, in run_endpoint_function
    return await run_in_threadpool(dependant.call, **values)
           ^^^^^^^^^^^^^^^^^^^^^^^^^^^^^^^^^^^^^^^^^^^^^^^^^
  File "C:\Users\Lenovo\OneDrive\Desktop\managment system\venv\Lib\site-packages\starlette\concurrency.py", line 32, in run_in_threadpool
    return await anyio.to_thread.run_sync(func)
           ^^^^^^^^^^^^^^^^^^^^^^^^^^^^^^^^^^^^
  File "C:\Users\Lenovo\OneDrive\Desktop\managment system\venv\Lib\site-packages\anyio\to_thread.py", line 63, in run_sync
    return await get_async_backend().run_sync_in_worker_thread(
           ^^^^^^^^^^^^^^^^^^^^^^^^^^^^^^^^^^^^^^^^^^^^^^^^^^^^
        func, args, abandon_on_cancel=abandon_on_cancel, limiter=limiter
        ^^^^^^^^^^^^^^^^^^^^^^^^^^^^^^^^^^^^^^^^^^^^^^^^^^^^^^^^^^^^^^^^
    )
    ^
  File "C:\Users\Lenovo\OneDrive\Desktop\managment system\venv\Lib\site-packages\anyio\_backends\_asyncio.py", line 2518, in run_sync_in_worker_thread
    return await future
           ^^^^^^^^^^^^
  File "C:\Users\Lenovo\OneDrive\Desktop\managment system\venv\Lib\site-packages\anyio\_backends\_asyncio.py", line 1002, in run
    result = context.run(func, *args)
  File "C:\Users\Lenovo\OneDrive\Desktop\managment system\app\api.py", line 404, in get_student
    student = service.get_student(student_id)
  File "C:\Users\Lenovo\OneDrive\Desktop\managment system\services\student_service.py", line 215, in get_student
    raise ValueError("Student not found")
ValueError: Student not found
2026-05-26 17:46:20,203 - ERROR - Student not found
  + Exception Group Traceback (most recent call last):
  |   File "C:\Users\Lenovo\OneDrive\Desktop\managment system\venv\Lib\site-packages\starlette\_utils.py", line 81, in collapse_excgroups
  |     yield
  |   File "C:\Users\Lenovo\OneDrive\Desktop\managment system\venv\Lib\site-packages\starlette\middleware\base.py", line 192, in __call__
  |     async with anyio.create_task_group() as task_group:
  |                ~~~~~~~~~~~~~~~~~~~~~~~^^
  |   File "C:\Users\Lenovo\OneDrive\Desktop\managment system\venv\Lib\site-packages\anyio\_backends\_asyncio.py", line 799, in __aexit__
  |     raise BaseExceptionGroup(
  |         "unhandled errors in a TaskGroup", self._exceptions
  |     ) from None
  | ExceptionGroup: unhandled errors in a TaskGroup (1 sub-exception)
  +-+---------------- 1 ----------------
    | Traceback (most recent call last):
    |   File "C:\Users\Lenovo\OneDrive\Desktop\managment system\venv\Lib\site-packages\starlette\middleware\errors.py", line 164, in __call__
    |     await self.app(scope, receive, _send)
    |   File "C:\Users\Lenovo\OneDrive\Desktop\managment system\venv\Lib\site-packages\starlette\middleware\base.py", line 191, in __call__
    |     with recv_stream, send_stream, collapse_excgroups():
    |                                    ~~~~~~~~~~~~~~~~~~^^
    |   File "C:\Python313\Lib\contextlib.py", line 162, in __exit__
    |     self.gen.throw(value)
    |     ~~~~~~~~~~~~~~^^^^^^^
    |   File "C:\Users\Lenovo\OneDrive\Desktop\managment system\venv\Lib\site-packages\starlette\_utils.py", line 87, in collapse_excgroups
    |     raise exc
    |   File "C:\Users\Lenovo\OneDrive\Desktop\managment system\venv\Lib\site-packages\starlette\middleware\base.py", line 193, in __call__
    |     response = await self.dispatch_func(request, call_next)
    |                ^^^^^^^^^^^^^^^^^^^^^^^^^^^^^^^^^^^^^^^^^^^^
    |   File "C:\Users\Lenovo\OneDrive\Desktop\managment system\middleware\rate_limit.py", line 52, in dispatch
    |     response = await call_next(request)
    |                ^^^^^^^^^^^^^^^^^^^^^^^^
    |   File "C:\Users\Lenovo\OneDrive\Desktop\managment system\venv\Lib\site-packages\starlette\middleware\base.py", line 168, in call_next
    |     raise app_exc from app_exc.__cause__ or app_exc.__context__
    |   File "C:\Users\Lenovo\OneDrive\Desktop\managment system\venv\Lib\site-packages\starlette\middleware\base.py", line 144, in coro
    |     await self.app(scope, receive_or_disconnect, send_no_error)
    |   File "C:\Users\Lenovo\OneDrive\Desktop\managment system\venv\Lib\site-packages\starlette\middleware\base.py", line 191, in __call__
    |     with recv_stream, send_stream, collapse_excgroups():
    |                                    ~~~~~~~~~~~~~~~~~~^^
    |   File "C:\Python313\Lib\contextlib.py", line 162, in __exit__
    |     self.gen.throw(value)
    |     ~~~~~~~~~~~~~~^^^^^^^
    |   File "C:\Users\Lenovo\OneDrive\Desktop\managment system\venv\Lib\site-packages\starlette\_utils.py", line 87, in collapse_excgroups
    |     raise exc
    |   File "C:\Users\Lenovo\OneDrive\Desktop\managment system\venv\Lib\site-packages\starlette\middleware\base.py", line 193, in __call__
    |     response = await self.dispatch_func(request, call_next)
    |                ^^^^^^^^^^^^^^^^^^^^^^^^^^^^^^^^^^^^^^^^^^^^
    |   File "C:\Users\Lenovo\OneDrive\Desktop\managment system\middleware\logging_middleware.py", line 24, in dispatch
    |     response = await call_next(request)
    |                ^^^^^^^^^^^^^^^^^^^^^^^^
    |   File "C:\Users\Lenovo\OneDrive\Desktop\managment system\venv\Lib\site-packages\starlette\middleware\base.py", line 168, in call_next
    |     raise app_exc from app_exc.__cause__ or app_exc.__context__
    |   File "C:\Users\Lenovo\OneDrive\Desktop\managment system\venv\Lib\site-packages\starlette\middleware\base.py", line 144, in coro
    |     await self.app(scope, receive_or_disconnect, send_no_error)
    |   File "C:\Users\Lenovo\OneDrive\Desktop\managment system\venv\Lib\site-packages\starlette\middleware\exceptions.py", line 63, in __call__
    |     await wrap_app_handling_exceptions(self.app, conn)(scope, receive, send)
    |   File "C:\Users\Lenovo\OneDrive\Desktop\managment system\venv\Lib\site-packages\starlette\_exception_handler.py", line 53, in wrapped_app
    |     raise exc
    |   File "C:\Users\Lenovo\OneDrive\Desktop\managment system\venv\Lib\site-packages\starlette\_exception_handler.py", line 42, in wrapped_app
    |     await app(scope, receive, sender)
    |   File "C:\Users\Lenovo\OneDrive\Desktop\managment system\venv\Lib\site-packages\fastapi\middleware\asyncexitstack.py", line 18, in __call__
    |     await self.app(scope, receive, send)
    |   File "C:\Users\Lenovo\OneDrive\Desktop\managment system\venv\Lib\site-packages\starlette\routing.py", line 660, in __call__
    |     await self.middleware_stack(scope, receive, send)
    |   File "C:\Users\Lenovo\OneDrive\Desktop\managment system\venv\Lib\site-packages\starlette\routing.py", line 680, in app
    |     await route.handle(scope, receive, send)
    |   File "C:\Users\Lenovo\OneDrive\Desktop\managment system\venv\Lib\site-packages\starlette\routing.py", line 276, in handle
    |     await self.app(scope, receive, send)
    |   File "C:\Users\Lenovo\OneDrive\Desktop\managment system\venv\Lib\site-packages\fastapi\routing.py", line 134, in app
    |     await wrap_app_handling_exceptions(app, request)(scope, receive, send)
    |   File "C:\Users\Lenovo\OneDrive\Desktop\managment system\venv\Lib\site-packages\starlette\_exception_handler.py", line 53, in wrapped_app
    |     raise exc
    |   File "C:\Users\Lenovo\OneDrive\Desktop\managment system\venv\Lib\site-packages\starlette\_exception_handler.py", line 42, in wrapped_app
    |     await app(scope, receive, sender)
    |   File "C:\Users\Lenovo\OneDrive\Desktop\managment system\venv\Lib\site-packages\fastapi\routing.py", line 120, in app
    |     response = await f(request)
    |                ^^^^^^^^^^^^^^^^
    |   File "C:\Users\Lenovo\OneDrive\Desktop\managment system\venv\Lib\site-packages\fastapi\routing.py", line 674, in app
    |     raw_response = await run_endpoint_function(
    |                    ^^^^^^^^^^^^^^^^^^^^^^^^^^^^
    |     ...<3 lines>...
    |     )
    |     ^
    |   File "C:\Users\Lenovo\OneDrive\Desktop\managment system\venv\Lib\site-packages\fastapi\routing.py", line 330, in run_endpoint_function
    |     return await run_in_threadpool(dependant.call, **values)
    |            ^^^^^^^^^^^^^^^^^^^^^^^^^^^^^^^^^^^^^^^^^^^^^^^^^
    |   File "C:\Users\Lenovo\OneDrive\Desktop\managment system\venv\Lib\site-packages\starlette\concurrency.py", line 32, in run_in_threadpool
    |     return await anyio.to_thread.run_sync(func)
    |            ^^^^^^^^^^^^^^^^^^^^^^^^^^^^^^^^^^^^
    |   File "C:\Users\Lenovo\OneDrive\Desktop\managment system\venv\Lib\site-packages\anyio\to_thread.py", line 63, in run_sync
    |     return await get_async_backend().run_sync_in_worker_thread(
    |            ^^^^^^^^^^^^^^^^^^^^^^^^^^^^^^^^^^^^^^^^^^^^^^^^^^^^
    |         func, args, abandon_on_cancel=abandon_on_cancel, limiter=limiter
    |         ^^^^^^^^^^^^^^^^^^^^^^^^^^^^^^^^^^^^^^^^^^^^^^^^^^^^^^^^^^^^^^^^
    |     )
    |     ^
    |   File "C:\Users\Lenovo\OneDrive\Desktop\managment system\venv\Lib\site-packages\anyio\_backends\_asyncio.py", line 2518, in run_sync_in_worker_thread
    |     return await future
    |            ^^^^^^^^^^^^
    |   File "C:\Users\Lenovo\OneDrive\Desktop\managment system\venv\Lib\site-packages\anyio\_backends\_asyncio.py", line 1002, in run
    |     result = context.run(func, *args)
    |   File "C:\Users\Lenovo\OneDrive\Desktop\managment system\app\api.py", line 404, in get_student
    |     student = service.get_student(student_id)
    |   File "C:\Users\Lenovo\OneDrive\Desktop\managment system\services\student_service.py", line 215, in get_student
    |     raise ValueError("Student not found")
    | ValueError: Student not found
    +------------------------------------

The above exception was the direct cause of the following exception:

Traceback (most recent call last):
  File "C:\Users\Lenovo\OneDrive\Desktop\managment system\venv\Lib\site-packages\starlette\middleware\errors.py", line 164, in __call__
    await self.app(scope, receive, _send)
  File "C:\Users\Lenovo\OneDrive\Desktop\managment system\venv\Lib\site-packages\starlette\middleware\base.py", line 191, in __call__
    with recv_stream, send_stream, collapse_excgroups():
                                   ~~~~~~~~~~~~~~~~~~^^
  File "C:\Python313\Lib\contextlib.py", line 162, in __exit__
    self.gen.throw(value)
    ~~~~~~~~~~~~~~^^^^^^^
  File "C:\Users\Lenovo\OneDrive\Desktop\managment system\venv\Lib\site-packages\starlette\_utils.py", line 87, in collapse_excgroups
    raise exc
  File "C:\Users\Lenovo\OneDrive\Desktop\managment system\venv\Lib\site-packages\starlette\middleware\base.py", line 193, in __call__
    response = await self.dispatch_func(request, call_next)
               ^^^^^^^^^^^^^^^^^^^^^^^^^^^^^^^^^^^^^^^^^^^^
  File "C:\Users\Lenovo\OneDrive\Desktop\managment system\middleware\rate_limit.py", line 52, in dispatch
    response = await call_next(request)
               ^^^^^^^^^^^^^^^^^^^^^^^^
  File "C:\Users\Lenovo\OneDrive\Desktop\managment system\venv\Lib\site-packages\starlette\middleware\base.py", line 168, in call_next
    raise app_exc from app_exc.__cause__ or app_exc.__context__
  File "C:\Users\Lenovo\OneDrive\Desktop\managment system\venv\Lib\site-packages\starlette\middleware\base.py", line 144, in coro
    await self.app(scope, receive_or_disconnect, send_no_error)
  File "C:\Users\Lenovo\OneDrive\Desktop\managment system\venv\Lib\site-packages\starlette\middleware\base.py", line 191, in __call__
    with recv_stream, send_stream, collapse_excgroups():
                                   ~~~~~~~~~~~~~~~~~~^^
  File "C:\Python313\Lib\contextlib.py", line 162, in __exit__
    self.gen.throw(value)
    ~~~~~~~~~~~~~~^^^^^^^
  File "C:\Users\Lenovo\OneDrive\Desktop\managment system\venv\Lib\site-packages\starlette\_utils.py", line 87, in collapse_excgroups
    raise exc
  File "C:\Users\Lenovo\OneDrive\Desktop\managment system\venv\Lib\site-packages\starlette\middleware\base.py", line 193, in __call__
    response = await self.dispatch_func(request, call_next)
               ^^^^^^^^^^^^^^^^^^^^^^^^^^^^^^^^^^^^^^^^^^^^
  File "C:\Users\Lenovo\OneDrive\Desktop\managment system\middleware\logging_middleware.py", line 24, in dispatch
    response = await call_next(request)
               ^^^^^^^^^^^^^^^^^^^^^^^^
  File "C:\Users\Lenovo\OneDrive\Desktop\managment system\venv\Lib\site-packages\starlette\middleware\base.py", line 168, in call_next
    raise app_exc from app_exc.__cause__ or app_exc.__context__
  File "C:\Users\Lenovo\OneDrive\Desktop\managment system\venv\Lib\site-packages\starlette\middleware\base.py", line 144, in coro
    await self.app(scope, receive_or_disconnect, send_no_error)
  File "C:\Users\Lenovo\OneDrive\Desktop\managment system\venv\Lib\site-packages\starlette\middleware\exceptions.py", line 63, in __call__
    await wrap_app_handling_exceptions(self.app, conn)(scope, receive, send)
  File "C:\Users\Lenovo\OneDrive\Desktop\managment system\venv\Lib\site-packages\starlette\_exception_handler.py", line 53, in wrapped_app
    raise exc
  File "C:\Users\Lenovo\OneDrive\Desktop\managment system\venv\Lib\site-packages\starlette\_exception_handler.py", line 42, in wrapped_app
    await app(scope, receive, sender)
  File "C:\Users\Lenovo\OneDrive\Desktop\managment system\venv\Lib\site-packages\fastapi\middleware\asyncexitstack.py", line 18, in __call__
    await self.app(scope, receive, send)
  File "C:\Users\Lenovo\OneDrive\Desktop\managment system\venv\Lib\site-packages\starlette\routing.py", line 660, in __call__
    await self.middleware_stack(scope, receive, send)
  File "C:\Users\Lenovo\OneDrive\Desktop\managment system\venv\Lib\site-packages\starlette\routing.py", line 680, in app
    await route.handle(scope, receive, send)
  File "C:\Users\Lenovo\OneDrive\Desktop\managment system\venv\Lib\site-packages\starlette\routing.py", line 276, in handle
    await self.app(scope, receive, send)
  File "C:\Users\Lenovo\OneDrive\Desktop\managment system\venv\Lib\site-packages\fastapi\routing.py", line 134, in app
    await wrap_app_handling_exceptions(app, request)(scope, receive, send)
  File "C:\Users\Lenovo\OneDrive\Desktop\managment system\venv\Lib\site-packages\starlette\_exception_handler.py", line 53, in wrapped_app
    raise exc
  File "C:\Users\Lenovo\OneDrive\Desktop\managment system\venv\Lib\site-packages\starlette\_exception_handler.py", line 42, in wrapped_app
    await app(scope, receive, sender)
  File "C:\Users\Lenovo\OneDrive\Desktop\managment system\venv\Lib\site-packages\fastapi\routing.py", line 120, in app
    response = await f(request)
               ^^^^^^^^^^^^^^^^
  File "C:\Users\Lenovo\OneDrive\Desktop\managment system\venv\Lib\site-packages\fastapi\routing.py", line 674, in app
    raw_response = await run_endpoint_function(
                   ^^^^^^^^^^^^^^^^^^^^^^^^^^^^
    ...<3 lines>...
    )
    ^
  File "C:\Users\Lenovo\OneDrive\Desktop\managment system\venv\Lib\site-packages\fastapi\routing.py", line 330, in run_endpoint_function
    return await run_in_threadpool(dependant.call, **values)
           ^^^^^^^^^^^^^^^^^^^^^^^^^^^^^^^^^^^^^^^^^^^^^^^^^
  File "C:\Users\Lenovo\OneDrive\Desktop\managment system\venv\Lib\site-packages\starlette\concurrency.py", line 32, in run_in_threadpool
    return await anyio.to_thread.run_sync(func)
           ^^^^^^^^^^^^^^^^^^^^^^^^^^^^^^^^^^^^
  File "C:\Users\Lenovo\OneDrive\Desktop\managment system\venv\Lib\site-packages\anyio\to_thread.py", line 63, in run_sync
    return await get_async_backend().run_sync_in_worker_thread(
           ^^^^^^^^^^^^^^^^^^^^^^^^^^^^^^^^^^^^^^^^^^^^^^^^^^^^
        func, args, abandon_on_cancel=abandon_on_cancel, limiter=limiter
        ^^^^^^^^^^^^^^^^^^^^^^^^^^^^^^^^^^^^^^^^^^^^^^^^^^^^^^^^^^^^^^^^
    )
    ^
  File "C:\Users\Lenovo\OneDrive\Desktop\managment system\venv\Lib\site-packages\anyio\_backends\_asyncio.py", line 2518, in run_sync_in_worker_thread
    return await future
           ^^^^^^^^^^^^
  File "C:\Users\Lenovo\OneDrive\Desktop\managment system\venv\Lib\site-packages\anyio\_backends\_asyncio.py", line 1002, in run
    result = context.run(func, *args)
  File "C:\Users\Lenovo\OneDrive\Desktop\managment system\app\api.py", line 404, in get_student
    student = service.get_student(student_id)
  File "C:\Users\Lenovo\OneDrive\Desktop\managment system\services\student_service.py", line 215, in get_student
    raise ValueError("Student not found")
ValueError: Student not found
2026-05-26 17:46:35,481 - INFO - Request Started | Method=GET Path=/students/ai-insights/01
2026-05-26 17:46:35,482 - INFO - Request Completed | Method=GET Path=/students/ai-insights/01 Status=404 Time=0.0006s
2026-05-26 17:57:40,782 - INFO - Request Started | Method=GET Path=/students/dashboard
2026-05-26 17:57:40,814 - INFO - Request Completed | Method=GET Path=/students/dashboard Status=200 Time=0.0322s
2026-05-26 17:57:40,948 - INFO - Request Started | Method=GET Path=/students/
2026-05-26 17:57:40,949 - INFO - Request Completed | Method=GET Path=/students/ Status=307 Time=0.0007s
2026-05-26 17:57:40,951 - INFO - Request Started | Method=GET Path=/students
2026-05-26 17:57:40,971 - INFO - Request Completed | Method=GET Path=/students Status=200 Time=0.0200s
2026-05-26 17:57:49,581 - INFO - Request Started | Method=GET Path=/students/
2026-05-26 17:57:49,581 - INFO - Request Completed | Method=GET Path=/students/ Status=307 Time=0.0004s
2026-05-26 17:57:49,583 - INFO - Request Started | Method=GET Path=/students
2026-05-26 17:57:49,586 - INFO - Request Completed | Method=GET Path=/students Status=200 Time=0.0031s
2026-05-26 17:58:01,210 - INFO - Request Started | Method=GET Path=/students/dashboard
2026-05-26 17:58:01,213 - INFO - Request Completed | Method=GET Path=/students/dashboard Status=200 Time=0.0030s
2026-05-26 17:58:01,235 - INFO - Request Started | Method=GET Path=/students/
2026-05-26 17:58:01,235 - INFO - Request Completed | Method=GET Path=/students/ Status=307 Time=0.0004s
2026-05-26 17:58:01,237 - INFO - Request Started | Method=GET Path=/students
2026-05-26 17:58:01,243 - INFO - Request Completed | Method=GET Path=/students Status=200 Time=0.0057s
2026-05-26 17:58:09,960 - INFO - Request Started | Method=GET Path=/students/dashboard
2026-05-26 17:58:09,964 - INFO - Request Completed | Method=GET Path=/students/dashboard Status=200 Time=0.0041s
2026-05-26 17:58:09,990 - INFO - Request Started | Method=GET Path=/students/
2026-05-26 17:58:09,990 - INFO - Request Completed | Method=GET Path=/students/ Status=307 Time=0.0004s
2026-05-26 17:58:09,993 - INFO - Request Started | Method=GET Path=/students
2026-05-26 17:58:10,003 - INFO - Request Completed | Method=GET Path=/students Status=200 Time=0.0094s
2026-05-26 17:58:13,015 - INFO - Request Started | Method=GET Path=/students/rank-list
2026-05-26 17:58:13,029 - INFO - Request Completed | Method=GET Path=/students/rank-list Status=200 Time=0.0142s
2026-05-26 17:58:23,264 - INFO - Request Started | Method=GET Path=/students/
2026-05-26 17:58:23,264 - INFO - Request Completed | Method=GET Path=/students/ Status=307 Time=0.0005s
2026-05-26 17:58:23,266 - INFO - Request Started | Method=GET Path=/students
2026-05-26 17:58:23,270 - INFO - Request Completed | Method=GET Path=/students Status=200 Time=0.0037s
2026-05-26 17:58:26,268 - INFO - Request Started | Method=GET Path=/students/
2026-05-26 17:58:26,268 - INFO - Request Completed | Method=GET Path=/students/ Status=307 Time=0.0004s
2026-05-26 17:58:26,270 - INFO - Request Started | Method=GET Path=/students
2026-05-26 17:58:26,275 - INFO - Request Completed | Method=GET Path=/students Status=200 Time=0.0047s
2026-05-26 17:58:26,281 - INFO - Request Started | Method=DELETE Path=/students/01
2026-05-26 17:58:26,308 - INFO - Student deleted: 01
2026-05-26 17:58:26,309 - INFO - Request Completed | Method=DELETE Path=/students/01 Status=200 Time=0.0283s
2026-05-26 17:58:26,379 - INFO - Request Started | Method=GET Path=/students/
2026-05-26 17:58:26,380 - INFO - Request Completed | Method=GET Path=/students/ Status=307 Time=0.0006s
2026-05-26 17:58:26,383 - INFO - Request Started | Method=GET Path=/students
2026-05-26 17:58:26,387 - INFO - Request Completed | Method=GET Path=/students Status=200 Time=0.0047s
2026-05-26 17:58:28,301 - INFO - Request Started | Method=GET Path=/students/
2026-05-26 17:58:28,301 - INFO - Request Completed | Method=GET Path=/students/ Status=307 Time=0.0005s
2026-05-26 17:58:28,303 - INFO - Request Started | Method=GET Path=/students
2026-05-26 17:58:28,310 - INFO - Request Completed | Method=GET Path=/students Status=200 Time=0.0070s
2026-05-26 17:58:28,317 - INFO - Request Started | Method=DELETE Path=/students/02
2026-05-26 17:58:28,338 - INFO - Student deleted: 02
2026-05-26 17:58:28,339 - INFO - Request Completed | Method=DELETE Path=/students/02 Status=200 Time=0.0227s
2026-05-26 17:58:28,408 - INFO - Request Started | Method=GET Path=/students/
2026-05-26 17:58:28,409 - INFO - Request Completed | Method=GET Path=/students/ Status=307 Time=0.0004s
2026-05-26 17:58:28,411 - INFO - Request Started | Method=GET Path=/students
2026-05-26 17:58:28,414 - INFO - Request Completed | Method=GET Path=/students Status=200 Time=0.0033s
2026-05-26 17:58:30,339 - INFO - Request Started | Method=GET Path=/students/
2026-05-26 17:58:30,340 - INFO - Request Completed | Method=GET Path=/students/ Status=307 Time=0.0007s
2026-05-26 17:58:30,344 - INFO - Request Started | Method=GET Path=/students
2026-05-26 17:58:30,347 - INFO - Request Completed | Method=GET Path=/students Status=200 Time=0.0036s
2026-05-26 17:58:30,359 - INFO - Request Started | Method=DELETE Path=/students/03
2026-05-26 17:58:30,370 - INFO - Student deleted: 03
2026-05-26 17:58:30,371 - INFO - Request Completed | Method=DELETE Path=/students/03 Status=200 Time=0.0123s
2026-05-26 17:58:30,431 - INFO - Request Started | Method=GET Path=/students/
2026-05-26 17:58:30,431 - INFO - Request Completed | Method=GET Path=/students/ Status=307 Time=0.0005s
2026-05-26 17:58:30,433 - INFO - Request Started | Method=GET Path=/students
2026-05-26 17:58:30,439 - INFO - Request Completed | Method=GET Path=/students Status=200 Time=0.0059s
2026-05-26 17:59:05,930 - INFO - Request Started | Method=POST Path=/students
2026-05-26 17:59:05,944 - INFO - Request Completed | Method=POST Path=/students Status=422 Time=0.0148s
2026-05-26 17:59:11,034 - INFO - Request Started | Method=POST Path=/students
2026-05-26 17:59:11,037 - INFO - Request Completed | Method=POST Path=/students Status=422 Time=0.0029s
2026-05-26 18:03:51,628 - INFO - Request Started | Method=GET Path=/students/dashboard
2026-05-26 18:03:51,665 - INFO - Request Completed | Method=GET Path=/students/dashboard Status=200 Time=0.0373s
2026-05-26 18:04:30,666 - INFO - Request Started | Method=POST Path=/students
2026-05-26 18:04:30,690 - INFO - Student added: 01
2026-05-26 18:04:30,691 - INFO - Request Completed | Method=POST Path=/students Status=201 Time=0.0255s
2026-05-26 18:04:36,006 - INFO - Request Started | Method=GET Path=/students
2026-05-26 18:04:36,031 - INFO - Request Completed | Method=GET Path=/students Status=200 Time=0.0256s
2026-05-26 18:04:47,308 - INFO - Request Started | Method=GET Path=/students
2026-05-26 18:04:47,323 - INFO - Request Completed | Method=GET Path=/students Status=200 Time=0.0147s
2026-05-26 18:04:49,583 - INFO - Request Started | Method=GET Path=/students/rank-list
2026-05-26 18:04:49,592 - INFO - Request Completed | Method=GET Path=/students/rank-list Status=200 Time=0.0090s
2026-05-26 18:04:59,341 - INFO - Request Started | Method=GET Path=/students/01/insights
2026-05-26 18:05:08,797 - INFO - Request Completed | Method=GET Path=/students/01/insights Status=200 Time=9.4559s
2026-05-26 18:05:18,086 - INFO - Request Started | Method=GET Path=/students/dashboard
2026-05-26 18:05:18,090 - INFO - Request Completed | Method=GET Path=/students/dashboard Status=200 Time=0.0044s
2026-05-26 18:06:02,192 - INFO - Request Started | Method=POST Path=/students
2026-05-26 18:06:02,205 - INFO - Student added: 02
2026-05-26 18:06:02,207 - INFO - Request Completed | Method=POST Path=/students Status=201 Time=0.0151s
2026-05-26 18:06:30,041 - INFO - Request Started | Method=POST Path=/students
2026-05-26 18:06:30,055 - INFO - Student added: 03
2026-05-26 18:06:30,056 - INFO - Request Completed | Method=POST Path=/students Status=201 Time=0.0154s
2026-05-26 18:06:53,426 - INFO - Request Started | Method=POST Path=/students
2026-05-26 18:06:53,452 - INFO - Student added: 04
2026-05-26 18:06:53,453 - INFO - Request Completed | Method=POST Path=/students Status=201 Time=0.0269s
2026-05-26 18:06:56,107 - INFO - Request Started | Method=GET Path=/students/dashboard
2026-05-26 18:06:56,111 - INFO - Request Completed | Method=GET Path=/students/dashboard Status=200 Time=0.0042s
2026-05-26 18:07:05,752 - INFO - Request Started | Method=GET Path=/students
2026-05-26 18:07:05,758 - INFO - Request Completed | Method=GET Path=/students Status=200 Time=0.0060s
2026-05-26 18:07:19,409 - INFO - Request Started | Method=GET Path=/students
2026-05-26 18:07:19,422 - INFO - Request Completed | Method=GET Path=/students Status=200 Time=0.0131s
2026-05-26 18:07:23,134 - INFO - Request Started | Method=GET Path=/students/rank-list
2026-05-26 18:07:23,143 - INFO - Request Completed | Method=GET Path=/students/rank-list Status=200 Time=0.0092s
2026-05-26 18:07:38,883 - INFO - Request Started | Method=GET Path=/students/04/insights
2026-05-26 18:07:42,677 - INFO - Request Completed | Method=GET Path=/students/04/insights Status=200 Time=3.7945s
